[0.089s] DEBUG:colcon:Command line arguments: ['/usr/bin/colcon', 'build', '--base-paths', 'nav_ws_gazebo/src', '--packages-up-to', 'gac_nav2_bringup', 'gac_nav2_controller', 'gac_nav2_collision_monitor', 'gac_nav2_smoother', 'gac_nav2_planner', 'gac_nav2_behaviors', 'gac_nav2_bt_navigator', 'gac_nav2_waypoint_follower', 'gac_nav2_velocity_smoother', 'nav2_regulated_pure_pursuit_controller', 'dwb_core', 'dwb_critics', 'dwb_plugins', 'nav2_navfn_planner', 'nav2_fixed_path_route', '--allow-overriding', 'costmap_queue', 'dwb_core', 'dwb_msgs', 'dwb_plugins', 'nav2_lifecycle_manager', 'nav2_map_server', 'nav2_navfn_planner', 'nav2_regulated_pure_pursuit_controller', 'nav2_util', 'nav_2d_msgs', 'nav_2d_utils', '--symlink-install', '--parallel-workers', '4', '--cmake-args', '-DBUILD_TESTING=OFF', '-DCMAKE_C_COMPILER_LAUNCHER=ccache', '-DCMAKE_CXX_COMPILER_LAUNCHER=ccache']
[0.089s] DEBUG:colcon:Parsed command line arguments: Namespace(log_base=None, log_level=None, verb_name='build', build_base='build', install_base='install', merge_install=False, symlink_install=True, test_result_base=None, continue_on_error=False, executor='parallel', parallel_workers=4, event_handlers=None, ignore_user_meta=False, metas=['./colcon.meta'], base_paths=['nav_ws_gazebo/src'], packages_ignore=None, packages_ignore_regex=None, paths=None, packages_up_to=['gac_nav2_bringup', 'gac_nav2_controller', 'gac_nav2_collision_monitor', 'gac_nav2_smoother', 'gac_nav2_planner', 'gac_nav2_behaviors', 'gac_nav2_bt_navigator', 'gac_nav2_waypoint_follower', 'gac_nav2_velocity_smoother', 'nav2_regulated_pure_pursuit_controller', 'dwb_core', 'dwb_critics', 'dwb_plugins', 'nav2_navfn_planner', 'nav2_fixed_path_route'], packages_up_to_regex=None, packages_above=None, packages_above_and_dependencies=None, packages_above_depth=None, packages_select_by_dep=None, packages_skip_by_dep=None, packages_skip_up_to=None, packages_select_build_failed=False, packages_skip_build_finished=False, packages_select_test_failures=False, packages_skip_test_passed=False, packages_select=None, packages_skip=None, packages_select_regex=None, packages_skip_regex=None, packages_start=None, packages_end=None, allow_overriding=['costmap_queue', 'dwb_core', 'dwb_msgs', 'dwb_plugins', 'nav2_lifecycle_manager', 'nav2_map_server', 'nav2_navfn_planner', 'nav2_regulated_pure_pursuit_controller', 'nav2_util', 'nav_2d_msgs', 'nav_2d_utils'], cmake_args=['-DBUILD_TESTING=OFF', '-DCMAKE_C_COMPILER_LAUNCHER=ccache', '-DCMAKE_CXX_COMPILER_LAUNCHER=ccache'], cmake_target=None, cmake_target_skip_unavailable=False, cmake_clean_cache=False, cmake_clean_first=False, cmake_force_configure=False, ament_cmake_args=None, catkin_cmake_args=None, catkin_skip_building_tests=False, verb_parser=<colcon_defaults.argument_parser.defaults.DefaultArgumentsDecorator object at 0x710ba9887c10>, verb_extension=<colcon_core.verb.build.BuildVerb object at 0x710ba9887670>, main=<bound method BuildVerb.main of <colcon_core.verb.build.BuildVerb object at 0x710ba9887670>>)
[0.261s] Level 1:colcon.colcon_core.package_discovery:discover_packages(colcon_meta) check parameters
[0.261s] Level 1:colcon.colcon_core.package_discovery:discover_packages(recursive) check parameters
[0.261s] Level 1:colcon.colcon_core.package_discovery:discover_packages(ignore) check parameters
[0.261s] Level 1:colcon.colcon_core.package_discovery:discover_packages(path) check parameters
[0.261s] Level 1:colcon.colcon_core.package_discovery:discover_packages(recursive) discover
[0.261s] INFO:colcon.colcon_core.package_discovery:Crawling recursively for packages in '/home/zr/code/src/nav_ws_gazebo/src'
[0.261s] Level 1:colcon.colcon_core.package_identification:_identify(nav_ws_gazebo/src) by extensions ['ignore', 'ignore_ament_install']
[0.261s] Level 1:colcon.colcon_core.package_identification:_identify(nav_ws_gazebo/src) by extension 'ignore'
[0.262s] Level 1:colcon.colcon_core.package_identification:_identify(nav_ws_gazebo/src) by extension 'ignore_ament_install'
[0.262s] Level 1:colcon.colcon_core.package_identification:_identify(nav_ws_gazebo/src) by extensions ['colcon_pkg']
[0.262s] Level 1:colcon.colcon_core.package_identification:_identify(nav_ws_gazebo/src) by extension 'colcon_pkg'
[0.262s] Level 1:colcon.colcon_core.package_identification:_identify(nav_ws_gazebo/src) by extensions ['colcon_meta']
[0.262s] Level 1:colcon.colcon_core.package_identification:_identify(nav_ws_gazebo/src) by extension 'colcon_meta'
[0.262s] Level 1:colcon.colcon_core.package_identification:_identify(nav_ws_gazebo/src) by extensions ['ros']
[0.262s] Level 1:colcon.colcon_core.package_identification:_identify(nav_ws_gazebo/src) by extension 'ros'
[0.277s] Level 1:colcon.colcon_core.package_identification:_identify(nav_ws_gazebo/src) by extensions ['cmake', 'python']
[0.277s] Level 1:colcon.colcon_core.package_identification:_identify(nav_ws_gazebo/src) by extension 'cmake'
[0.277s] Level 1:colcon.colcon_core.package_identification:_identify(nav_ws_gazebo/src) by extension 'python'
[0.277s] Level 1:colcon.colcon_core.package_identification:_identify(nav_ws_gazebo/src) by extensions ['python_setup_py']
[0.277s] Level 1:colcon.colcon_core.package_identification:_identify(nav_ws_gazebo/src) by extension 'python_setup_py'
[0.277s] Level 1:colcon.colcon_core.package_identification:_identify(nav_ws_gazebo/src/gac_nav2_keepout_pkg) by extensions ['ignore', 'ignore_ament_install']
[0.277s] Level 1:colcon.colcon_core.package_identification:_identify(nav_ws_gazebo/src/gac_nav2_keepout_pkg) by extension 'ignore'
[0.277s] Level 1:colcon.colcon_core.package_identification:_identify(nav_ws_gazebo/src/gac_nav2_keepout_pkg) by extension 'ignore_ament_install'
[0.277s] Level 1:colcon.colcon_core.package_identification:_identify(nav_ws_gazebo/src/gac_nav2_keepout_pkg) by extensions ['colcon_pkg']
[0.277s] Level 1:colcon.colcon_core.package_identification:_identify(nav_ws_gazebo/src/gac_nav2_keepout_pkg) by extension 'colcon_pkg'
[0.278s] Level 1:colcon.colcon_core.package_identification:_identify(nav_ws_gazebo/src/gac_nav2_keepout_pkg) by extensions ['colcon_meta']
[0.278s] Level 1:colcon.colcon_core.package_identification:_identify(nav_ws_gazebo/src/gac_nav2_keepout_pkg) by extension 'colcon_meta'
[0.278s] Level 1:colcon.colcon_core.package_identification:_identify(nav_ws_gazebo/src/gac_nav2_keepout_pkg) by extensions ['ros']
[0.278s] Level 1:colcon.colcon_core.package_identification:_identify(nav_ws_gazebo/src/gac_nav2_keepout_pkg) by extension 'ros'
[0.279s] DEBUG:colcon.colcon_core.package_identification:Package 'nav_ws_gazebo/src/gac_nav2_keepout_pkg' with type 'ros.ament_cmake' and name 'nav2_keepout_pkg'
[0.280s] Level 1:colcon.colcon_core.package_identification:_identify(nav_ws_gazebo/src/gac_navigation2) by extensions ['ignore', 'ignore_ament_install']
[0.280s] Level 1:colcon.colcon_core.package_identification:_identify(nav_ws_gazebo/src/gac_navigation2) by extension 'ignore'
[0.280s] Level 1:colcon.colcon_core.package_identification:_identify(nav_ws_gazebo/src/gac_navigation2) by extension 'ignore_ament_install'
[0.280s] Level 1:colcon.colcon_core.package_identification:_identify(nav_ws_gazebo/src/gac_navigation2) by extensions ['colcon_pkg']
[0.280s] Level 1:colcon.colcon_core.package_identification:_identify(nav_ws_gazebo/src/gac_navigation2) by extension 'colcon_pkg'
[0.280s] Level 1:colcon.colcon_core.package_identification:_identify(nav_ws_gazebo/src/gac_navigation2) by extensions ['colcon_meta']
[0.280s] Level 1:colcon.colcon_core.package_identification:_identify(nav_ws_gazebo/src/gac_navigation2) by extension 'colcon_meta'
[0.280s] Level 1:colcon.colcon_core.package_identification:_identify(nav_ws_gazebo/src/gac_navigation2) by extensions ['ros']
[0.280s] Level 1:colcon.colcon_core.package_identification:_identify(nav_ws_gazebo/src/gac_navigation2) by extension 'ros'
[0.280s] Level 1:colcon.colcon_core.package_identification:_identify(nav_ws_gazebo/src/gac_navigation2) by extensions ['cmake', 'python']
[0.280s] Level 1:colcon.colcon_core.package_identification:_identify(nav_ws_gazebo/src/gac_navigation2) by extension 'cmake'
[0.280s] Level 1:colcon.colcon_core.package_identification:_identify(nav_ws_gazebo/src/gac_navigation2) by extension 'python'
[0.280s] Level 1:colcon.colcon_core.package_identification:_identify(nav_ws_gazebo/src/gac_navigation2) by extensions ['python_setup_py']
[0.280s] Level 1:colcon.colcon_core.package_identification:_identify(nav_ws_gazebo/src/gac_navigation2) by extension 'python_setup_py'
[0.280s] Level 1:colcon.colcon_core.package_identification:_identify(nav_ws_gazebo/src/gac_navigation2/gac_nav2_behavior_tree) by extensions ['ignore', 'ignore_ament_install']
[0.280s] Level 1:colcon.colcon_core.package_identification:_identify(nav_ws_gazebo/src/gac_navigation2/gac_nav2_behavior_tree) by extension 'ignore'
[0.280s] Level 1:colcon.colcon_core.package_identification:_identify(nav_ws_gazebo/src/gac_navigation2/gac_nav2_behavior_tree) by extension 'ignore_ament_install'
[0.280s] Level 1:colcon.colcon_core.package_identification:_identify(nav_ws_gazebo/src/gac_navigation2/gac_nav2_behavior_tree) by extensions ['colcon_pkg']
[0.280s] Level 1:colcon.colcon_core.package_identification:_identify(nav_ws_gazebo/src/gac_navigation2/gac_nav2_behavior_tree) by extension 'colcon_pkg'
[0.280s] Level 1:colcon.colcon_core.package_identification:_identify(nav_ws_gazebo/src/gac_navigation2/gac_nav2_behavior_tree) by extensions ['colcon_meta']
[0.280s] Level 1:colcon.colcon_core.package_identification:_identify(nav_ws_gazebo/src/gac_navigation2/gac_nav2_behavior_tree) by extension 'colcon_meta'
[0.280s] Level 1:colcon.colcon_core.package_identification:_identify(nav_ws_gazebo/src/gac_navigation2/gac_nav2_behavior_tree) by extensions ['ros']
[0.280s] Level 1:colcon.colcon_core.package_identification:_identify(nav_ws_gazebo/src/gac_navigation2/gac_nav2_behavior_tree) by extension 'ros'
[0.281s] DEBUG:colcon.colcon_core.package_identification:Package 'nav_ws_gazebo/src/gac_navigation2/gac_nav2_behavior_tree' with type 'ros.ament_cmake' and name 'gac_nav2_behavior_tree'
[0.281s] Level 1:colcon.colcon_core.package_identification:_identify(nav_ws_gazebo/src/gac_navigation2/gac_nav2_behaviors) by extensions ['ignore', 'ignore_ament_install']
[0.281s] Level 1:colcon.colcon_core.package_identification:_identify(nav_ws_gazebo/src/gac_navigation2/gac_nav2_behaviors) by extension 'ignore'
[0.281s] Level 1:colcon.colcon_core.package_identification:_identify(nav_ws_gazebo/src/gac_navigation2/gac_nav2_behaviors) by extension 'ignore_ament_install'
[0.281s] Level 1:colcon.colcon_core.package_identification:_identify(nav_ws_gazebo/src/gac_navigation2/gac_nav2_behaviors) by extensions ['colcon_pkg']
[0.281s] Level 1:colcon.colcon_core.package_identification:_identify(nav_ws_gazebo/src/gac_navigation2/gac_nav2_behaviors) by extension 'colcon_pkg'
[0.281s] Level 1:colcon.colcon_core.package_identification:_identify(nav_ws_gazebo/src/gac_navigation2/gac_nav2_behaviors) by extensions ['colcon_meta']
[0.281s] Level 1:colcon.colcon_core.package_identification:_identify(nav_ws_gazebo/src/gac_navigation2/gac_nav2_behaviors) by extension 'colcon_meta'
[0.281s] Level 1:colcon.colcon_core.package_identification:_identify(nav_ws_gazebo/src/gac_navigation2/gac_nav2_behaviors) by extensions ['ros']
[0.281s] Level 1:colcon.colcon_core.package_identification:_identify(nav_ws_gazebo/src/gac_navigation2/gac_nav2_behaviors) by extension 'ros'
[0.282s] DEBUG:colcon.colcon_core.package_identification:Package 'nav_ws_gazebo/src/gac_navigation2/gac_nav2_behaviors' with type 'ros.ament_cmake' and name 'gac_nav2_behaviors'
[0.282s] Level 1:colcon.colcon_core.package_identification:_identify(nav_ws_gazebo/src/gac_navigation2/gac_nav2_bringup) by extensions ['ignore', 'ignore_ament_install']
[0.282s] Level 1:colcon.colcon_core.package_identification:_identify(nav_ws_gazebo/src/gac_navigation2/gac_nav2_bringup) by extension 'ignore'
[0.282s] Level 1:colcon.colcon_core.package_identification:_identify(nav_ws_gazebo/src/gac_navigation2/gac_nav2_bringup) by extension 'ignore_ament_install'
[0.282s] Level 1:colcon.colcon_core.package_identification:_identify(nav_ws_gazebo/src/gac_navigation2/gac_nav2_bringup) by extensions ['colcon_pkg']
[0.282s] Level 1:colcon.colcon_core.package_identification:_identify(nav_ws_gazebo/src/gac_navigation2/gac_nav2_bringup) by extension 'colcon_pkg'
[0.282s] Level 1:colcon.colcon_core.package_identification:_identify(nav_ws_gazebo/src/gac_navigation2/gac_nav2_bringup) by extensions ['colcon_meta']
[0.282s] Level 1:colcon.colcon_core.package_identification:_identify(nav_ws_gazebo/src/gac_navigation2/gac_nav2_bringup) by extension 'colcon_meta'
[0.282s] Level 1:colcon.colcon_core.package_identification:_identify(nav_ws_gazebo/src/gac_navigation2/gac_nav2_bringup) by extensions ['ros']
[0.282s] Level 1:colcon.colcon_core.package_identification:_identify(nav_ws_gazebo/src/gac_navigation2/gac_nav2_bringup) by extension 'ros'
[0.283s] DEBUG:colcon.colcon_core.package_identification:Package 'nav_ws_gazebo/src/gac_navigation2/gac_nav2_bringup' with type 'ros.ament_cmake' and name 'gac_nav2_bringup'
[0.283s] Level 1:colcon.colcon_core.package_identification:_identify(nav_ws_gazebo/src/gac_navigation2/gac_nav2_bt_navigator) by extensions ['ignore', 'ignore_ament_install']
[0.283s] Level 1:colcon.colcon_core.package_identification:_identify(nav_ws_gazebo/src/gac_navigation2/gac_nav2_bt_navigator) by extension 'ignore'
[0.283s] Level 1:colcon.colcon_core.package_identification:_identify(nav_ws_gazebo/src/gac_navigation2/gac_nav2_bt_navigator) by extension 'ignore_ament_install'
[0.283s] Level 1:colcon.colcon_core.package_identification:_identify(nav_ws_gazebo/src/gac_navigation2/gac_nav2_bt_navigator) by extensions ['colcon_pkg']
[0.283s] Level 1:colcon.colcon_core.package_identification:_identify(nav_ws_gazebo/src/gac_navigation2/gac_nav2_bt_navigator) by extension 'colcon_pkg'
[0.283s] Level 1:colcon.colcon_core.package_identification:_identify(nav_ws_gazebo/src/gac_navigation2/gac_nav2_bt_navigator) by extensions ['colcon_meta']
[0.283s] Level 1:colcon.colcon_core.package_identification:_identify(nav_ws_gazebo/src/gac_navigation2/gac_nav2_bt_navigator) by extension 'colcon_meta'
[0.283s] Level 1:colcon.colcon_core.package_identification:_identify(nav_ws_gazebo/src/gac_navigation2/gac_nav2_bt_navigator) by extensions ['ros']
[0.283s] Level 1:colcon.colcon_core.package_identification:_identify(nav_ws_gazebo/src/gac_navigation2/gac_nav2_bt_navigator) by extension 'ros'
[0.284s] DEBUG:colcon.colcon_core.package_identification:Package 'nav_ws_gazebo/src/gac_navigation2/gac_nav2_bt_navigator' with type 'ros.ament_cmake' and name 'gac_nav2_bt_navigator'
[0.284s] Level 1:colcon.colcon_core.package_identification:_identify(nav_ws_gazebo/src/gac_navigation2/gac_nav2_collision_monitor) by extensions ['ignore', 'ignore_ament_install']
[0.284s] Level 1:colcon.colcon_core.package_identification:_identify(nav_ws_gazebo/src/gac_navigation2/gac_nav2_collision_monitor) by extension 'ignore'
[0.284s] Level 1:colcon.colcon_core.package_identification:_identify(nav_ws_gazebo/src/gac_navigation2/gac_nav2_collision_monitor) by extension 'ignore_ament_install'
[0.284s] Level 1:colcon.colcon_core.package_identification:_identify(nav_ws_gazebo/src/gac_navigation2/gac_nav2_collision_monitor) by extensions ['colcon_pkg']
[0.284s] Level 1:colcon.colcon_core.package_identification:_identify(nav_ws_gazebo/src/gac_navigation2/gac_nav2_collision_monitor) by extension 'colcon_pkg'
[0.284s] Level 1:colcon.colcon_core.package_identification:_identify(nav_ws_gazebo/src/gac_navigation2/gac_nav2_collision_monitor) by extensions ['colcon_meta']
[0.284s] Level 1:colcon.colcon_core.package_identification:_identify(nav_ws_gazebo/src/gac_navigation2/gac_nav2_collision_monitor) by extension 'colcon_meta'
[0.284s] Level 1:colcon.colcon_core.package_identification:_identify(nav_ws_gazebo/src/gac_navigation2/gac_nav2_collision_monitor) by extensions ['ros']
[0.284s] Level 1:colcon.colcon_core.package_identification:_identify(nav_ws_gazebo/src/gac_navigation2/gac_nav2_collision_monitor) by extension 'ros'
[0.285s] DEBUG:colcon.colcon_core.package_identification:Package 'nav_ws_gazebo/src/gac_navigation2/gac_nav2_collision_monitor' with type 'ros.ament_cmake' and name 'gac_nav2_collision_monitor'
[0.285s] Level 1:colcon.colcon_core.package_identification:_identify(nav_ws_gazebo/src/gac_navigation2/gac_nav2_controller) by extensions ['ignore', 'ignore_ament_install']
[0.285s] Level 1:colcon.colcon_core.package_identification:_identify(nav_ws_gazebo/src/gac_navigation2/gac_nav2_controller) by extension 'ignore'
[0.285s] Level 1:colcon.colcon_core.package_identification:_identify(nav_ws_gazebo/src/gac_navigation2/gac_nav2_controller) by extension 'ignore_ament_install'
[0.285s] Level 1:colcon.colcon_core.package_identification:_identify(nav_ws_gazebo/src/gac_navigation2/gac_nav2_controller) by extensions ['colcon_pkg']
[0.285s] Level 1:colcon.colcon_core.package_identification:_identify(nav_ws_gazebo/src/gac_navigation2/gac_nav2_controller) by extension 'colcon_pkg'
[0.285s] Level 1:colcon.colcon_core.package_identification:_identify(nav_ws_gazebo/src/gac_navigation2/gac_nav2_controller) by extensions ['colcon_meta']
[0.285s] Level 1:colcon.colcon_core.package_identification:_identify(nav_ws_gazebo/src/gac_navigation2/gac_nav2_controller) by extension 'colcon_meta'
[0.285s] Level 1:colcon.colcon_core.package_identification:_identify(nav_ws_gazebo/src/gac_navigation2/gac_nav2_controller) by extensions ['ros']
[0.285s] Level 1:colcon.colcon_core.package_identification:_identify(nav_ws_gazebo/src/gac_navigation2/gac_nav2_controller) by extension 'ros'
[0.286s] DEBUG:colcon.colcon_core.package_identification:Package 'nav_ws_gazebo/src/gac_navigation2/gac_nav2_controller' with type 'ros.ament_cmake' and name 'gac_nav2_controller'
[0.286s] Level 1:colcon.colcon_core.package_identification:_identify(nav_ws_gazebo/src/gac_navigation2/gac_nav2_core) by extensions ['ignore', 'ignore_ament_install']
[0.286s] Level 1:colcon.colcon_core.package_identification:_identify(nav_ws_gazebo/src/gac_navigation2/gac_nav2_core) by extension 'ignore'
[0.286s] Level 1:colcon.colcon_core.package_identification:_identify(nav_ws_gazebo/src/gac_navigation2/gac_nav2_core) by extension 'ignore_ament_install'
[0.286s] Level 1:colcon.colcon_core.package_identification:_identify(nav_ws_gazebo/src/gac_navigation2/gac_nav2_core) by extensions ['colcon_pkg']
[0.286s] Level 1:colcon.colcon_core.package_identification:_identify(nav_ws_gazebo/src/gac_navigation2/gac_nav2_core) by extension 'colcon_pkg'
[0.286s] Level 1:colcon.colcon_core.package_identification:_identify(nav_ws_gazebo/src/gac_navigation2/gac_nav2_core) by extensions ['colcon_meta']
[0.286s] Level 1:colcon.colcon_core.package_identification:_identify(nav_ws_gazebo/src/gac_navigation2/gac_nav2_core) by extension 'colcon_meta'
[0.286s] Level 1:colcon.colcon_core.package_identification:_identify(nav_ws_gazebo/src/gac_navigation2/gac_nav2_core) by extensions ['ros']
[0.286s] Level 1:colcon.colcon_core.package_identification:_identify(nav_ws_gazebo/src/gac_navigation2/gac_nav2_core) by extension 'ros'
[0.287s] DEBUG:colcon.colcon_core.package_identification:Package 'nav_ws_gazebo/src/gac_navigation2/gac_nav2_core' with type 'ros.ament_cmake' and name 'gac_nav2_core'
[0.287s] Level 1:colcon.colcon_core.package_identification:_identify(nav_ws_gazebo/src/gac_navigation2/gac_nav2_costmap_2d) by extensions ['ignore', 'ignore_ament_install']
[0.287s] Level 1:colcon.colcon_core.package_identification:_identify(nav_ws_gazebo/src/gac_navigation2/gac_nav2_costmap_2d) by extension 'ignore'
[0.287s] Level 1:colcon.colcon_core.package_identification:_identify(nav_ws_gazebo/src/gac_navigation2/gac_nav2_costmap_2d) by extension 'ignore_ament_install'
[0.287s] Level 1:colcon.colcon_core.package_identification:_identify(nav_ws_gazebo/src/gac_navigation2/gac_nav2_costmap_2d) by extensions ['colcon_pkg']
[0.287s] Level 1:colcon.colcon_core.package_identification:_identify(nav_ws_gazebo/src/gac_navigation2/gac_nav2_costmap_2d) by extension 'colcon_pkg'
[0.287s] Level 1:colcon.colcon_core.package_identification:_identify(nav_ws_gazebo/src/gac_navigation2/gac_nav2_costmap_2d) by extensions ['colcon_meta']
[0.287s] Level 1:colcon.colcon_core.package_identification:_identify(nav_ws_gazebo/src/gac_navigation2/gac_nav2_costmap_2d) by extension 'colcon_meta'
[0.287s] Level 1:colcon.colcon_core.package_identification:_identify(nav_ws_gazebo/src/gac_navigation2/gac_nav2_costmap_2d) by extensions ['ros']
[0.287s] Level 1:colcon.colcon_core.package_identification:_identify(nav_ws_gazebo/src/gac_navigation2/gac_nav2_costmap_2d) by extension 'ros'
[0.289s] DEBUG:colcon.colcon_core.package_identification:Package 'nav_ws_gazebo/src/gac_navigation2/gac_nav2_costmap_2d' with type 'ros.ament_cmake' and name 'gac_nav2_costmap_2d'
[0.289s] Level 1:colcon.colcon_core.package_identification:_identify(nav_ws_gazebo/src/gac_navigation2/gac_nav2_planner) by extensions ['ignore', 'ignore_ament_install']
[0.289s] Level 1:colcon.colcon_core.package_identification:_identify(nav_ws_gazebo/src/gac_navigation2/gac_nav2_planner) by extension 'ignore'
[0.289s] Level 1:colcon.colcon_core.package_identification:_identify(nav_ws_gazebo/src/gac_navigation2/gac_nav2_planner) by extension 'ignore_ament_install'
[0.289s] Level 1:colcon.colcon_core.package_identification:_identify(nav_ws_gazebo/src/gac_navigation2/gac_nav2_planner) by extensions ['colcon_pkg']
[0.289s] Level 1:colcon.colcon_core.package_identification:_identify(nav_ws_gazebo/src/gac_navigation2/gac_nav2_planner) by extension 'colcon_pkg'
[0.289s] Level 1:colcon.colcon_core.package_identification:_identify(nav_ws_gazebo/src/gac_navigation2/gac_nav2_planner) by extensions ['colcon_meta']
[0.289s] Level 1:colcon.colcon_core.package_identification:_identify(nav_ws_gazebo/src/gac_navigation2/gac_nav2_planner) by extension 'colcon_meta'
[0.289s] Level 1:colcon.colcon_core.package_identification:_identify(nav_ws_gazebo/src/gac_navigation2/gac_nav2_planner) by extensions ['ros']
[0.289s] Level 1:colcon.colcon_core.package_identification:_identify(nav_ws_gazebo/src/gac_navigation2/gac_nav2_planner) by extension 'ros'
[0.290s] DEBUG:colcon.colcon_core.package_identification:Package 'nav_ws_gazebo/src/gac_navigation2/gac_nav2_planner' with type 'ros.ament_cmake' and name 'gac_nav2_planner'
[0.290s] Level 1:colcon.colcon_core.package_identification:_identify(nav_ws_gazebo/src/gac_navigation2/gac_nav2_smoother) by extensions ['ignore', 'ignore_ament_install']
[0.290s] Level 1:colcon.colcon_core.package_identification:_identify(nav_ws_gazebo/src/gac_navigation2/gac_nav2_smoother) by extension 'ignore'
[0.290s] Level 1:colcon.colcon_core.package_identification:_identify(nav_ws_gazebo/src/gac_navigation2/gac_nav2_smoother) by extension 'ignore_ament_install'
[0.290s] Level 1:colcon.colcon_core.package_identification:_identify(nav_ws_gazebo/src/gac_navigation2/gac_nav2_smoother) by extensions ['colcon_pkg']
[0.290s] Level 1:colcon.colcon_core.package_identification:_identify(nav_ws_gazebo/src/gac_navigation2/gac_nav2_smoother) by extension 'colcon_pkg'
[0.290s] Level 1:colcon.colcon_core.package_identification:_identify(nav_ws_gazebo/src/gac_navigation2/gac_nav2_smoother) by extensions ['colcon_meta']
[0.290s] Level 1:colcon.colcon_core.package_identification:_identify(nav_ws_gazebo/src/gac_navigation2/gac_nav2_smoother) by extension 'colcon_meta'
[0.290s] Level 1:colcon.colcon_core.package_identification:_identify(nav_ws_gazebo/src/gac_navigation2/gac_nav2_smoother) by extensions ['ros']
[0.290s] Level 1:colcon.colcon_core.package_identification:_identify(nav_ws_gazebo/src/gac_navigation2/gac_nav2_smoother) by extension 'ros'
[0.291s] DEBUG:colcon.colcon_core.package_identification:Package 'nav_ws_gazebo/src/gac_navigation2/gac_nav2_smoother' with type 'ros.ament_cmake' and name 'gac_nav2_smoother'
[0.291s] Level 1:colcon.colcon_core.package_identification:_identify(nav_ws_gazebo/src/gac_navigation2/gac_nav2_velocity_smoother) by extensions ['ignore', 'ignore_ament_install']
[0.291s] Level 1:colcon.colcon_core.package_identification:_identify(nav_ws_gazebo/src/gac_navigation2/gac_nav2_velocity_smoother) by extension 'ignore'
[0.291s] Level 1:colcon.colcon_core.package_identification:_identify(nav_ws_gazebo/src/gac_navigation2/gac_nav2_velocity_smoother) by extension 'ignore_ament_install'
[0.291s] Level 1:colcon.colcon_core.package_identification:_identify(nav_ws_gazebo/src/gac_navigation2/gac_nav2_velocity_smoother) by extensions ['colcon_pkg']
[0.292s] Level 1:colcon.colcon_core.package_identification:_identify(nav_ws_gazebo/src/gac_navigation2/gac_nav2_velocity_smoother) by extension 'colcon_pkg'
[0.292s] Level 1:colcon.colcon_core.package_identification:_identify(nav_ws_gazebo/src/gac_navigation2/gac_nav2_velocity_smoother) by extensions ['colcon_meta']
[0.292s] Level 1:colcon.colcon_core.package_identification:_identify(nav_ws_gazebo/src/gac_navigation2/gac_nav2_velocity_smoother) by extension 'colcon_meta'
[0.292s] Level 1:colcon.colcon_core.package_identification:_identify(nav_ws_gazebo/src/gac_navigation2/gac_nav2_velocity_smoother) by extensions ['ros']
[0.292s] Level 1:colcon.colcon_core.package_identification:_identify(nav_ws_gazebo/src/gac_navigation2/gac_nav2_velocity_smoother) by extension 'ros'
[0.292s] DEBUG:colcon.colcon_core.package_identification:Package 'nav_ws_gazebo/src/gac_navigation2/gac_nav2_velocity_smoother' with type 'ros.ament_cmake' and name 'gac_nav2_velocity_smoother'
[0.292s] Level 1:colcon.colcon_core.package_identification:_identify(nav_ws_gazebo/src/gac_navigation2/gac_nav2_voxel_grid) by extensions ['ignore', 'ignore_ament_install']
[0.292s] Level 1:colcon.colcon_core.package_identification:_identify(nav_ws_gazebo/src/gac_navigation2/gac_nav2_voxel_grid) by extension 'ignore'
[0.292s] Level 1:colcon.colcon_core.package_identification:_identify(nav_ws_gazebo/src/gac_navigation2/gac_nav2_voxel_grid) by extension 'ignore_ament_install'
[0.292s] Level 1:colcon.colcon_core.package_identification:_identify(nav_ws_gazebo/src/gac_navigation2/gac_nav2_voxel_grid) by extensions ['colcon_pkg']
[0.292s] Level 1:colcon.colcon_core.package_identification:_identify(nav_ws_gazebo/src/gac_navigation2/gac_nav2_voxel_grid) by extension 'colcon_pkg'
[0.292s] Level 1:colcon.colcon_core.package_identification:_identify(nav_ws_gazebo/src/gac_navigation2/gac_nav2_voxel_grid) by extensions ['colcon_meta']
[0.292s] Level 1:colcon.colcon_core.package_identification:_identify(nav_ws_gazebo/src/gac_navigation2/gac_nav2_voxel_grid) by extension 'colcon_meta'
[0.292s] Level 1:colcon.colcon_core.package_identification:_identify(nav_ws_gazebo/src/gac_navigation2/gac_nav2_voxel_grid) by extensions ['ros']
[0.292s] Level 1:colcon.colcon_core.package_identification:_identify(nav_ws_gazebo/src/gac_navigation2/gac_nav2_voxel_grid) by extension 'ros'
[0.293s] DEBUG:colcon.colcon_core.package_identification:Package 'nav_ws_gazebo/src/gac_navigation2/gac_nav2_voxel_grid' with type 'ros.ament_cmake' and name 'gac_nav2_voxel_grid'
[0.293s] Level 1:colcon.colcon_core.package_identification:_identify(nav_ws_gazebo/src/gac_navigation2/gac_nav2_waypoint_follower) by extensions ['ignore', 'ignore_ament_install']
[0.293s] Level 1:colcon.colcon_core.package_identification:_identify(nav_ws_gazebo/src/gac_navigation2/gac_nav2_waypoint_follower) by extension 'ignore'
[0.293s] Level 1:colcon.colcon_core.package_identification:_identify(nav_ws_gazebo/src/gac_navigation2/gac_nav2_waypoint_follower) by extension 'ignore_ament_install'
[0.293s] Level 1:colcon.colcon_core.package_identification:_identify(nav_ws_gazebo/src/gac_navigation2/gac_nav2_waypoint_follower) by extensions ['colcon_pkg']
[0.293s] Level 1:colcon.colcon_core.package_identification:_identify(nav_ws_gazebo/src/gac_navigation2/gac_nav2_waypoint_follower) by extension 'colcon_pkg'
[0.293s] Level 1:colcon.colcon_core.package_identification:_identify(nav_ws_gazebo/src/gac_navigation2/gac_nav2_waypoint_follower) by extensions ['colcon_meta']
[0.293s] Level 1:colcon.colcon_core.package_identification:_identify(nav_ws_gazebo/src/gac_navigation2/gac_nav2_waypoint_follower) by extension 'colcon_meta'
[0.293s] Level 1:colcon.colcon_core.package_identification:_identify(nav_ws_gazebo/src/gac_navigation2/gac_nav2_waypoint_follower) by extensions ['ros']
[0.293s] Level 1:colcon.colcon_core.package_identification:_identify(nav_ws_gazebo/src/gac_navigation2/gac_nav2_waypoint_follower) by extension 'ros'
[0.294s] DEBUG:colcon.colcon_core.package_identification:Package 'nav_ws_gazebo/src/gac_navigation2/gac_nav2_waypoint_follower' with type 'ros.ament_cmake' and name 'gac_nav2_waypoint_follower'
[0.294s] Level 1:colcon.colcon_core.package_identification:_identify(nav_ws_gazebo/src/gac_navigation2/gac_navigation2) by extensions ['ignore', 'ignore_ament_install']
[0.294s] Level 1:colcon.colcon_core.package_identification:_identify(nav_ws_gazebo/src/gac_navigation2/gac_navigation2) by extension 'ignore'
[0.294s] Level 1:colcon.colcon_core.package_identification:_identify(nav_ws_gazebo/src/gac_navigation2/gac_navigation2) by extension 'ignore_ament_install'
[0.294s] Level 1:colcon.colcon_core.package_identification:_identify(nav_ws_gazebo/src/gac_navigation2/gac_navigation2) by extensions ['colcon_pkg']
[0.294s] Level 1:colcon.colcon_core.package_identification:_identify(nav_ws_gazebo/src/gac_navigation2/gac_navigation2) by extension 'colcon_pkg'
[0.294s] Level 1:colcon.colcon_core.package_identification:_identify(nav_ws_gazebo/src/gac_navigation2/gac_navigation2) by extensions ['colcon_meta']
[0.294s] Level 1:colcon.colcon_core.package_identification:_identify(nav_ws_gazebo/src/gac_navigation2/gac_navigation2) by extension 'colcon_meta'
[0.294s] Level 1:colcon.colcon_core.package_identification:_identify(nav_ws_gazebo/src/gac_navigation2/gac_navigation2) by extensions ['ros']
[0.294s] Level 1:colcon.colcon_core.package_identification:_identify(nav_ws_gazebo/src/gac_navigation2/gac_navigation2) by extension 'ros'
[0.295s] DEBUG:colcon.colcon_core.package_identification:Package 'nav_ws_gazebo/src/gac_navigation2/gac_navigation2' with type 'ros.ament_cmake' and name 'gac_navigation2'
[0.295s] Level 1:colcon.colcon_core.package_identification:_identify(nav_ws_gazebo/src/gac_navigation2/nav2_dwb_controller) by extensions ['ignore', 'ignore_ament_install']
[0.295s] Level 1:colcon.colcon_core.package_identification:_identify(nav_ws_gazebo/src/gac_navigation2/nav2_dwb_controller) by extension 'ignore'
[0.295s] Level 1:colcon.colcon_core.package_identification:_identify(nav_ws_gazebo/src/gac_navigation2/nav2_dwb_controller) by extension 'ignore_ament_install'
[0.295s] Level 1:colcon.colcon_core.package_identification:_identify(nav_ws_gazebo/src/gac_navigation2/nav2_dwb_controller) by extensions ['colcon_pkg']
[0.295s] Level 1:colcon.colcon_core.package_identification:_identify(nav_ws_gazebo/src/gac_navigation2/nav2_dwb_controller) by extension 'colcon_pkg'
[0.295s] Level 1:colcon.colcon_core.package_identification:_identify(nav_ws_gazebo/src/gac_navigation2/nav2_dwb_controller) by extensions ['colcon_meta']
[0.295s] Level 1:colcon.colcon_core.package_identification:_identify(nav_ws_gazebo/src/gac_navigation2/nav2_dwb_controller) by extension 'colcon_meta'
[0.295s] Level 1:colcon.colcon_core.package_identification:_identify(nav_ws_gazebo/src/gac_navigation2/nav2_dwb_controller) by extensions ['ros']
[0.295s] Level 1:colcon.colcon_core.package_identification:_identify(nav_ws_gazebo/src/gac_navigation2/nav2_dwb_controller) by extension 'ros'
[0.295s] Level 1:colcon.colcon_core.package_identification:_identify(nav_ws_gazebo/src/gac_navigation2/nav2_dwb_controller) by extensions ['cmake', 'python']
[0.295s] Level 1:colcon.colcon_core.package_identification:_identify(nav_ws_gazebo/src/gac_navigation2/nav2_dwb_controller) by extension 'cmake'
[0.295s] Level 1:colcon.colcon_core.package_identification:_identify(nav_ws_gazebo/src/gac_navigation2/nav2_dwb_controller) by extension 'python'
[0.295s] Level 1:colcon.colcon_core.package_identification:_identify(nav_ws_gazebo/src/gac_navigation2/nav2_dwb_controller) by extensions ['python_setup_py']
[0.295s] Level 1:colcon.colcon_core.package_identification:_identify(nav_ws_gazebo/src/gac_navigation2/nav2_dwb_controller) by extension 'python_setup_py'
[0.295s] Level 1:colcon.colcon_core.package_identification:_identify(nav_ws_gazebo/src/gac_navigation2/nav2_dwb_controller/costmap_queue) by extensions ['ignore', 'ignore_ament_install']
[0.296s] Level 1:colcon.colcon_core.package_identification:_identify(nav_ws_gazebo/src/gac_navigation2/nav2_dwb_controller/costmap_queue) by extension 'ignore'
[0.296s] Level 1:colcon.colcon_core.package_identification:_identify(nav_ws_gazebo/src/gac_navigation2/nav2_dwb_controller/costmap_queue) by extension 'ignore_ament_install'
[0.296s] Level 1:colcon.colcon_core.package_identification:_identify(nav_ws_gazebo/src/gac_navigation2/nav2_dwb_controller/costmap_queue) by extensions ['colcon_pkg']
[0.296s] Level 1:colcon.colcon_core.package_identification:_identify(nav_ws_gazebo/src/gac_navigation2/nav2_dwb_controller/costmap_queue) by extension 'colcon_pkg'
[0.296s] Level 1:colcon.colcon_core.package_identification:_identify(nav_ws_gazebo/src/gac_navigation2/nav2_dwb_controller/costmap_queue) by extensions ['colcon_meta']
[0.296s] Level 1:colcon.colcon_core.package_identification:_identify(nav_ws_gazebo/src/gac_navigation2/nav2_dwb_controller/costmap_queue) by extension 'colcon_meta'
[0.296s] Level 1:colcon.colcon_core.package_identification:_identify(nav_ws_gazebo/src/gac_navigation2/nav2_dwb_controller/costmap_queue) by extensions ['ros']
[0.296s] Level 1:colcon.colcon_core.package_identification:_identify(nav_ws_gazebo/src/gac_navigation2/nav2_dwb_controller/costmap_queue) by extension 'ros'
[0.296s] DEBUG:colcon.colcon_core.package_identification:Package 'nav_ws_gazebo/src/gac_navigation2/nav2_dwb_controller/costmap_queue' with type 'ros.ament_cmake' and name 'costmap_queue'
[0.296s] Level 1:colcon.colcon_core.package_identification:_identify(nav_ws_gazebo/src/gac_navigation2/nav2_dwb_controller/dwb_core) by extensions ['ignore', 'ignore_ament_install']
[0.296s] Level 1:colcon.colcon_core.package_identification:_identify(nav_ws_gazebo/src/gac_navigation2/nav2_dwb_controller/dwb_core) by extension 'ignore'
[0.296s] Level 1:colcon.colcon_core.package_identification:_identify(nav_ws_gazebo/src/gac_navigation2/nav2_dwb_controller/dwb_core) by extension 'ignore_ament_install'
[0.296s] Level 1:colcon.colcon_core.package_identification:_identify(nav_ws_gazebo/src/gac_navigation2/nav2_dwb_controller/dwb_core) by extensions ['colcon_pkg']
[0.296s] Level 1:colcon.colcon_core.package_identification:_identify(nav_ws_gazebo/src/gac_navigation2/nav2_dwb_controller/dwb_core) by extension 'colcon_pkg'
[0.296s] Level 1:colcon.colcon_core.package_identification:_identify(nav_ws_gazebo/src/gac_navigation2/nav2_dwb_controller/dwb_core) by extensions ['colcon_meta']
[0.296s] Level 1:colcon.colcon_core.package_identification:_identify(nav_ws_gazebo/src/gac_navigation2/nav2_dwb_controller/dwb_core) by extension 'colcon_meta'
[0.297s] Level 1:colcon.colcon_core.package_identification:_identify(nav_ws_gazebo/src/gac_navigation2/nav2_dwb_controller/dwb_core) by extensions ['ros']
[0.297s] Level 1:colcon.colcon_core.package_identification:_identify(nav_ws_gazebo/src/gac_navigation2/nav2_dwb_controller/dwb_core) by extension 'ros'
[0.297s] DEBUG:colcon.colcon_core.package_identification:Package 'nav_ws_gazebo/src/gac_navigation2/nav2_dwb_controller/dwb_core' with type 'ros.ament_cmake' and name 'dwb_core'
[0.297s] Level 1:colcon.colcon_core.package_identification:_identify(nav_ws_gazebo/src/gac_navigation2/nav2_dwb_controller/dwb_critics) by extensions ['ignore', 'ignore_ament_install']
[0.297s] Level 1:colcon.colcon_core.package_identification:_identify(nav_ws_gazebo/src/gac_navigation2/nav2_dwb_controller/dwb_critics) by extension 'ignore'
[0.297s] Level 1:colcon.colcon_core.package_identification:_identify(nav_ws_gazebo/src/gac_navigation2/nav2_dwb_controller/dwb_critics) by extension 'ignore_ament_install'
[0.297s] Level 1:colcon.colcon_core.package_identification:_identify(nav_ws_gazebo/src/gac_navigation2/nav2_dwb_controller/dwb_critics) by extensions ['colcon_pkg']
[0.297s] Level 1:colcon.colcon_core.package_identification:_identify(nav_ws_gazebo/src/gac_navigation2/nav2_dwb_controller/dwb_critics) by extension 'colcon_pkg'
[0.297s] Level 1:colcon.colcon_core.package_identification:_identify(nav_ws_gazebo/src/gac_navigation2/nav2_dwb_controller/dwb_critics) by extensions ['colcon_meta']
[0.297s] Level 1:colcon.colcon_core.package_identification:_identify(nav_ws_gazebo/src/gac_navigation2/nav2_dwb_controller/dwb_critics) by extension 'colcon_meta'
[0.297s] Level 1:colcon.colcon_core.package_identification:_identify(nav_ws_gazebo/src/gac_navigation2/nav2_dwb_controller/dwb_critics) by extensions ['ros']
[0.297s] Level 1:colcon.colcon_core.package_identification:_identify(nav_ws_gazebo/src/gac_navigation2/nav2_dwb_controller/dwb_critics) by extension 'ros'
[0.298s] DEBUG:colcon.colcon_core.package_identification:Package 'nav_ws_gazebo/src/gac_navigation2/nav2_dwb_controller/dwb_critics' with type 'ros.ament_cmake' and name 'dwb_critics'
[0.298s] Level 1:colcon.colcon_core.package_identification:_identify(nav_ws_gazebo/src/gac_navigation2/nav2_dwb_controller/dwb_msgs) by extensions ['ignore', 'ignore_ament_install']
[0.298s] Level 1:colcon.colcon_core.package_identification:_identify(nav_ws_gazebo/src/gac_navigation2/nav2_dwb_controller/dwb_msgs) by extension 'ignore'
[0.298s] Level 1:colcon.colcon_core.package_identification:_identify(nav_ws_gazebo/src/gac_navigation2/nav2_dwb_controller/dwb_msgs) by extension 'ignore_ament_install'
[0.298s] Level 1:colcon.colcon_core.package_identification:_identify(nav_ws_gazebo/src/gac_navigation2/nav2_dwb_controller/dwb_msgs) by extensions ['colcon_pkg']
[0.299s] Level 1:colcon.colcon_core.package_identification:_identify(nav_ws_gazebo/src/gac_navigation2/nav2_dwb_controller/dwb_msgs) by extension 'colcon_pkg'
[0.299s] Level 1:colcon.colcon_core.package_identification:_identify(nav_ws_gazebo/src/gac_navigation2/nav2_dwb_controller/dwb_msgs) by extensions ['colcon_meta']
[0.299s] Level 1:colcon.colcon_core.package_identification:_identify(nav_ws_gazebo/src/gac_navigation2/nav2_dwb_controller/dwb_msgs) by extension 'colcon_meta'
[0.299s] Level 1:colcon.colcon_core.package_identification:_identify(nav_ws_gazebo/src/gac_navigation2/nav2_dwb_controller/dwb_msgs) by extensions ['ros']
[0.299s] Level 1:colcon.colcon_core.package_identification:_identify(nav_ws_gazebo/src/gac_navigation2/nav2_dwb_controller/dwb_msgs) by extension 'ros'
[0.299s] DEBUG:colcon.colcon_core.package_identification:Package 'nav_ws_gazebo/src/gac_navigation2/nav2_dwb_controller/dwb_msgs' with type 'ros.ament_cmake' and name 'dwb_msgs'
[0.299s] Level 1:colcon.colcon_core.package_identification:_identify(nav_ws_gazebo/src/gac_navigation2/nav2_dwb_controller/dwb_plugins) by extensions ['ignore', 'ignore_ament_install']
[0.299s] Level 1:colcon.colcon_core.package_identification:_identify(nav_ws_gazebo/src/gac_navigation2/nav2_dwb_controller/dwb_plugins) by extension 'ignore'
[0.299s] Level 1:colcon.colcon_core.package_identification:_identify(nav_ws_gazebo/src/gac_navigation2/nav2_dwb_controller/dwb_plugins) by extension 'ignore_ament_install'
[0.299s] Level 1:colcon.colcon_core.package_identification:_identify(nav_ws_gazebo/src/gac_navigation2/nav2_dwb_controller/dwb_plugins) by extensions ['colcon_pkg']
[0.299s] Level 1:colcon.colcon_core.package_identification:_identify(nav_ws_gazebo/src/gac_navigation2/nav2_dwb_controller/dwb_plugins) by extension 'colcon_pkg'
[0.299s] Level 1:colcon.colcon_core.package_identification:_identify(nav_ws_gazebo/src/gac_navigation2/nav2_dwb_controller/dwb_plugins) by extensions ['colcon_meta']
[0.300s] Level 1:colcon.colcon_core.package_identification:_identify(nav_ws_gazebo/src/gac_navigation2/nav2_dwb_controller/dwb_plugins) by extension 'colcon_meta'
[0.300s] Level 1:colcon.colcon_core.package_identification:_identify(nav_ws_gazebo/src/gac_navigation2/nav2_dwb_controller/dwb_plugins) by extensions ['ros']
[0.300s] Level 1:colcon.colcon_core.package_identification:_identify(nav_ws_gazebo/src/gac_navigation2/nav2_dwb_controller/dwb_plugins) by extension 'ros'
[0.300s] DEBUG:colcon.colcon_core.package_identification:Package 'nav_ws_gazebo/src/gac_navigation2/nav2_dwb_controller/dwb_plugins' with type 'ros.ament_cmake' and name 'dwb_plugins'
[0.300s] Level 1:colcon.colcon_core.package_identification:_identify(nav_ws_gazebo/src/gac_navigation2/nav2_dwb_controller/images) by extensions ['ignore', 'ignore_ament_install']
[0.300s] Level 1:colcon.colcon_core.package_identification:_identify(nav_ws_gazebo/src/gac_navigation2/nav2_dwb_controller/images) by extension 'ignore'
[0.300s] Level 1:colcon.colcon_core.package_identification:_identify(nav_ws_gazebo/src/gac_navigation2/nav2_dwb_controller/images) by extension 'ignore_ament_install'
[0.300s] Level 1:colcon.colcon_core.package_identification:_identify(nav_ws_gazebo/src/gac_navigation2/nav2_dwb_controller/images) by extensions ['colcon_pkg']
[0.300s] Level 1:colcon.colcon_core.package_identification:_identify(nav_ws_gazebo/src/gac_navigation2/nav2_dwb_controller/images) by extension 'colcon_pkg'
[0.300s] Level 1:colcon.colcon_core.package_identification:_identify(nav_ws_gazebo/src/gac_navigation2/nav2_dwb_controller/images) by extensions ['colcon_meta']
[0.300s] Level 1:colcon.colcon_core.package_identification:_identify(nav_ws_gazebo/src/gac_navigation2/nav2_dwb_controller/images) by extension 'colcon_meta'
[0.301s] Level 1:colcon.colcon_core.package_identification:_identify(nav_ws_gazebo/src/gac_navigation2/nav2_dwb_controller/images) by extensions ['ros']
[0.301s] Level 1:colcon.colcon_core.package_identification:_identify(nav_ws_gazebo/src/gac_navigation2/nav2_dwb_controller/images) by extension 'ros'
[0.301s] Level 1:colcon.colcon_core.package_identification:_identify(nav_ws_gazebo/src/gac_navigation2/nav2_dwb_controller/images) by extensions ['cmake', 'python']
[0.301s] Level 1:colcon.colcon_core.package_identification:_identify(nav_ws_gazebo/src/gac_navigation2/nav2_dwb_controller/images) by extension 'cmake'
[0.301s] Level 1:colcon.colcon_core.package_identification:_identify(nav_ws_gazebo/src/gac_navigation2/nav2_dwb_controller/images) by extension 'python'
[0.301s] Level 1:colcon.colcon_core.package_identification:_identify(nav_ws_gazebo/src/gac_navigation2/nav2_dwb_controller/images) by extensions ['python_setup_py']
[0.301s] Level 1:colcon.colcon_core.package_identification:_identify(nav_ws_gazebo/src/gac_navigation2/nav2_dwb_controller/images) by extension 'python_setup_py'
[0.301s] Level 1:colcon.colcon_core.package_identification:_identify(nav_ws_gazebo/src/gac_navigation2/nav2_dwb_controller/nav2_dwb_controller) by extensions ['ignore', 'ignore_ament_install']
[0.301s] Level 1:colcon.colcon_core.package_identification:_identify(nav_ws_gazebo/src/gac_navigation2/nav2_dwb_controller/nav2_dwb_controller) by extension 'ignore'
[0.301s] Level 1:colcon.colcon_core.package_identification:_identify(nav_ws_gazebo/src/gac_navigation2/nav2_dwb_controller/nav2_dwb_controller) by extension 'ignore_ament_install'
[0.301s] Level 1:colcon.colcon_core.package_identification:_identify(nav_ws_gazebo/src/gac_navigation2/nav2_dwb_controller/nav2_dwb_controller) by extensions ['colcon_pkg']
[0.301s] Level 1:colcon.colcon_core.package_identification:_identify(nav_ws_gazebo/src/gac_navigation2/nav2_dwb_controller/nav2_dwb_controller) by extension 'colcon_pkg'
[0.301s] Level 1:colcon.colcon_core.package_identification:_identify(nav_ws_gazebo/src/gac_navigation2/nav2_dwb_controller/nav2_dwb_controller) by extensions ['colcon_meta']
[0.301s] Level 1:colcon.colcon_core.package_identification:_identify(nav_ws_gazebo/src/gac_navigation2/nav2_dwb_controller/nav2_dwb_controller) by extension 'colcon_meta'
[0.301s] Level 1:colcon.colcon_core.package_identification:_identify(nav_ws_gazebo/src/gac_navigation2/nav2_dwb_controller/nav2_dwb_controller) by extensions ['ros']
[0.301s] Level 1:colcon.colcon_core.package_identification:_identify(nav_ws_gazebo/src/gac_navigation2/nav2_dwb_controller/nav2_dwb_controller) by extension 'ros'
[0.302s] DEBUG:colcon.colcon_core.package_identification:Package 'nav_ws_gazebo/src/gac_navigation2/nav2_dwb_controller/nav2_dwb_controller' with type 'ros.ament_cmake' and name 'nav2_dwb_controller'
[0.302s] Level 1:colcon.colcon_core.package_identification:_identify(nav_ws_gazebo/src/gac_navigation2/nav2_dwb_controller/nav_2d_msgs) by extensions ['ignore', 'ignore_ament_install']
[0.302s] Level 1:colcon.colcon_core.package_identification:_identify(nav_ws_gazebo/src/gac_navigation2/nav2_dwb_controller/nav_2d_msgs) by extension 'ignore'
[0.302s] Level 1:colcon.colcon_core.package_identification:_identify(nav_ws_gazebo/src/gac_navigation2/nav2_dwb_controller/nav_2d_msgs) by extension 'ignore_ament_install'
[0.302s] Level 1:colcon.colcon_core.package_identification:_identify(nav_ws_gazebo/src/gac_navigation2/nav2_dwb_controller/nav_2d_msgs) by extensions ['colcon_pkg']
[0.302s] Level 1:colcon.colcon_core.package_identification:_identify(nav_ws_gazebo/src/gac_navigation2/nav2_dwb_controller/nav_2d_msgs) by extension 'colcon_pkg'
[0.302s] Level 1:colcon.colcon_core.package_identification:_identify(nav_ws_gazebo/src/gac_navigation2/nav2_dwb_controller/nav_2d_msgs) by extensions ['colcon_meta']
[0.302s] Level 1:colcon.colcon_core.package_identification:_identify(nav_ws_gazebo/src/gac_navigation2/nav2_dwb_controller/nav_2d_msgs) by extension 'colcon_meta'
[0.302s] Level 1:colcon.colcon_core.package_identification:_identify(nav_ws_gazebo/src/gac_navigation2/nav2_dwb_controller/nav_2d_msgs) by extensions ['ros']
[0.302s] Level 1:colcon.colcon_core.package_identification:_identify(nav_ws_gazebo/src/gac_navigation2/nav2_dwb_controller/nav_2d_msgs) by extension 'ros'
[0.302s] DEBUG:colcon.colcon_core.package_identification:Package 'nav_ws_gazebo/src/gac_navigation2/nav2_dwb_controller/nav_2d_msgs' with type 'ros.ament_cmake' and name 'nav_2d_msgs'
[0.303s] Level 1:colcon.colcon_core.package_identification:_identify(nav_ws_gazebo/src/gac_navigation2/nav2_dwb_controller/nav_2d_utils) by extensions ['ignore', 'ignore_ament_install']
[0.303s] Level 1:colcon.colcon_core.package_identification:_identify(nav_ws_gazebo/src/gac_navigation2/nav2_dwb_controller/nav_2d_utils) by extension 'ignore'
[0.303s] Level 1:colcon.colcon_core.package_identification:_identify(nav_ws_gazebo/src/gac_navigation2/nav2_dwb_controller/nav_2d_utils) by extension 'ignore_ament_install'
[0.303s] Level 1:colcon.colcon_core.package_identification:_identify(nav_ws_gazebo/src/gac_navigation2/nav2_dwb_controller/nav_2d_utils) by extensions ['colcon_pkg']
[0.303s] Level 1:colcon.colcon_core.package_identification:_identify(nav_ws_gazebo/src/gac_navigation2/nav2_dwb_controller/nav_2d_utils) by extension 'colcon_pkg'
[0.303s] Level 1:colcon.colcon_core.package_identification:_identify(nav_ws_gazebo/src/gac_navigation2/nav2_dwb_controller/nav_2d_utils) by extensions ['colcon_meta']
[0.303s] Level 1:colcon.colcon_core.package_identification:_identify(nav_ws_gazebo/src/gac_navigation2/nav2_dwb_controller/nav_2d_utils) by extension 'colcon_meta'
[0.303s] Level 1:colcon.colcon_core.package_identification:_identify(nav_ws_gazebo/src/gac_navigation2/nav2_dwb_controller/nav_2d_utils) by extensions ['ros']
[0.303s] Level 1:colcon.colcon_core.package_identification:_identify(nav_ws_gazebo/src/gac_navigation2/nav2_dwb_controller/nav_2d_utils) by extension 'ros'
[0.304s] DEBUG:colcon.colcon_core.package_identification:Package 'nav_ws_gazebo/src/gac_navigation2/nav2_dwb_controller/nav_2d_utils' with type 'ros.ament_cmake' and name 'nav_2d_utils'
[0.304s] Level 1:colcon.colcon_core.package_identification:_identify(nav_ws_gazebo/src/gac_navigation2/nav2_fixed_path_route) by extensions ['ignore', 'ignore_ament_install']
[0.304s] Level 1:colcon.colcon_core.package_identification:_identify(nav_ws_gazebo/src/gac_navigation2/nav2_fixed_path_route) by extension 'ignore'
[0.304s] Level 1:colcon.colcon_core.package_identification:_identify(nav_ws_gazebo/src/gac_navigation2/nav2_fixed_path_route) by extension 'ignore_ament_install'
[0.304s] Level 1:colcon.colcon_core.package_identification:_identify(nav_ws_gazebo/src/gac_navigation2/nav2_fixed_path_route) by extensions ['colcon_pkg']
[0.304s] Level 1:colcon.colcon_core.package_identification:_identify(nav_ws_gazebo/src/gac_navigation2/nav2_fixed_path_route) by extension 'colcon_pkg'
[0.304s] Level 1:colcon.colcon_core.package_identification:_identify(nav_ws_gazebo/src/gac_navigation2/nav2_fixed_path_route) by extensions ['colcon_meta']
[0.304s] Level 1:colcon.colcon_core.package_identification:_identify(nav_ws_gazebo/src/gac_navigation2/nav2_fixed_path_route) by extension 'colcon_meta'
[0.304s] Level 1:colcon.colcon_core.package_identification:_identify(nav_ws_gazebo/src/gac_navigation2/nav2_fixed_path_route) by extensions ['ros']
[0.304s] Level 1:colcon.colcon_core.package_identification:_identify(nav_ws_gazebo/src/gac_navigation2/nav2_fixed_path_route) by extension 'ros'
[0.305s] DEBUG:colcon.colcon_core.package_identification:Package 'nav_ws_gazebo/src/gac_navigation2/nav2_fixed_path_route' with type 'ros.ament_cmake' and name 'nav2_fixed_path_route'
[0.305s] Level 1:colcon.colcon_core.package_identification:_identify(nav_ws_gazebo/src/gac_navigation2/nav2_graceful_controller) by extensions ['ignore', 'ignore_ament_install']
[0.305s] Level 1:colcon.colcon_core.package_identification:_identify(nav_ws_gazebo/src/gac_navigation2/nav2_graceful_controller) by extension 'ignore'
[0.306s] Level 1:colcon.colcon_core.package_identification:_identify(nav_ws_gazebo/src/gac_navigation2/nav2_graceful_controller) by extension 'ignore_ament_install'
[0.306s] Level 1:colcon.colcon_core.package_identification:_identify(nav_ws_gazebo/src/gac_navigation2/nav2_graceful_controller) by extensions ['colcon_pkg']
[0.306s] Level 1:colcon.colcon_core.package_identification:_identify(nav_ws_gazebo/src/gac_navigation2/nav2_graceful_controller) by extension 'colcon_pkg'
[0.306s] Level 1:colcon.colcon_core.package_identification:_identify(nav_ws_gazebo/src/gac_navigation2/nav2_graceful_controller) by extensions ['colcon_meta']
[0.306s] Level 1:colcon.colcon_core.package_identification:_identify(nav_ws_gazebo/src/gac_navigation2/nav2_graceful_controller) by extension 'colcon_meta'
[0.306s] Level 1:colcon.colcon_core.package_identification:_identify(nav_ws_gazebo/src/gac_navigation2/nav2_graceful_controller) by extensions ['ros']
[0.306s] Level 1:colcon.colcon_core.package_identification:_identify(nav_ws_gazebo/src/gac_navigation2/nav2_graceful_controller) by extension 'ros'
[0.307s] DEBUG:colcon.colcon_core.package_identification:Package 'nav_ws_gazebo/src/gac_navigation2/nav2_graceful_controller' with type 'ros.ament_cmake' and name 'nav2_graceful_controller'
[0.307s] Level 1:colcon.colcon_core.package_identification:_identify(nav_ws_gazebo/src/gac_navigation2/nav2_lifecycle_manager) by extensions ['ignore', 'ignore_ament_install']
[0.307s] Level 1:colcon.colcon_core.package_identification:_identify(nav_ws_gazebo/src/gac_navigation2/nav2_lifecycle_manager) by extension 'ignore'
[0.307s] Level 1:colcon.colcon_core.package_identification:_identify(nav_ws_gazebo/src/gac_navigation2/nav2_lifecycle_manager) by extension 'ignore_ament_install'
[0.307s] Level 1:colcon.colcon_core.package_identification:_identify(nav_ws_gazebo/src/gac_navigation2/nav2_lifecycle_manager) by extensions ['colcon_pkg']
[0.307s] Level 1:colcon.colcon_core.package_identification:_identify(nav_ws_gazebo/src/gac_navigation2/nav2_lifecycle_manager) by extension 'colcon_pkg'
[0.307s] Level 1:colcon.colcon_core.package_identification:_identify(nav_ws_gazebo/src/gac_navigation2/nav2_lifecycle_manager) by extensions ['colcon_meta']
[0.307s] Level 1:colcon.colcon_core.package_identification:_identify(nav_ws_gazebo/src/gac_navigation2/nav2_lifecycle_manager) by extension 'colcon_meta'
[0.307s] Level 1:colcon.colcon_core.package_identification:_identify(nav_ws_gazebo/src/gac_navigation2/nav2_lifecycle_manager) by extensions ['ros']
[0.307s] Level 1:colcon.colcon_core.package_identification:_identify(nav_ws_gazebo/src/gac_navigation2/nav2_lifecycle_manager) by extension 'ros'
[0.307s] DEBUG:colcon.colcon_core.package_identification:Package 'nav_ws_gazebo/src/gac_navigation2/nav2_lifecycle_manager' with type 'ros.ament_cmake' and name 'nav2_lifecycle_manager'
[0.308s] Level 1:colcon.colcon_core.package_identification:_identify(nav_ws_gazebo/src/gac_navigation2/nav2_map_server) by extensions ['ignore', 'ignore_ament_install']
[0.308s] Level 1:colcon.colcon_core.package_identification:_identify(nav_ws_gazebo/src/gac_navigation2/nav2_map_server) by extension 'ignore'
[0.308s] Level 1:colcon.colcon_core.package_identification:_identify(nav_ws_gazebo/src/gac_navigation2/nav2_map_server) by extension 'ignore_ament_install'
[0.308s] Level 1:colcon.colcon_core.package_identification:_identify(nav_ws_gazebo/src/gac_navigation2/nav2_map_server) by extensions ['colcon_pkg']
[0.308s] Level 1:colcon.colcon_core.package_identification:_identify(nav_ws_gazebo/src/gac_navigation2/nav2_map_server) by extension 'colcon_pkg'
[0.308s] Level 1:colcon.colcon_core.package_identification:_identify(nav_ws_gazebo/src/gac_navigation2/nav2_map_server) by extensions ['colcon_meta']
[0.308s] Level 1:colcon.colcon_core.package_identification:_identify(nav_ws_gazebo/src/gac_navigation2/nav2_map_server) by extension 'colcon_meta'
[0.308s] Level 1:colcon.colcon_core.package_identification:_identify(nav_ws_gazebo/src/gac_navigation2/nav2_map_server) by extensions ['ros']
[0.308s] Level 1:colcon.colcon_core.package_identification:_identify(nav_ws_gazebo/src/gac_navigation2/nav2_map_server) by extension 'ros'
[0.309s] DEBUG:colcon.colcon_core.package_identification:Package 'nav_ws_gazebo/src/gac_navigation2/nav2_map_server' with type 'ros.ament_cmake' and name 'nav2_map_server'
[0.309s] Level 1:colcon.colcon_core.package_identification:_identify(nav_ws_gazebo/src/gac_navigation2/nav2_mppi_controller) by extensions ['ignore', 'ignore_ament_install']
[0.309s] Level 1:colcon.colcon_core.package_identification:_identify(nav_ws_gazebo/src/gac_navigation2/nav2_mppi_controller) by extension 'ignore'
[0.309s] Level 1:colcon.colcon_core.package_identification:_identify(nav_ws_gazebo/src/gac_navigation2/nav2_mppi_controller) by extension 'ignore_ament_install'
[0.309s] Level 1:colcon.colcon_core.package_identification:_identify(nav_ws_gazebo/src/gac_navigation2/nav2_mppi_controller) by extensions ['colcon_pkg']
[0.309s] Level 1:colcon.colcon_core.package_identification:_identify(nav_ws_gazebo/src/gac_navigation2/nav2_mppi_controller) by extension 'colcon_pkg'
[0.309s] Level 1:colcon.colcon_core.package_identification:_identify(nav_ws_gazebo/src/gac_navigation2/nav2_mppi_controller) by extensions ['colcon_meta']
[0.309s] Level 1:colcon.colcon_core.package_identification:_identify(nav_ws_gazebo/src/gac_navigation2/nav2_mppi_controller) by extension 'colcon_meta'
[0.309s] Level 1:colcon.colcon_core.package_identification:_identify(nav_ws_gazebo/src/gac_navigation2/nav2_mppi_controller) by extensions ['ros']
[0.309s] Level 1:colcon.colcon_core.package_identification:_identify(nav_ws_gazebo/src/gac_navigation2/nav2_mppi_controller) by extension 'ros'
[0.310s] DEBUG:colcon.colcon_core.package_identification:Package 'nav_ws_gazebo/src/gac_navigation2/nav2_mppi_controller' with type 'ros.ament_cmake' and name 'nav2_mppi_controller'
[0.310s] Level 1:colcon.colcon_core.package_identification:_identify(nav_ws_gazebo/src/gac_navigation2/nav2_navfn_planner) by extensions ['ignore', 'ignore_ament_install']
[0.310s] Level 1:colcon.colcon_core.package_identification:_identify(nav_ws_gazebo/src/gac_navigation2/nav2_navfn_planner) by extension 'ignore'
[0.310s] Level 1:colcon.colcon_core.package_identification:_identify(nav_ws_gazebo/src/gac_navigation2/nav2_navfn_planner) by extension 'ignore_ament_install'
[0.310s] Level 1:colcon.colcon_core.package_identification:_identify(nav_ws_gazebo/src/gac_navigation2/nav2_navfn_planner) by extensions ['colcon_pkg']
[0.310s] Level 1:colcon.colcon_core.package_identification:_identify(nav_ws_gazebo/src/gac_navigation2/nav2_navfn_planner) by extension 'colcon_pkg'
[0.310s] Level 1:colcon.colcon_core.package_identification:_identify(nav_ws_gazebo/src/gac_navigation2/nav2_navfn_planner) by extensions ['colcon_meta']
[0.311s] Level 1:colcon.colcon_core.package_identification:_identify(nav_ws_gazebo/src/gac_navigation2/nav2_navfn_planner) by extension 'colcon_meta'
[0.311s] Level 1:colcon.colcon_core.package_identification:_identify(nav_ws_gazebo/src/gac_navigation2/nav2_navfn_planner) by extensions ['ros']
[0.311s] Level 1:colcon.colcon_core.package_identification:_identify(nav_ws_gazebo/src/gac_navigation2/nav2_navfn_planner) by extension 'ros'
[0.312s] DEBUG:colcon.colcon_core.package_identification:Package 'nav_ws_gazebo/src/gac_navigation2/nav2_navfn_planner' with type 'ros.ament_cmake' and name 'nav2_navfn_planner'
[0.312s] Level 1:colcon.colcon_core.package_identification:_identify(nav_ws_gazebo/src/gac_navigation2/nav2_regulated_pure_pursuit_controller) by extensions ['ignore', 'ignore_ament_install']
[0.312s] Level 1:colcon.colcon_core.package_identification:_identify(nav_ws_gazebo/src/gac_navigation2/nav2_regulated_pure_pursuit_controller) by extension 'ignore'
[0.312s] Level 1:colcon.colcon_core.package_identification:_identify(nav_ws_gazebo/src/gac_navigation2/nav2_regulated_pure_pursuit_controller) by extension 'ignore_ament_install'
[0.312s] Level 1:colcon.colcon_core.package_identification:_identify(nav_ws_gazebo/src/gac_navigation2/nav2_regulated_pure_pursuit_controller) by extensions ['colcon_pkg']
[0.312s] Level 1:colcon.colcon_core.package_identification:_identify(nav_ws_gazebo/src/gac_navigation2/nav2_regulated_pure_pursuit_controller) by extension 'colcon_pkg'
[0.312s] Level 1:colcon.colcon_core.package_identification:_identify(nav_ws_gazebo/src/gac_navigation2/nav2_regulated_pure_pursuit_controller) by extensions ['colcon_meta']
[0.312s] Level 1:colcon.colcon_core.package_identification:_identify(nav_ws_gazebo/src/gac_navigation2/nav2_regulated_pure_pursuit_controller) by extension 'colcon_meta'
[0.312s] Level 1:colcon.colcon_core.package_identification:_identify(nav_ws_gazebo/src/gac_navigation2/nav2_regulated_pure_pursuit_controller) by extensions ['ros']
[0.312s] Level 1:colcon.colcon_core.package_identification:_identify(nav_ws_gazebo/src/gac_navigation2/nav2_regulated_pure_pursuit_controller) by extension 'ros'
[0.313s] DEBUG:colcon.colcon_core.package_identification:Package 'nav_ws_gazebo/src/gac_navigation2/nav2_regulated_pure_pursuit_controller' with type 'ros.ament_cmake' and name 'nav2_regulated_pure_pursuit_controller'
[0.313s] Level 1:colcon.colcon_core.package_identification:_identify(nav_ws_gazebo/src/gac_navigation2/nav2_rotation_shim_controller) by extensions ['ignore', 'ignore_ament_install']
[0.313s] Level 1:colcon.colcon_core.package_identification:_identify(nav_ws_gazebo/src/gac_navigation2/nav2_rotation_shim_controller) by extension 'ignore'
[0.313s] Level 1:colcon.colcon_core.package_identification:_identify(nav_ws_gazebo/src/gac_navigation2/nav2_rotation_shim_controller) by extension 'ignore_ament_install'
[0.313s] Level 1:colcon.colcon_core.package_identification:_identify(nav_ws_gazebo/src/gac_navigation2/nav2_rotation_shim_controller) by extensions ['colcon_pkg']
[0.313s] Level 1:colcon.colcon_core.package_identification:_identify(nav_ws_gazebo/src/gac_navigation2/nav2_rotation_shim_controller) by extension 'colcon_pkg'
[0.313s] Level 1:colcon.colcon_core.package_identification:_identify(nav_ws_gazebo/src/gac_navigation2/nav2_rotation_shim_controller) by extensions ['colcon_meta']
[0.313s] Level 1:colcon.colcon_core.package_identification:_identify(nav_ws_gazebo/src/gac_navigation2/nav2_rotation_shim_controller) by extension 'colcon_meta'
[0.313s] Level 1:colcon.colcon_core.package_identification:_identify(nav_ws_gazebo/src/gac_navigation2/nav2_rotation_shim_controller) by extensions ['ros']
[0.313s] Level 1:colcon.colcon_core.package_identification:_identify(nav_ws_gazebo/src/gac_navigation2/nav2_rotation_shim_controller) by extension 'ros'
[0.314s] DEBUG:colcon.colcon_core.package_identification:Package 'nav_ws_gazebo/src/gac_navigation2/nav2_rotation_shim_controller' with type 'ros.ament_cmake' and name 'nav2_rotation_shim_controller'
[0.314s] Level 1:colcon.colcon_core.package_identification:_identify(nav_ws_gazebo/src/gac_navigation2/nav2_smac_planner) by extensions ['ignore', 'ignore_ament_install']
[0.314s] Level 1:colcon.colcon_core.package_identification:_identify(nav_ws_gazebo/src/gac_navigation2/nav2_smac_planner) by extension 'ignore'
[0.314s] Level 1:colcon.colcon_core.package_identification:_identify(nav_ws_gazebo/src/gac_navigation2/nav2_smac_planner) by extension 'ignore_ament_install'
[0.314s] Level 1:colcon.colcon_core.package_identification:_identify(nav_ws_gazebo/src/gac_navigation2/nav2_smac_planner) by extensions ['colcon_pkg']
[0.314s] Level 1:colcon.colcon_core.package_identification:_identify(nav_ws_gazebo/src/gac_navigation2/nav2_smac_planner) by extension 'colcon_pkg'
[0.314s] Level 1:colcon.colcon_core.package_identification:_identify(nav_ws_gazebo/src/gac_navigation2/nav2_smac_planner) by extensions ['colcon_meta']
[0.314s] Level 1:colcon.colcon_core.package_identification:_identify(nav_ws_gazebo/src/gac_navigation2/nav2_smac_planner) by extension 'colcon_meta'
[0.314s] Level 1:colcon.colcon_core.package_identification:_identify(nav_ws_gazebo/src/gac_navigation2/nav2_smac_planner) by extensions ['ros']
[0.314s] Level 1:colcon.colcon_core.package_identification:_identify(nav_ws_gazebo/src/gac_navigation2/nav2_smac_planner) by extension 'ros'
[0.316s] DEBUG:colcon.colcon_core.package_identification:Package 'nav_ws_gazebo/src/gac_navigation2/nav2_smac_planner' with type 'ros.ament_cmake' and name 'nav2_smac_planner'
[0.316s] Level 1:colcon.colcon_core.package_identification:_identify(nav_ws_gazebo/src/gac_navigation2/nav2_theta_star_planner) by extensions ['ignore', 'ignore_ament_install']
[0.316s] Level 1:colcon.colcon_core.package_identification:_identify(nav_ws_gazebo/src/gac_navigation2/nav2_theta_star_planner) by extension 'ignore'
[0.316s] Level 1:colcon.colcon_core.package_identification:_identify(nav_ws_gazebo/src/gac_navigation2/nav2_theta_star_planner) by extension 'ignore_ament_install'
[0.316s] Level 1:colcon.colcon_core.package_identification:_identify(nav_ws_gazebo/src/gac_navigation2/nav2_theta_star_planner) by extensions ['colcon_pkg']
[0.316s] Level 1:colcon.colcon_core.package_identification:_identify(nav_ws_gazebo/src/gac_navigation2/nav2_theta_star_planner) by extension 'colcon_pkg'
[0.316s] Level 1:colcon.colcon_core.package_identification:_identify(nav_ws_gazebo/src/gac_navigation2/nav2_theta_star_planner) by extensions ['colcon_meta']
[0.316s] Level 1:colcon.colcon_core.package_identification:_identify(nav_ws_gazebo/src/gac_navigation2/nav2_theta_star_planner) by extension 'colcon_meta'
[0.316s] Level 1:colcon.colcon_core.package_identification:_identify(nav_ws_gazebo/src/gac_navigation2/nav2_theta_star_planner) by extensions ['ros']
[0.316s] Level 1:colcon.colcon_core.package_identification:_identify(nav_ws_gazebo/src/gac_navigation2/nav2_theta_star_planner) by extension 'ros'
[0.317s] DEBUG:colcon.colcon_core.package_identification:Package 'nav_ws_gazebo/src/gac_navigation2/nav2_theta_star_planner' with type 'ros.ament_cmake' and name 'nav2_theta_star_planner'
[0.317s] Level 1:colcon.colcon_core.package_identification:_identify(nav_ws_gazebo/src/gac_navigation2/nav2_util) by extensions ['ignore', 'ignore_ament_install']
[0.317s] Level 1:colcon.colcon_core.package_identification:_identify(nav_ws_gazebo/src/gac_navigation2/nav2_util) by extension 'ignore'
[0.317s] Level 1:colcon.colcon_core.package_identification:_identify(nav_ws_gazebo/src/gac_navigation2/nav2_util) by extension 'ignore_ament_install'
[0.317s] Level 1:colcon.colcon_core.package_identification:_identify(nav_ws_gazebo/src/gac_navigation2/nav2_util) by extensions ['colcon_pkg']
[0.317s] Level 1:colcon.colcon_core.package_identification:_identify(nav_ws_gazebo/src/gac_navigation2/nav2_util) by extension 'colcon_pkg'
[0.317s] Level 1:colcon.colcon_core.package_identification:_identify(nav_ws_gazebo/src/gac_navigation2/nav2_util) by extensions ['colcon_meta']
[0.317s] Level 1:colcon.colcon_core.package_identification:_identify(nav_ws_gazebo/src/gac_navigation2/nav2_util) by extension 'colcon_meta'
[0.317s] Level 1:colcon.colcon_core.package_identification:_identify(nav_ws_gazebo/src/gac_navigation2/nav2_util) by extensions ['ros']
[0.317s] Level 1:colcon.colcon_core.package_identification:_identify(nav_ws_gazebo/src/gac_navigation2/nav2_util) by extension 'ros'
[0.318s] DEBUG:colcon.colcon_core.package_identification:Package 'nav_ws_gazebo/src/gac_navigation2/nav2_util' with type 'ros.ament_cmake' and name 'nav2_util'
[0.318s] Level 1:colcon.colcon_core.package_identification:_identify(nav_ws_gazebo/src/gac_robot_msgs) by extensions ['ignore', 'ignore_ament_install']
[0.318s] Level 1:colcon.colcon_core.package_identification:_identify(nav_ws_gazebo/src/gac_robot_msgs) by extension 'ignore'
[0.318s] Level 1:colcon.colcon_core.package_identification:_identify(nav_ws_gazebo/src/gac_robot_msgs) by extension 'ignore_ament_install'
[0.318s] Level 1:colcon.colcon_core.package_identification:_identify(nav_ws_gazebo/src/gac_robot_msgs) by extensions ['colcon_pkg']
[0.318s] Level 1:colcon.colcon_core.package_identification:_identify(nav_ws_gazebo/src/gac_robot_msgs) by extension 'colcon_pkg'
[0.318s] Level 1:colcon.colcon_core.package_identification:_identify(nav_ws_gazebo/src/gac_robot_msgs) by extensions ['colcon_meta']
[0.318s] Level 1:colcon.colcon_core.package_identification:_identify(nav_ws_gazebo/src/gac_robot_msgs) by extension 'colcon_meta'
[0.318s] Level 1:colcon.colcon_core.package_identification:_identify(nav_ws_gazebo/src/gac_robot_msgs) by extensions ['ros']
[0.318s] Level 1:colcon.colcon_core.package_identification:_identify(nav_ws_gazebo/src/gac_robot_msgs) by extension 'ros'
[0.319s] DEBUG:colcon.colcon_core.package_identification:Package 'nav_ws_gazebo/src/gac_robot_msgs' with type 'ros.ament_cmake' and name 'gac_robot_msgs'
[0.319s] Level 1:colcon.colcon_core.package_identification:_identify(nav_ws_gazebo/src/gac_robot_task) by extensions ['ignore', 'ignore_ament_install']
[0.319s] Level 1:colcon.colcon_core.package_identification:_identify(nav_ws_gazebo/src/gac_robot_task) by extension 'ignore'
[0.319s] Level 1:colcon.colcon_core.package_identification:_identify(nav_ws_gazebo/src/gac_robot_task) by extension 'ignore_ament_install'
[0.319s] Level 1:colcon.colcon_core.package_identification:_identify(nav_ws_gazebo/src/gac_robot_task) by extensions ['colcon_pkg']
[0.319s] Level 1:colcon.colcon_core.package_identification:_identify(nav_ws_gazebo/src/gac_robot_task) by extension 'colcon_pkg'
[0.319s] Level 1:colcon.colcon_core.package_identification:_identify(nav_ws_gazebo/src/gac_robot_task) by extensions ['colcon_meta']
[0.319s] Level 1:colcon.colcon_core.package_identification:_identify(nav_ws_gazebo/src/gac_robot_task) by extension 'colcon_meta'
[0.319s] Level 1:colcon.colcon_core.package_identification:_identify(nav_ws_gazebo/src/gac_robot_task) by extensions ['ros']
[0.319s] Level 1:colcon.colcon_core.package_identification:_identify(nav_ws_gazebo/src/gac_robot_task) by extension 'ros'
[0.320s] DEBUG:colcon.colcon_core.package_identification:Package 'nav_ws_gazebo/src/gac_robot_task' with type 'ros.ament_cmake' and name 'gac_robot_task'
[0.320s] Level 1:colcon.colcon_core.package_identification:_identify(nav_ws_gazebo/src/gac_robot_task_py) by extensions ['ignore', 'ignore_ament_install']
[0.320s] Level 1:colcon.colcon_core.package_identification:_identify(nav_ws_gazebo/src/gac_robot_task_py) by extension 'ignore'
[0.320s] Level 1:colcon.colcon_core.package_identification:_identify(nav_ws_gazebo/src/gac_robot_task_py) by extension 'ignore_ament_install'
[0.320s] Level 1:colcon.colcon_core.package_identification:_identify(nav_ws_gazebo/src/gac_robot_task_py) by extensions ['colcon_pkg']
[0.320s] Level 1:colcon.colcon_core.package_identification:_identify(nav_ws_gazebo/src/gac_robot_task_py) by extension 'colcon_pkg'
[0.320s] Level 1:colcon.colcon_core.package_identification:_identify(nav_ws_gazebo/src/gac_robot_task_py) by extensions ['colcon_meta']
[0.320s] Level 1:colcon.colcon_core.package_identification:_identify(nav_ws_gazebo/src/gac_robot_task_py) by extension 'colcon_meta'
[0.320s] Level 1:colcon.colcon_core.package_identification:_identify(nav_ws_gazebo/src/gac_robot_task_py) by extensions ['ros']
[0.320s] Level 1:colcon.colcon_core.package_identification:_identify(nav_ws_gazebo/src/gac_robot_task_py) by extension 'ros'
[0.321s] DEBUG:colcon.colcon_core.package_identification:Package 'nav_ws_gazebo/src/gac_robot_task_py' with type 'ros.ament_python' and name 'gac_robot_task_py'
[0.321s] Level 1:colcon.colcon_core.package_identification:_identify(nav_ws_gazebo/src/laser_odom_transformer) by extensions ['ignore', 'ignore_ament_install']
[0.321s] Level 1:colcon.colcon_core.package_identification:_identify(nav_ws_gazebo/src/laser_odom_transformer) by extension 'ignore'
[0.321s] Level 1:colcon.colcon_core.package_identification:_identify(nav_ws_gazebo/src/laser_odom_transformer) by extension 'ignore_ament_install'
[0.321s] Level 1:colcon.colcon_core.package_identification:_identify(nav_ws_gazebo/src/laser_odom_transformer) by extensions ['colcon_pkg']
[0.321s] Level 1:colcon.colcon_core.package_identification:_identify(nav_ws_gazebo/src/laser_odom_transformer) by extension 'colcon_pkg'
[0.321s] Level 1:colcon.colcon_core.package_identification:_identify(nav_ws_gazebo/src/laser_odom_transformer) by extensions ['colcon_meta']
[0.321s] Level 1:colcon.colcon_core.package_identification:_identify(nav_ws_gazebo/src/laser_odom_transformer) by extension 'colcon_meta'
[0.321s] Level 1:colcon.colcon_core.package_identification:_identify(nav_ws_gazebo/src/laser_odom_transformer) by extensions ['ros']
[0.321s] Level 1:colcon.colcon_core.package_identification:_identify(nav_ws_gazebo/src/laser_odom_transformer) by extension 'ros'
[0.322s] DEBUG:colcon.colcon_core.package_identification:Package 'nav_ws_gazebo/src/laser_odom_transformer' with type 'ros.ament_cmake' and name 'laser_odom_transformer'
[0.322s] Level 1:colcon.colcon_core.package_identification:_identify(nav_ws_gazebo/src/mqtt_nav_control_cpp) by extensions ['ignore', 'ignore_ament_install']
[0.322s] Level 1:colcon.colcon_core.package_identification:_identify(nav_ws_gazebo/src/mqtt_nav_control_cpp) by extension 'ignore'
[0.322s] Level 1:colcon.colcon_core.package_identification:_identify(nav_ws_gazebo/src/mqtt_nav_control_cpp) by extension 'ignore_ament_install'
[0.322s] Level 1:colcon.colcon_core.package_identification:_identify(nav_ws_gazebo/src/mqtt_nav_control_cpp) by extensions ['colcon_pkg']
[0.322s] Level 1:colcon.colcon_core.package_identification:_identify(nav_ws_gazebo/src/mqtt_nav_control_cpp) by extension 'colcon_pkg'
[0.322s] Level 1:colcon.colcon_core.package_identification:_identify(nav_ws_gazebo/src/mqtt_nav_control_cpp) by extensions ['colcon_meta']
[0.322s] Level 1:colcon.colcon_core.package_identification:_identify(nav_ws_gazebo/src/mqtt_nav_control_cpp) by extension 'colcon_meta'
[0.322s] Level 1:colcon.colcon_core.package_identification:_identify(nav_ws_gazebo/src/mqtt_nav_control_cpp) by extensions ['ros']
[0.322s] Level 1:colcon.colcon_core.package_identification:_identify(nav_ws_gazebo/src/mqtt_nav_control_cpp) by extension 'ros'
[0.322s] DEBUG:colcon.colcon_core.package_identification:Package 'nav_ws_gazebo/src/mqtt_nav_control_cpp' with type 'ros.ament_cmake' and name 'mqtt_nav_control_cpp'
[0.323s] Level 1:colcon.colcon_core.package_identification:_identify(nav_ws_gazebo/src/record_path) by extensions ['ignore', 'ignore_ament_install']
[0.323s] Level 1:colcon.colcon_core.package_identification:_identify(nav_ws_gazebo/src/record_path) by extension 'ignore'
[0.323s] Level 1:colcon.colcon_core.package_identification:_identify(nav_ws_gazebo/src/record_path) by extension 'ignore_ament_install'
[0.323s] Level 1:colcon.colcon_core.package_identification:_identify(nav_ws_gazebo/src/record_path) by extensions ['colcon_pkg']
[0.323s] Level 1:colcon.colcon_core.package_identification:_identify(nav_ws_gazebo/src/record_path) by extension 'colcon_pkg'
[0.323s] Level 1:colcon.colcon_core.package_identification:_identify(nav_ws_gazebo/src/record_path) by extensions ['colcon_meta']
[0.323s] Level 1:colcon.colcon_core.package_identification:_identify(nav_ws_gazebo/src/record_path) by extension 'colcon_meta'
[0.323s] Level 1:colcon.colcon_core.package_identification:_identify(nav_ws_gazebo/src/record_path) by extensions ['ros']
[0.323s] Level 1:colcon.colcon_core.package_identification:_identify(nav_ws_gazebo/src/record_path) by extension 'ros'
[0.323s] DEBUG:colcon.colcon_core.package_identification:Package 'nav_ws_gazebo/src/record_path' with type 'ros.ament_cmake' and name 'record_path'
[0.323s] Level 1:colcon.colcon_core.package_identification:_identify(nav_ws_gazebo/src/road_network_collection_py) by extensions ['ignore', 'ignore_ament_install']
[0.324s] Level 1:colcon.colcon_core.package_identification:_identify(nav_ws_gazebo/src/road_network_collection_py) by extension 'ignore'
[0.324s] Level 1:colcon.colcon_core.package_identification:_identify(nav_ws_gazebo/src/road_network_collection_py) by extension 'ignore_ament_install'
[0.324s] Level 1:colcon.colcon_core.package_identification:_identify(nav_ws_gazebo/src/road_network_collection_py) by extensions ['colcon_pkg']
[0.324s] Level 1:colcon.colcon_core.package_identification:_identify(nav_ws_gazebo/src/road_network_collection_py) by extension 'colcon_pkg'
[0.324s] Level 1:colcon.colcon_core.package_identification:_identify(nav_ws_gazebo/src/road_network_collection_py) by extensions ['colcon_meta']
[0.324s] Level 1:colcon.colcon_core.package_identification:_identify(nav_ws_gazebo/src/road_network_collection_py) by extension 'colcon_meta'
[0.324s] Level 1:colcon.colcon_core.package_identification:_identify(nav_ws_gazebo/src/road_network_collection_py) by extensions ['ros']
[0.324s] Level 1:colcon.colcon_core.package_identification:_identify(nav_ws_gazebo/src/road_network_collection_py) by extension 'ros'
[0.324s] DEBUG:colcon.colcon_core.package_identification:Package 'nav_ws_gazebo/src/road_network_collection_py' with type 'ros.ament_python' and name 'road_network_collection_py'
[0.324s] Level 1:colcon.colcon_core.package_identification:_identify(nav_ws_gazebo/src/robot_navigation) by extensions ['ignore', 'ignore_ament_install']
[0.324s] Level 1:colcon.colcon_core.package_identification:_identify(nav_ws_gazebo/src/robot_navigation) by extension 'ignore'
[0.324s] Level 1:colcon.colcon_core.package_identification:_identify(nav_ws_gazebo/src/robot_navigation) by extension 'ignore_ament_install'
[0.324s] Level 1:colcon.colcon_core.package_identification:_identify(nav_ws_gazebo/src/robot_navigation) by extensions ['colcon_pkg']
[0.325s] Level 1:colcon.colcon_core.package_identification:_identify(nav_ws_gazebo/src/robot_navigation) by extension 'colcon_pkg'
[0.325s] Level 1:colcon.colcon_core.package_identification:_identify(nav_ws_gazebo/src/robot_navigation) by extensions ['colcon_meta']
[0.325s] Level 1:colcon.colcon_core.package_identification:_identify(nav_ws_gazebo/src/robot_navigation) by extension 'colcon_meta'
[0.325s] Level 1:colcon.colcon_core.package_identification:_identify(nav_ws_gazebo/src/robot_navigation) by extensions ['ros']
[0.325s] Level 1:colcon.colcon_core.package_identification:_identify(nav_ws_gazebo/src/robot_navigation) by extension 'ros'
[0.325s] DEBUG:colcon.colcon_core.package_identification:Package 'nav_ws_gazebo/src/robot_navigation' with type 'ros.ament_python' and name 'robot_navigation'
[0.325s] Level 1:colcon.colcon_core.package_discovery:discover_packages(recursive) using defaults
[0.355s] INFO:colcon.colcon_core.package_selection:Skipping package 'nav2_dwb_controller' in 'nav_ws_gazebo/src/gac_navigation2/nav2_dwb_controller/nav2_dwb_controller'
[0.355s] INFO:colcon.colcon_core.package_selection:Skipping package 'nav2_graceful_controller' in 'nav_ws_gazebo/src/gac_navigation2/nav2_graceful_controller'
[0.356s] INFO:colcon.colcon_core.package_selection:Skipping package 'gac_navigation2' in 'nav_ws_gazebo/src/gac_navigation2/gac_navigation2'
[0.356s] INFO:colcon.colcon_core.package_selection:Skipping package 'nav2_theta_star_planner' in 'nav_ws_gazebo/src/gac_navigation2/nav2_theta_star_planner'
[0.356s] INFO:colcon.colcon_core.package_selection:Skipping package 'nav2_smac_planner' in 'nav_ws_gazebo/src/gac_navigation2/nav2_smac_planner'
[0.356s] INFO:colcon.colcon_core.package_selection:Skipping package 'nav2_rotation_shim_controller' in 'nav_ws_gazebo/src/gac_navigation2/nav2_rotation_shim_controller'
[0.356s] INFO:colcon.colcon_core.package_selection:Skipping package 'nav2_mppi_controller' in 'nav_ws_gazebo/src/gac_navigation2/nav2_mppi_controller'
[0.356s] INFO:colcon.colcon_core.package_selection:Skipping package 'nav2_keepout_pkg' in 'nav_ws_gazebo/src/gac_nav2_keepout_pkg'
[0.356s] INFO:colcon.colcon_core.package_selection:Skipping package 'robot_navigation' in 'nav_ws_gazebo/src/robot_navigation'
[0.356s] INFO:colcon.colcon_core.package_selection:Skipping package 'road_network_collection_py' in 'nav_ws_gazebo/src/road_network_collection_py'
[0.356s] INFO:colcon.colcon_core.package_selection:Skipping package 'gac_robot_task_py' in 'nav_ws_gazebo/src/gac_robot_task_py'
[0.356s] INFO:colcon.colcon_core.package_selection:Skipping package 'record_path' in 'nav_ws_gazebo/src/record_path'
[0.356s] INFO:colcon.colcon_core.package_selection:Skipping package 'mqtt_nav_control_cpp' in 'nav_ws_gazebo/src/mqtt_nav_control_cpp'
[0.356s] INFO:colcon.colcon_core.package_selection:Skipping package 'laser_odom_transformer' in 'nav_ws_gazebo/src/laser_odom_transformer'
[0.356s] INFO:colcon.colcon_core.package_selection:Skipping package 'gac_robot_task' in 'nav_ws_gazebo/src/gac_robot_task'
[0.356s] INFO:colcon.colcon_core.package_selection:Skipping package 'gac_robot_msgs' in 'nav_ws_gazebo/src/gac_robot_msgs'
[0.356s] Level 1:colcon.colcon_core.package_discovery:discover_packages(prefix_path) check parameters
[0.356s] Level 1:colcon.colcon_core.package_discovery:discover_packages(prefix_path) discover
[0.359s] DEBUG:colcon.colcon_installed_package_information.package_discovery:Found 448 installed packages in /opt/ros/humble
[0.360s] Level 1:colcon.colcon_core.package_discovery:discover_packages(prefix_path) using defaults
[0.399s] WARNING:colcon.colcon_core.package_selection:Some selected packages are already built in one or more underlay workspaces:
	'dwb_critics' is in: /opt/ros/humble
If a package in a merged underlay workspace is overridden and it installs headers, then all packages in the overlay must sort their include directories by workspace order. Failure to do so may result in build failures or undefined behavior at run time.
If the overridden package is used by another package in any underlay, then the overriding package in the overlay must be API and ABI compatible or undefined behavior at run time may occur.

If you understand the risks and want to override a package anyways, add the following to the command line:
	--allow-overriding dwb_critics

This may be promoted to an error in a future release of colcon-override-check.
[0.400s] Level 5:colcon.colcon_core.verb:set package 'gac_nav2_voxel_grid' build argument 'cmake_args' from command line to '['-DBUILD_TESTING=OFF', '-DCMAKE_C_COMPILER_LAUNCHER=ccache', '-DCMAKE_CXX_COMPILER_LAUNCHER=ccache']'
[0.400s] Level 5:colcon.colcon_core.verb:set package 'gac_nav2_voxel_grid' build argument 'cmake_target' from command line to 'None'
[0.400s] Level 5:colcon.colcon_core.verb:set package 'gac_nav2_voxel_grid' build argument 'cmake_target_skip_unavailable' from command line to 'False'
[0.400s] Level 5:colcon.colcon_core.verb:set package 'gac_nav2_voxel_grid' build argument 'cmake_clean_cache' from command line to 'False'
[0.400s] Level 5:colcon.colcon_core.verb:set package 'gac_nav2_voxel_grid' build argument 'cmake_clean_first' from command line to 'False'
[0.400s] Level 5:colcon.colcon_core.verb:set package 'gac_nav2_voxel_grid' build argument 'cmake_force_configure' from command line to 'False'
[0.400s] Level 5:colcon.colcon_core.verb:set package 'gac_nav2_voxel_grid' build argument 'ament_cmake_args' from command line to 'None'
[0.400s] Level 5:colcon.colcon_core.verb:set package 'gac_nav2_voxel_grid' build argument 'catkin_cmake_args' from command line to 'None'
[0.400s] Level 5:colcon.colcon_core.verb:set package 'gac_nav2_voxel_grid' build argument 'catkin_skip_building_tests' from command line to 'False'
[0.400s] DEBUG:colcon.colcon_core.verb:Building package 'gac_nav2_voxel_grid' with the following arguments: {'ament_cmake_args': None, 'build_base': '/home/zr/code/src/build/gac_nav2_voxel_grid', 'catkin_cmake_args': None, 'catkin_skip_building_tests': False, 'cmake_args': ['-DBUILD_TESTING=OFF', '-DCMAKE_C_COMPILER_LAUNCHER=ccache', '-DCMAKE_CXX_COMPILER_LAUNCHER=ccache'], 'cmake_clean_cache': False, 'cmake_clean_first': False, 'cmake_force_configure': False, 'cmake_target': None, 'cmake_target_skip_unavailable': False, 'install_base': '/home/zr/code/src/install/gac_nav2_voxel_grid', 'merge_install': False, 'path': '/home/zr/code/src/nav_ws_gazebo/src/gac_navigation2/gac_nav2_voxel_grid', 'symlink_install': True, 'test_result_base': None}
[0.400s] Level 5:colcon.colcon_core.verb:set package 'nav2_util' build argument 'cmake_args' from command line to '['-DBUILD_TESTING=OFF', '-DCMAKE_C_COMPILER_LAUNCHER=ccache', '-DCMAKE_CXX_COMPILER_LAUNCHER=ccache']'
[0.400s] Level 5:colcon.colcon_core.verb:set package 'nav2_util' build argument 'cmake_target' from command line to 'None'
[0.400s] Level 5:colcon.colcon_core.verb:set package 'nav2_util' build argument 'cmake_target_skip_unavailable' from command line to 'False'
[0.400s] Level 5:colcon.colcon_core.verb:set package 'nav2_util' build argument 'cmake_clean_cache' from command line to 'False'
[0.400s] Level 5:colcon.colcon_core.verb:set package 'nav2_util' build argument 'cmake_clean_first' from command line to 'False'
[0.400s] Level 5:colcon.colcon_core.verb:set package 'nav2_util' build argument 'cmake_force_configure' from command line to 'False'
[0.400s] Level 5:colcon.colcon_core.verb:set package 'nav2_util' build argument 'ament_cmake_args' from command line to 'None'
[0.400s] Level 5:colcon.colcon_core.verb:set package 'nav2_util' build argument 'catkin_cmake_args' from command line to 'None'
[0.400s] Level 5:colcon.colcon_core.verb:set package 'nav2_util' build argument 'catkin_skip_building_tests' from command line to 'False'
[0.400s] DEBUG:colcon.colcon_core.verb:Building package 'nav2_util' with the following arguments: {'ament_cmake_args': None, 'build_base': '/home/zr/code/src/build/nav2_util', 'catkin_cmake_args': None, 'catkin_skip_building_tests': False, 'cmake_args': ['-DBUILD_TESTING=OFF', '-DCMAKE_C_COMPILER_LAUNCHER=ccache', '-DCMAKE_CXX_COMPILER_LAUNCHER=ccache'], 'cmake_clean_cache': False, 'cmake_clean_first': False, 'cmake_force_configure': False, 'cmake_target': None, 'cmake_target_skip_unavailable': False, 'install_base': '/home/zr/code/src/install/nav2_util', 'merge_install': False, 'path': '/home/zr/code/src/nav_ws_gazebo/src/gac_navigation2/nav2_util', 'symlink_install': True, 'test_result_base': None}
[0.401s] Level 5:colcon.colcon_core.verb:set package 'nav_2d_msgs' build argument 'cmake_args' from command line to '['-DBUILD_TESTING=OFF', '-DCMAKE_C_COMPILER_LAUNCHER=ccache', '-DCMAKE_CXX_COMPILER_LAUNCHER=ccache']'
[0.401s] Level 5:colcon.colcon_core.verb:set package 'nav_2d_msgs' build argument 'cmake_target' from command line to 'None'
[0.401s] Level 5:colcon.colcon_core.verb:set package 'nav_2d_msgs' build argument 'cmake_target_skip_unavailable' from command line to 'False'
[0.401s] Level 5:colcon.colcon_core.verb:set package 'nav_2d_msgs' build argument 'cmake_clean_cache' from command line to 'False'
[0.401s] Level 5:colcon.colcon_core.verb:set package 'nav_2d_msgs' build argument 'cmake_clean_first' from command line to 'False'
[0.401s] Level 5:colcon.colcon_core.verb:set package 'nav_2d_msgs' build argument 'cmake_force_configure' from command line to 'False'
[0.401s] Level 5:colcon.colcon_core.verb:set package 'nav_2d_msgs' build argument 'ament_cmake_args' from command line to 'None'
[0.401s] Level 5:colcon.colcon_core.verb:set package 'nav_2d_msgs' build argument 'catkin_cmake_args' from command line to 'None'
[0.401s] Level 5:colcon.colcon_core.verb:set package 'nav_2d_msgs' build argument 'catkin_skip_building_tests' from command line to 'False'
[0.401s] DEBUG:colcon.colcon_core.verb:Building package 'nav_2d_msgs' with the following arguments: {'ament_cmake_args': None, 'build_base': '/home/zr/code/src/build/nav_2d_msgs', 'catkin_cmake_args': None, 'catkin_skip_building_tests': False, 'cmake_args': ['-DBUILD_TESTING=OFF', '-DCMAKE_C_COMPILER_LAUNCHER=ccache', '-DCMAKE_CXX_COMPILER_LAUNCHER=ccache'], 'cmake_clean_cache': False, 'cmake_clean_first': False, 'cmake_force_configure': False, 'cmake_target': None, 'cmake_target_skip_unavailable': False, 'install_base': '/home/zr/code/src/install/nav_2d_msgs', 'merge_install': False, 'path': '/home/zr/code/src/nav_ws_gazebo/src/gac_navigation2/nav2_dwb_controller/nav_2d_msgs', 'symlink_install': True, 'test_result_base': None}
[0.401s] Level 5:colcon.colcon_core.verb:set package 'dwb_msgs' build argument 'cmake_args' from command line to '['-DBUILD_TESTING=OFF', '-DCMAKE_C_COMPILER_LAUNCHER=ccache', '-DCMAKE_CXX_COMPILER_LAUNCHER=ccache']'
[0.401s] Level 5:colcon.colcon_core.verb:set package 'dwb_msgs' build argument 'cmake_target' from command line to 'None'
[0.401s] Level 5:colcon.colcon_core.verb:set package 'dwb_msgs' build argument 'cmake_target_skip_unavailable' from command line to 'False'
[0.401s] Level 5:colcon.colcon_core.verb:set package 'dwb_msgs' build argument 'cmake_clean_cache' from command line to 'False'
[0.401s] Level 5:colcon.colcon_core.verb:set package 'dwb_msgs' build argument 'cmake_clean_first' from command line to 'False'
[0.401s] Level 5:colcon.colcon_core.verb:set package 'dwb_msgs' build argument 'cmake_force_configure' from command line to 'False'
[0.401s] Level 5:colcon.colcon_core.verb:set package 'dwb_msgs' build argument 'ament_cmake_args' from command line to 'None'
[0.401s] Level 5:colcon.colcon_core.verb:set package 'dwb_msgs' build argument 'catkin_cmake_args' from command line to 'None'
[0.401s] Level 5:colcon.colcon_core.verb:set package 'dwb_msgs' build argument 'catkin_skip_building_tests' from command line to 'False'
[0.401s] DEBUG:colcon.colcon_core.verb:Building package 'dwb_msgs' with the following arguments: {'ament_cmake_args': None, 'build_base': '/home/zr/code/src/build/dwb_msgs', 'catkin_cmake_args': None, 'catkin_skip_building_tests': False, 'cmake_args': ['-DBUILD_TESTING=OFF', '-DCMAKE_C_COMPILER_LAUNCHER=ccache', '-DCMAKE_CXX_COMPILER_LAUNCHER=ccache'], 'cmake_clean_cache': False, 'cmake_clean_first': False, 'cmake_force_configure': False, 'cmake_target': None, 'cmake_target_skip_unavailable': False, 'install_base': '/home/zr/code/src/install/dwb_msgs', 'merge_install': False, 'path': '/home/zr/code/src/nav_ws_gazebo/src/gac_navigation2/nav2_dwb_controller/dwb_msgs', 'symlink_install': True, 'test_result_base': None}
[0.401s] Level 5:colcon.colcon_core.verb:set package 'gac_nav2_behavior_tree' build argument 'cmake_args' from command line to '['-DBUILD_TESTING=OFF', '-DCMAKE_C_COMPILER_LAUNCHER=ccache', '-DCMAKE_CXX_COMPILER_LAUNCHER=ccache']'
[0.401s] Level 5:colcon.colcon_core.verb:set package 'gac_nav2_behavior_tree' build argument 'cmake_target' from command line to 'None'
[0.401s] Level 5:colcon.colcon_core.verb:set package 'gac_nav2_behavior_tree' build argument 'cmake_target_skip_unavailable' from command line to 'False'
[0.401s] Level 5:colcon.colcon_core.verb:set package 'gac_nav2_behavior_tree' build argument 'cmake_clean_cache' from command line to 'False'
[0.401s] Level 5:colcon.colcon_core.verb:set package 'gac_nav2_behavior_tree' build argument 'cmake_clean_first' from command line to 'False'
[0.401s] Level 5:colcon.colcon_core.verb:set package 'gac_nav2_behavior_tree' build argument 'cmake_force_configure' from command line to 'False'
[0.401s] Level 5:colcon.colcon_core.verb:set package 'gac_nav2_behavior_tree' build argument 'ament_cmake_args' from command line to 'None'
[0.401s] Level 5:colcon.colcon_core.verb:set package 'gac_nav2_behavior_tree' build argument 'catkin_cmake_args' from command line to 'None'
[0.401s] Level 5:colcon.colcon_core.verb:set package 'gac_nav2_behavior_tree' build argument 'catkin_skip_building_tests' from command line to 'False'
[0.401s] DEBUG:colcon.colcon_core.verb:Building package 'gac_nav2_behavior_tree' with the following arguments: {'ament_cmake_args': None, 'build_base': '/home/zr/code/src/build/gac_nav2_behavior_tree', 'catkin_cmake_args': None, 'catkin_skip_building_tests': False, 'cmake_args': ['-DBUILD_TESTING=OFF', '-DCMAKE_C_COMPILER_LAUNCHER=ccache', '-DCMAKE_CXX_COMPILER_LAUNCHER=ccache'], 'cmake_clean_cache': False, 'cmake_clean_first': False, 'cmake_force_configure': False, 'cmake_target': None, 'cmake_target_skip_unavailable': False, 'install_base': '/home/zr/code/src/install/gac_nav2_behavior_tree', 'merge_install': False, 'path': '/home/zr/code/src/nav_ws_gazebo/src/gac_navigation2/gac_nav2_behavior_tree', 'symlink_install': True, 'test_result_base': None}
[0.402s] Level 5:colcon.colcon_core.verb:set package 'gac_nav2_velocity_smoother' build argument 'cmake_args' from command line to '['-DBUILD_TESTING=OFF', '-DCMAKE_C_COMPILER_LAUNCHER=ccache', '-DCMAKE_CXX_COMPILER_LAUNCHER=ccache']'
[0.402s] Level 5:colcon.colcon_core.verb:set package 'gac_nav2_velocity_smoother' build argument 'cmake_target' from command line to 'None'
[0.402s] Level 5:colcon.colcon_core.verb:set package 'gac_nav2_velocity_smoother' build argument 'cmake_target_skip_unavailable' from command line to 'False'
[0.402s] Level 5:colcon.colcon_core.verb:set package 'gac_nav2_velocity_smoother' build argument 'cmake_clean_cache' from command line to 'False'
[0.402s] Level 5:colcon.colcon_core.verb:set package 'gac_nav2_velocity_smoother' build argument 'cmake_clean_first' from command line to 'False'
[0.402s] Level 5:colcon.colcon_core.verb:set package 'gac_nav2_velocity_smoother' build argument 'cmake_force_configure' from command line to 'False'
[0.402s] Level 5:colcon.colcon_core.verb:set package 'gac_nav2_velocity_smoother' build argument 'ament_cmake_args' from command line to 'None'
[0.402s] Level 5:colcon.colcon_core.verb:set package 'gac_nav2_velocity_smoother' build argument 'catkin_cmake_args' from command line to 'None'
[0.402s] Level 5:colcon.colcon_core.verb:set package 'gac_nav2_velocity_smoother' build argument 'catkin_skip_building_tests' from command line to 'False'
[0.402s] DEBUG:colcon.colcon_core.verb:Building package 'gac_nav2_velocity_smoother' with the following arguments: {'ament_cmake_args': None, 'build_base': '/home/zr/code/src/build/gac_nav2_velocity_smoother', 'catkin_cmake_args': None, 'catkin_skip_building_tests': False, 'cmake_args': ['-DBUILD_TESTING=OFF', '-DCMAKE_C_COMPILER_LAUNCHER=ccache', '-DCMAKE_CXX_COMPILER_LAUNCHER=ccache'], 'cmake_clean_cache': False, 'cmake_clean_first': False, 'cmake_force_configure': False, 'cmake_target': None, 'cmake_target_skip_unavailable': False, 'install_base': '/home/zr/code/src/install/gac_nav2_velocity_smoother', 'merge_install': False, 'path': '/home/zr/code/src/nav_ws_gazebo/src/gac_navigation2/gac_nav2_velocity_smoother', 'symlink_install': True, 'test_result_base': None}
[0.402s] Level 5:colcon.colcon_core.verb:set package 'nav2_lifecycle_manager' build argument 'cmake_args' from command line to '['-DBUILD_TESTING=OFF', '-DCMAKE_C_COMPILER_LAUNCHER=ccache', '-DCMAKE_CXX_COMPILER_LAUNCHER=ccache']'
[0.402s] Level 5:colcon.colcon_core.verb:set package 'nav2_lifecycle_manager' build argument 'cmake_target' from command line to 'None'
[0.402s] Level 5:colcon.colcon_core.verb:set package 'nav2_lifecycle_manager' build argument 'cmake_target_skip_unavailable' from command line to 'False'
[0.402s] Level 5:colcon.colcon_core.verb:set package 'nav2_lifecycle_manager' build argument 'cmake_clean_cache' from command line to 'False'
[0.402s] Level 5:colcon.colcon_core.verb:set package 'nav2_lifecycle_manager' build argument 'cmake_clean_first' from command line to 'False'
[0.402s] Level 5:colcon.colcon_core.verb:set package 'nav2_lifecycle_manager' build argument 'cmake_force_configure' from command line to 'False'
[0.402s] Level 5:colcon.colcon_core.verb:set package 'nav2_lifecycle_manager' build argument 'ament_cmake_args' from command line to 'None'
[0.402s] Level 5:colcon.colcon_core.verb:set package 'nav2_lifecycle_manager' build argument 'catkin_cmake_args' from command line to 'None'
[0.402s] Level 5:colcon.colcon_core.verb:set package 'nav2_lifecycle_manager' build argument 'catkin_skip_building_tests' from command line to 'False'
[0.402s] DEBUG:colcon.colcon_core.verb:Building package 'nav2_lifecycle_manager' with the following arguments: {'ament_cmake_args': None, 'build_base': '/home/zr/code/src/build/nav2_lifecycle_manager', 'catkin_cmake_args': None, 'catkin_skip_building_tests': False, 'cmake_args': ['-DBUILD_TESTING=OFF', '-DCMAKE_C_COMPILER_LAUNCHER=ccache', '-DCMAKE_CXX_COMPILER_LAUNCHER=ccache'], 'cmake_clean_cache': False, 'cmake_clean_first': False, 'cmake_force_configure': False, 'cmake_target': None, 'cmake_target_skip_unavailable': False, 'install_base': '/home/zr/code/src/install/nav2_lifecycle_manager', 'merge_install': False, 'path': '/home/zr/code/src/nav_ws_gazebo/src/gac_navigation2/nav2_lifecycle_manager', 'symlink_install': True, 'test_result_base': None}
[0.402s] Level 5:colcon.colcon_core.verb:set package 'nav2_map_server' build argument 'cmake_args' from command line to '['-DBUILD_TESTING=OFF', '-DCMAKE_C_COMPILER_LAUNCHER=ccache', '-DCMAKE_CXX_COMPILER_LAUNCHER=ccache']'
[0.402s] Level 5:colcon.colcon_core.verb:set package 'nav2_map_server' build argument 'cmake_target' from command line to 'None'
[0.402s] Level 5:colcon.colcon_core.verb:set package 'nav2_map_server' build argument 'cmake_target_skip_unavailable' from command line to 'False'
[0.402s] Level 5:colcon.colcon_core.verb:set package 'nav2_map_server' build argument 'cmake_clean_cache' from command line to 'False'
[0.402s] Level 5:colcon.colcon_core.verb:set package 'nav2_map_server' build argument 'cmake_clean_first' from command line to 'False'
[0.402s] Level 5:colcon.colcon_core.verb:set package 'nav2_map_server' build argument 'cmake_force_configure' from command line to 'False'
[0.402s] Level 5:colcon.colcon_core.verb:set package 'nav2_map_server' build argument 'ament_cmake_args' from command line to 'None'
[0.402s] Level 5:colcon.colcon_core.verb:set package 'nav2_map_server' build argument 'catkin_cmake_args' from command line to 'None'
[0.402s] Level 5:colcon.colcon_core.verb:set package 'nav2_map_server' build argument 'catkin_skip_building_tests' from command line to 'False'
[0.402s] DEBUG:colcon.colcon_core.verb:Building package 'nav2_map_server' with the following arguments: {'ament_cmake_args': None, 'build_base': '/home/zr/code/src/build/nav2_map_server', 'catkin_cmake_args': None, 'catkin_skip_building_tests': False, 'cmake_args': ['-DBUILD_TESTING=OFF', '-DCMAKE_C_COMPILER_LAUNCHER=ccache', '-DCMAKE_CXX_COMPILER_LAUNCHER=ccache'], 'cmake_clean_cache': False, 'cmake_clean_first': False, 'cmake_force_configure': False, 'cmake_target': None, 'cmake_target_skip_unavailable': False, 'install_base': '/home/zr/code/src/install/nav2_map_server', 'merge_install': False, 'path': '/home/zr/code/src/nav_ws_gazebo/src/gac_navigation2/nav2_map_server', 'symlink_install': True, 'test_result_base': None}
[0.403s] Level 5:colcon.colcon_core.verb:set package 'nav_2d_utils' build argument 'cmake_args' from command line to '['-DBUILD_TESTING=OFF', '-DCMAKE_C_COMPILER_LAUNCHER=ccache', '-DCMAKE_CXX_COMPILER_LAUNCHER=ccache']'
[0.403s] Level 5:colcon.colcon_core.verb:set package 'nav_2d_utils' build argument 'cmake_target' from command line to 'None'
[0.403s] Level 5:colcon.colcon_core.verb:set package 'nav_2d_utils' build argument 'cmake_target_skip_unavailable' from command line to 'False'
[0.403s] Level 5:colcon.colcon_core.verb:set package 'nav_2d_utils' build argument 'cmake_clean_cache' from command line to 'False'
[0.403s] Level 5:colcon.colcon_core.verb:set package 'nav_2d_utils' build argument 'cmake_clean_first' from command line to 'False'
[0.403s] Level 5:colcon.colcon_core.verb:set package 'nav_2d_utils' build argument 'cmake_force_configure' from command line to 'False'
[0.403s] Level 5:colcon.colcon_core.verb:set package 'nav_2d_utils' build argument 'ament_cmake_args' from command line to 'None'
[0.403s] Level 5:colcon.colcon_core.verb:set package 'nav_2d_utils' build argument 'catkin_cmake_args' from command line to 'None'
[0.403s] Level 5:colcon.colcon_core.verb:set package 'nav_2d_utils' build argument 'catkin_skip_building_tests' from command line to 'False'
[0.403s] DEBUG:colcon.colcon_core.verb:Building package 'nav_2d_utils' with the following arguments: {'ament_cmake_args': None, 'build_base': '/home/zr/code/src/build/nav_2d_utils', 'catkin_cmake_args': None, 'catkin_skip_building_tests': False, 'cmake_args': ['-DBUILD_TESTING=OFF', '-DCMAKE_C_COMPILER_LAUNCHER=ccache', '-DCMAKE_CXX_COMPILER_LAUNCHER=ccache'], 'cmake_clean_cache': False, 'cmake_clean_first': False, 'cmake_force_configure': False, 'cmake_target': None, 'cmake_target_skip_unavailable': False, 'install_base': '/home/zr/code/src/install/nav_2d_utils', 'merge_install': False, 'path': '/home/zr/code/src/nav_ws_gazebo/src/gac_navigation2/nav2_dwb_controller/nav_2d_utils', 'symlink_install': True, 'test_result_base': None}
[0.403s] Level 5:colcon.colcon_core.verb:set package 'gac_nav2_bringup' build argument 'cmake_args' from command line to '['-DBUILD_TESTING=OFF', '-DCMAKE_C_COMPILER_LAUNCHER=ccache', '-DCMAKE_CXX_COMPILER_LAUNCHER=ccache']'
[0.403s] Level 5:colcon.colcon_core.verb:set package 'gac_nav2_bringup' build argument 'cmake_target' from command line to 'None'
[0.403s] Level 5:colcon.colcon_core.verb:set package 'gac_nav2_bringup' build argument 'cmake_target_skip_unavailable' from command line to 'False'
[0.403s] Level 5:colcon.colcon_core.verb:set package 'gac_nav2_bringup' build argument 'cmake_clean_cache' from command line to 'False'
[0.403s] Level 5:colcon.colcon_core.verb:set package 'gac_nav2_bringup' build argument 'cmake_clean_first' from command line to 'False'
[0.403s] Level 5:colcon.colcon_core.verb:set package 'gac_nav2_bringup' build argument 'cmake_force_configure' from command line to 'False'
[0.403s] Level 5:colcon.colcon_core.verb:set package 'gac_nav2_bringup' build argument 'ament_cmake_args' from command line to 'None'
[0.403s] Level 5:colcon.colcon_core.verb:set package 'gac_nav2_bringup' build argument 'catkin_cmake_args' from command line to 'None'
[0.403s] Level 5:colcon.colcon_core.verb:set package 'gac_nav2_bringup' build argument 'catkin_skip_building_tests' from command line to 'False'
[0.403s] DEBUG:colcon.colcon_core.verb:Building package 'gac_nav2_bringup' with the following arguments: {'ament_cmake_args': None, 'build_base': '/home/zr/code/src/build/gac_nav2_bringup', 'catkin_cmake_args': None, 'catkin_skip_building_tests': False, 'cmake_args': ['-DBUILD_TESTING=OFF', '-DCMAKE_C_COMPILER_LAUNCHER=ccache', '-DCMAKE_CXX_COMPILER_LAUNCHER=ccache'], 'cmake_clean_cache': False, 'cmake_clean_first': False, 'cmake_force_configure': False, 'cmake_target': None, 'cmake_target_skip_unavailable': False, 'install_base': '/home/zr/code/src/install/gac_nav2_bringup', 'merge_install': False, 'path': '/home/zr/code/src/nav_ws_gazebo/src/gac_navigation2/gac_nav2_bringup', 'symlink_install': True, 'test_result_base': None}
[0.403s] Level 5:colcon.colcon_core.verb:set package 'gac_nav2_costmap_2d' build argument 'cmake_args' from command line to '['-DBUILD_TESTING=OFF', '-DCMAKE_C_COMPILER_LAUNCHER=ccache', '-DCMAKE_CXX_COMPILER_LAUNCHER=ccache']'
[0.403s] Level 5:colcon.colcon_core.verb:set package 'gac_nav2_costmap_2d' build argument 'cmake_target' from command line to 'None'
[0.403s] Level 5:colcon.colcon_core.verb:set package 'gac_nav2_costmap_2d' build argument 'cmake_target_skip_unavailable' from command line to 'False'
[0.403s] Level 5:colcon.colcon_core.verb:set package 'gac_nav2_costmap_2d' build argument 'cmake_clean_cache' from command line to 'False'
[0.403s] Level 5:colcon.colcon_core.verb:set package 'gac_nav2_costmap_2d' build argument 'cmake_clean_first' from command line to 'False'
[0.403s] Level 5:colcon.colcon_core.verb:set package 'gac_nav2_costmap_2d' build argument 'cmake_force_configure' from command line to 'False'
[0.403s] Level 5:colcon.colcon_core.verb:set package 'gac_nav2_costmap_2d' build argument 'ament_cmake_args' from command line to 'None'
[0.403s] Level 5:colcon.colcon_core.verb:set package 'gac_nav2_costmap_2d' build argument 'catkin_cmake_args' from command line to 'None'
[0.403s] Level 5:colcon.colcon_core.verb:set package 'gac_nav2_costmap_2d' build argument 'catkin_skip_building_tests' from command line to 'False'
[0.403s] DEBUG:colcon.colcon_core.verb:Building package 'gac_nav2_costmap_2d' with the following arguments: {'ament_cmake_args': None, 'build_base': '/home/zr/code/src/build/gac_nav2_costmap_2d', 'catkin_cmake_args': None, 'catkin_skip_building_tests': False, 'cmake_args': ['-DBUILD_TESTING=OFF', '-DCMAKE_C_COMPILER_LAUNCHER=ccache', '-DCMAKE_CXX_COMPILER_LAUNCHER=ccache'], 'cmake_clean_cache': False, 'cmake_clean_first': False, 'cmake_force_configure': False, 'cmake_target': None, 'cmake_target_skip_unavailable': False, 'install_base': '/home/zr/code/src/install/gac_nav2_costmap_2d', 'merge_install': False, 'path': '/home/zr/code/src/nav_ws_gazebo/src/gac_navigation2/gac_nav2_costmap_2d', 'symlink_install': True, 'test_result_base': None}
[0.404s] Level 5:colcon.colcon_core.verb:set package 'costmap_queue' build argument 'cmake_args' from command line to '['-DBUILD_TESTING=OFF', '-DCMAKE_C_COMPILER_LAUNCHER=ccache', '-DCMAKE_CXX_COMPILER_LAUNCHER=ccache']'
[0.404s] Level 5:colcon.colcon_core.verb:set package 'costmap_queue' build argument 'cmake_target' from command line to 'None'
[0.404s] Level 5:colcon.colcon_core.verb:set package 'costmap_queue' build argument 'cmake_target_skip_unavailable' from command line to 'False'
[0.404s] Level 5:colcon.colcon_core.verb:set package 'costmap_queue' build argument 'cmake_clean_cache' from command line to 'False'
[0.404s] Level 5:colcon.colcon_core.verb:set package 'costmap_queue' build argument 'cmake_clean_first' from command line to 'False'
[0.404s] Level 5:colcon.colcon_core.verb:set package 'costmap_queue' build argument 'cmake_force_configure' from command line to 'False'
[0.404s] Level 5:colcon.colcon_core.verb:set package 'costmap_queue' build argument 'ament_cmake_args' from command line to 'None'
[0.404s] Level 5:colcon.colcon_core.verb:set package 'costmap_queue' build argument 'catkin_cmake_args' from command line to 'None'
[0.404s] Level 5:colcon.colcon_core.verb:set package 'costmap_queue' build argument 'catkin_skip_building_tests' from command line to 'False'
[0.404s] DEBUG:colcon.colcon_core.verb:Building package 'costmap_queue' with the following arguments: {'ament_cmake_args': None, 'build_base': '/home/zr/code/src/build/costmap_queue', 'catkin_cmake_args': None, 'catkin_skip_building_tests': False, 'cmake_args': ['-DBUILD_TESTING=OFF', '-DCMAKE_C_COMPILER_LAUNCHER=ccache', '-DCMAKE_CXX_COMPILER_LAUNCHER=ccache'], 'cmake_clean_cache': False, 'cmake_clean_first': False, 'cmake_force_configure': False, 'cmake_target': None, 'cmake_target_skip_unavailable': False, 'install_base': '/home/zr/code/src/install/costmap_queue', 'merge_install': False, 'path': '/home/zr/code/src/nav_ws_gazebo/src/gac_navigation2/nav2_dwb_controller/costmap_queue', 'symlink_install': True, 'test_result_base': None}
[0.404s] Level 5:colcon.colcon_core.verb:set package 'gac_nav2_collision_monitor' build argument 'cmake_args' from command line to '['-DBUILD_TESTING=OFF', '-DCMAKE_C_COMPILER_LAUNCHER=ccache', '-DCMAKE_CXX_COMPILER_LAUNCHER=ccache']'
[0.404s] Level 5:colcon.colcon_core.verb:set package 'gac_nav2_collision_monitor' build argument 'cmake_target' from command line to 'None'
[0.404s] Level 5:colcon.colcon_core.verb:set package 'gac_nav2_collision_monitor' build argument 'cmake_target_skip_unavailable' from command line to 'False'
[0.404s] Level 5:colcon.colcon_core.verb:set package 'gac_nav2_collision_monitor' build argument 'cmake_clean_cache' from command line to 'False'
[0.404s] Level 5:colcon.colcon_core.verb:set package 'gac_nav2_collision_monitor' build argument 'cmake_clean_first' from command line to 'False'
[0.404s] Level 5:colcon.colcon_core.verb:set package 'gac_nav2_collision_monitor' build argument 'cmake_force_configure' from command line to 'False'
[0.404s] Level 5:colcon.colcon_core.verb:set package 'gac_nav2_collision_monitor' build argument 'ament_cmake_args' from command line to 'None'
[0.404s] Level 5:colcon.colcon_core.verb:set package 'gac_nav2_collision_monitor' build argument 'catkin_cmake_args' from command line to 'None'
[0.404s] Level 5:colcon.colcon_core.verb:set package 'gac_nav2_collision_monitor' build argument 'catkin_skip_building_tests' from command line to 'False'
[0.404s] DEBUG:colcon.colcon_core.verb:Building package 'gac_nav2_collision_monitor' with the following arguments: {'ament_cmake_args': None, 'build_base': '/home/zr/code/src/build/gac_nav2_collision_monitor', 'catkin_cmake_args': None, 'catkin_skip_building_tests': False, 'cmake_args': ['-DBUILD_TESTING=OFF', '-DCMAKE_C_COMPILER_LAUNCHER=ccache', '-DCMAKE_CXX_COMPILER_LAUNCHER=ccache'], 'cmake_clean_cache': False, 'cmake_clean_first': False, 'cmake_force_configure': False, 'cmake_target': None, 'cmake_target_skip_unavailable': False, 'install_base': '/home/zr/code/src/install/gac_nav2_collision_monitor', 'merge_install': False, 'path': '/home/zr/code/src/nav_ws_gazebo/src/gac_navigation2/gac_nav2_collision_monitor', 'symlink_install': True, 'test_result_base': None}
[0.404s] Level 5:colcon.colcon_core.verb:set package 'gac_nav2_core' build argument 'cmake_args' from command line to '['-DBUILD_TESTING=OFF', '-DCMAKE_C_COMPILER_LAUNCHER=ccache', '-DCMAKE_CXX_COMPILER_LAUNCHER=ccache']'
[0.404s] Level 5:colcon.colcon_core.verb:set package 'gac_nav2_core' build argument 'cmake_target' from command line to 'None'
[0.404s] Level 5:colcon.colcon_core.verb:set package 'gac_nav2_core' build argument 'cmake_target_skip_unavailable' from command line to 'False'
[0.404s] Level 5:colcon.colcon_core.verb:set package 'gac_nav2_core' build argument 'cmake_clean_cache' from command line to 'False'
[0.404s] Level 5:colcon.colcon_core.verb:set package 'gac_nav2_core' build argument 'cmake_clean_first' from command line to 'False'
[0.404s] Level 5:colcon.colcon_core.verb:set package 'gac_nav2_core' build argument 'cmake_force_configure' from command line to 'False'
[0.404s] Level 5:colcon.colcon_core.verb:set package 'gac_nav2_core' build argument 'ament_cmake_args' from command line to 'None'
[0.404s] Level 5:colcon.colcon_core.verb:set package 'gac_nav2_core' build argument 'catkin_cmake_args' from command line to 'None'
[0.404s] Level 5:colcon.colcon_core.verb:set package 'gac_nav2_core' build argument 'catkin_skip_building_tests' from command line to 'False'
[0.404s] DEBUG:colcon.colcon_core.verb:Building package 'gac_nav2_core' with the following arguments: {'ament_cmake_args': None, 'build_base': '/home/zr/code/src/build/gac_nav2_core', 'catkin_cmake_args': None, 'catkin_skip_building_tests': False, 'cmake_args': ['-DBUILD_TESTING=OFF', '-DCMAKE_C_COMPILER_LAUNCHER=ccache', '-DCMAKE_CXX_COMPILER_LAUNCHER=ccache'], 'cmake_clean_cache': False, 'cmake_clean_first': False, 'cmake_force_configure': False, 'cmake_target': None, 'cmake_target_skip_unavailable': False, 'install_base': '/home/zr/code/src/install/gac_nav2_core', 'merge_install': False, 'path': '/home/zr/code/src/nav_ws_gazebo/src/gac_navigation2/gac_nav2_core', 'symlink_install': True, 'test_result_base': None}
[0.405s] Level 5:colcon.colcon_core.verb:set package 'dwb_core' build argument 'cmake_args' from command line to '['-DBUILD_TESTING=OFF', '-DCMAKE_C_COMPILER_LAUNCHER=ccache', '-DCMAKE_CXX_COMPILER_LAUNCHER=ccache']'
[0.405s] Level 5:colcon.colcon_core.verb:set package 'dwb_core' build argument 'cmake_target' from command line to 'None'
[0.405s] Level 5:colcon.colcon_core.verb:set package 'dwb_core' build argument 'cmake_target_skip_unavailable' from command line to 'False'
[0.405s] Level 5:colcon.colcon_core.verb:set package 'dwb_core' build argument 'cmake_clean_cache' from command line to 'False'
[0.405s] Level 5:colcon.colcon_core.verb:set package 'dwb_core' build argument 'cmake_clean_first' from command line to 'False'
[0.405s] Level 5:colcon.colcon_core.verb:set package 'dwb_core' build argument 'cmake_force_configure' from command line to 'False'
[0.405s] Level 5:colcon.colcon_core.verb:set package 'dwb_core' build argument 'ament_cmake_args' from command line to 'None'
[0.405s] Level 5:colcon.colcon_core.verb:set package 'dwb_core' build argument 'catkin_cmake_args' from command line to 'None'
[0.405s] Level 5:colcon.colcon_core.verb:set package 'dwb_core' build argument 'catkin_skip_building_tests' from command line to 'False'
[0.405s] DEBUG:colcon.colcon_core.verb:Building package 'dwb_core' with the following arguments: {'ament_cmake_args': None, 'build_base': '/home/zr/code/src/build/dwb_core', 'catkin_cmake_args': None, 'catkin_skip_building_tests': False, 'cmake_args': ['-DBUILD_TESTING=OFF', '-DCMAKE_C_COMPILER_LAUNCHER=ccache', '-DCMAKE_CXX_COMPILER_LAUNCHER=ccache'], 'cmake_clean_cache': False, 'cmake_clean_first': False, 'cmake_force_configure': False, 'cmake_target': None, 'cmake_target_skip_unavailable': False, 'install_base': '/home/zr/code/src/install/dwb_core', 'merge_install': False, 'path': '/home/zr/code/src/nav_ws_gazebo/src/gac_navigation2/nav2_dwb_controller/dwb_core', 'symlink_install': True, 'test_result_base': None}
[0.405s] Level 5:colcon.colcon_core.verb:set package 'gac_nav2_behaviors' build argument 'cmake_args' from command line to '['-DBUILD_TESTING=OFF', '-DCMAKE_C_COMPILER_LAUNCHER=ccache', '-DCMAKE_CXX_COMPILER_LAUNCHER=ccache']'
[0.405s] Level 5:colcon.colcon_core.verb:set package 'gac_nav2_behaviors' build argument 'cmake_target' from command line to 'None'
[0.405s] Level 5:colcon.colcon_core.verb:set package 'gac_nav2_behaviors' build argument 'cmake_target_skip_unavailable' from command line to 'False'
[0.405s] Level 5:colcon.colcon_core.verb:set package 'gac_nav2_behaviors' build argument 'cmake_clean_cache' from command line to 'False'
[0.405s] Level 5:colcon.colcon_core.verb:set package 'gac_nav2_behaviors' build argument 'cmake_clean_first' from command line to 'False'
[0.405s] Level 5:colcon.colcon_core.verb:set package 'gac_nav2_behaviors' build argument 'cmake_force_configure' from command line to 'False'
[0.405s] Level 5:colcon.colcon_core.verb:set package 'gac_nav2_behaviors' build argument 'ament_cmake_args' from command line to 'None'
[0.405s] Level 5:colcon.colcon_core.verb:set package 'gac_nav2_behaviors' build argument 'catkin_cmake_args' from command line to 'None'
[0.405s] Level 5:colcon.colcon_core.verb:set package 'gac_nav2_behaviors' build argument 'catkin_skip_building_tests' from command line to 'False'
[0.405s] DEBUG:colcon.colcon_core.verb:Building package 'gac_nav2_behaviors' with the following arguments: {'ament_cmake_args': None, 'build_base': '/home/zr/code/src/build/gac_nav2_behaviors', 'catkin_cmake_args': None, 'catkin_skip_building_tests': False, 'cmake_args': ['-DBUILD_TESTING=OFF', '-DCMAKE_C_COMPILER_LAUNCHER=ccache', '-DCMAKE_CXX_COMPILER_LAUNCHER=ccache'], 'cmake_clean_cache': False, 'cmake_clean_first': False, 'cmake_force_configure': False, 'cmake_target': None, 'cmake_target_skip_unavailable': False, 'install_base': '/home/zr/code/src/install/gac_nav2_behaviors', 'merge_install': False, 'path': '/home/zr/code/src/nav_ws_gazebo/src/gac_navigation2/gac_nav2_behaviors', 'symlink_install': True, 'test_result_base': None}
[0.405s] Level 5:colcon.colcon_core.verb:set package 'gac_nav2_bt_navigator' build argument 'cmake_args' from command line to '['-DBUILD_TESTING=OFF', '-DCMAKE_C_COMPILER_LAUNCHER=ccache', '-DCMAKE_CXX_COMPILER_LAUNCHER=ccache']'
[0.405s] Level 5:colcon.colcon_core.verb:set package 'gac_nav2_bt_navigator' build argument 'cmake_target' from command line to 'None'
[0.405s] Level 5:colcon.colcon_core.verb:set package 'gac_nav2_bt_navigator' build argument 'cmake_target_skip_unavailable' from command line to 'False'
[0.405s] Level 5:colcon.colcon_core.verb:set package 'gac_nav2_bt_navigator' build argument 'cmake_clean_cache' from command line to 'False'
[0.405s] Level 5:colcon.colcon_core.verb:set package 'gac_nav2_bt_navigator' build argument 'cmake_clean_first' from command line to 'False'
[0.405s] Level 5:colcon.colcon_core.verb:set package 'gac_nav2_bt_navigator' build argument 'cmake_force_configure' from command line to 'False'
[0.405s] Level 5:colcon.colcon_core.verb:set package 'gac_nav2_bt_navigator' build argument 'ament_cmake_args' from command line to 'None'
[0.405s] Level 5:colcon.colcon_core.verb:set package 'gac_nav2_bt_navigator' build argument 'catkin_cmake_args' from command line to 'None'
[0.406s] Level 5:colcon.colcon_core.verb:set package 'gac_nav2_bt_navigator' build argument 'catkin_skip_building_tests' from command line to 'False'
[0.406s] DEBUG:colcon.colcon_core.verb:Building package 'gac_nav2_bt_navigator' with the following arguments: {'ament_cmake_args': None, 'build_base': '/home/zr/code/src/build/gac_nav2_bt_navigator', 'catkin_cmake_args': None, 'catkin_skip_building_tests': False, 'cmake_args': ['-DBUILD_TESTING=OFF', '-DCMAKE_C_COMPILER_LAUNCHER=ccache', '-DCMAKE_CXX_COMPILER_LAUNCHER=ccache'], 'cmake_clean_cache': False, 'cmake_clean_first': False, 'cmake_force_configure': False, 'cmake_target': None, 'cmake_target_skip_unavailable': False, 'install_base': '/home/zr/code/src/install/gac_nav2_bt_navigator', 'merge_install': False, 'path': '/home/zr/code/src/nav_ws_gazebo/src/gac_navigation2/gac_nav2_bt_navigator', 'symlink_install': True, 'test_result_base': None}
[0.406s] Level 5:colcon.colcon_core.verb:set package 'gac_nav2_controller' build argument 'cmake_args' from command line to '['-DBUILD_TESTING=OFF', '-DCMAKE_C_COMPILER_LAUNCHER=ccache', '-DCMAKE_CXX_COMPILER_LAUNCHER=ccache']'
[0.406s] Level 5:colcon.colcon_core.verb:set package 'gac_nav2_controller' build argument 'cmake_target' from command line to 'None'
[0.406s] Level 5:colcon.colcon_core.verb:set package 'gac_nav2_controller' build argument 'cmake_target_skip_unavailable' from command line to 'False'
[0.406s] Level 5:colcon.colcon_core.verb:set package 'gac_nav2_controller' build argument 'cmake_clean_cache' from command line to 'False'
[0.406s] Level 5:colcon.colcon_core.verb:set package 'gac_nav2_controller' build argument 'cmake_clean_first' from command line to 'False'
[0.406s] Level 5:colcon.colcon_core.verb:set package 'gac_nav2_controller' build argument 'cmake_force_configure' from command line to 'False'
[0.406s] Level 5:colcon.colcon_core.verb:set package 'gac_nav2_controller' build argument 'ament_cmake_args' from command line to 'None'
[0.406s] Level 5:colcon.colcon_core.verb:set package 'gac_nav2_controller' build argument 'catkin_cmake_args' from command line to 'None'
[0.406s] Level 5:colcon.colcon_core.verb:set package 'gac_nav2_controller' build argument 'catkin_skip_building_tests' from command line to 'False'
[0.406s] DEBUG:colcon.colcon_core.verb:Building package 'gac_nav2_controller' with the following arguments: {'ament_cmake_args': None, 'build_base': '/home/zr/code/src/build/gac_nav2_controller', 'catkin_cmake_args': None, 'catkin_skip_building_tests': False, 'cmake_args': ['-DBUILD_TESTING=OFF', '-DCMAKE_C_COMPILER_LAUNCHER=ccache', '-DCMAKE_CXX_COMPILER_LAUNCHER=ccache'], 'cmake_clean_cache': False, 'cmake_clean_first': False, 'cmake_force_configure': False, 'cmake_target': None, 'cmake_target_skip_unavailable': False, 'install_base': '/home/zr/code/src/install/gac_nav2_controller', 'merge_install': False, 'path': '/home/zr/code/src/nav_ws_gazebo/src/gac_navigation2/gac_nav2_controller', 'symlink_install': True, 'test_result_base': None}
[0.406s] Level 5:colcon.colcon_core.verb:set package 'gac_nav2_planner' build argument 'cmake_args' from command line to '['-DBUILD_TESTING=OFF', '-DCMAKE_C_COMPILER_LAUNCHER=ccache', '-DCMAKE_CXX_COMPILER_LAUNCHER=ccache']'
[0.406s] Level 5:colcon.colcon_core.verb:set package 'gac_nav2_planner' build argument 'cmake_target' from command line to 'None'
[0.406s] Level 5:colcon.colcon_core.verb:set package 'gac_nav2_planner' build argument 'cmake_target_skip_unavailable' from command line to 'False'
[0.406s] Level 5:colcon.colcon_core.verb:set package 'gac_nav2_planner' build argument 'cmake_clean_cache' from command line to 'False'
[0.406s] Level 5:colcon.colcon_core.verb:set package 'gac_nav2_planner' build argument 'cmake_clean_first' from command line to 'False'
[0.406s] Level 5:colcon.colcon_core.verb:set package 'gac_nav2_planner' build argument 'cmake_force_configure' from command line to 'False'
[0.406s] Level 5:colcon.colcon_core.verb:set package 'gac_nav2_planner' build argument 'ament_cmake_args' from command line to 'None'
[0.406s] Level 5:colcon.colcon_core.verb:set package 'gac_nav2_planner' build argument 'catkin_cmake_args' from command line to 'None'
[0.406s] Level 5:colcon.colcon_core.verb:set package 'gac_nav2_planner' build argument 'catkin_skip_building_tests' from command line to 'False'
[0.406s] DEBUG:colcon.colcon_core.verb:Building package 'gac_nav2_planner' with the following arguments: {'ament_cmake_args': None, 'build_base': '/home/zr/code/src/build/gac_nav2_planner', 'catkin_cmake_args': None, 'catkin_skip_building_tests': False, 'cmake_args': ['-DBUILD_TESTING=OFF', '-DCMAKE_C_COMPILER_LAUNCHER=ccache', '-DCMAKE_CXX_COMPILER_LAUNCHER=ccache'], 'cmake_clean_cache': False, 'cmake_clean_first': False, 'cmake_force_configure': False, 'cmake_target': None, 'cmake_target_skip_unavailable': False, 'install_base': '/home/zr/code/src/install/gac_nav2_planner', 'merge_install': False, 'path': '/home/zr/code/src/nav_ws_gazebo/src/gac_navigation2/gac_nav2_planner', 'symlink_install': True, 'test_result_base': None}
[0.406s] Level 5:colcon.colcon_core.verb:set package 'gac_nav2_smoother' build argument 'cmake_args' from command line to '['-DBUILD_TESTING=OFF', '-DCMAKE_C_COMPILER_LAUNCHER=ccache', '-DCMAKE_CXX_COMPILER_LAUNCHER=ccache']'
[0.406s] Level 5:colcon.colcon_core.verb:set package 'gac_nav2_smoother' build argument 'cmake_target' from command line to 'None'
[0.406s] Level 5:colcon.colcon_core.verb:set package 'gac_nav2_smoother' build argument 'cmake_target_skip_unavailable' from command line to 'False'
[0.406s] Level 5:colcon.colcon_core.verb:set package 'gac_nav2_smoother' build argument 'cmake_clean_cache' from command line to 'False'
[0.407s] Level 5:colcon.colcon_core.verb:set package 'gac_nav2_smoother' build argument 'cmake_clean_first' from command line to 'False'
[0.407s] Level 5:colcon.colcon_core.verb:set package 'gac_nav2_smoother' build argument 'cmake_force_configure' from command line to 'False'
[0.407s] Level 5:colcon.colcon_core.verb:set package 'gac_nav2_smoother' build argument 'ament_cmake_args' from command line to 'None'
[0.407s] Level 5:colcon.colcon_core.verb:set package 'gac_nav2_smoother' build argument 'catkin_cmake_args' from command line to 'None'
[0.407s] Level 5:colcon.colcon_core.verb:set package 'gac_nav2_smoother' build argument 'catkin_skip_building_tests' from command line to 'False'
[0.407s] DEBUG:colcon.colcon_core.verb:Building package 'gac_nav2_smoother' with the following arguments: {'ament_cmake_args': None, 'build_base': '/home/zr/code/src/build/gac_nav2_smoother', 'catkin_cmake_args': None, 'catkin_skip_building_tests': False, 'cmake_args': ['-DBUILD_TESTING=OFF', '-DCMAKE_C_COMPILER_LAUNCHER=ccache', '-DCMAKE_CXX_COMPILER_LAUNCHER=ccache'], 'cmake_clean_cache': False, 'cmake_clean_first': False, 'cmake_force_configure': False, 'cmake_target': None, 'cmake_target_skip_unavailable': False, 'install_base': '/home/zr/code/src/install/gac_nav2_smoother', 'merge_install': False, 'path': '/home/zr/code/src/nav_ws_gazebo/src/gac_navigation2/gac_nav2_smoother', 'symlink_install': True, 'test_result_base': None}
[0.407s] Level 5:colcon.colcon_core.verb:set package 'gac_nav2_waypoint_follower' build argument 'cmake_args' from command line to '['-DBUILD_TESTING=OFF', '-DCMAKE_C_COMPILER_LAUNCHER=ccache', '-DCMAKE_CXX_COMPILER_LAUNCHER=ccache']'
[0.407s] Level 5:colcon.colcon_core.verb:set package 'gac_nav2_waypoint_follower' build argument 'cmake_target' from command line to 'None'
[0.407s] Level 5:colcon.colcon_core.verb:set package 'gac_nav2_waypoint_follower' build argument 'cmake_target_skip_unavailable' from command line to 'False'
[0.407s] Level 5:colcon.colcon_core.verb:set package 'gac_nav2_waypoint_follower' build argument 'cmake_clean_cache' from command line to 'False'
[0.407s] Level 5:colcon.colcon_core.verb:set package 'gac_nav2_waypoint_follower' build argument 'cmake_clean_first' from command line to 'False'
[0.407s] Level 5:colcon.colcon_core.verb:set package 'gac_nav2_waypoint_follower' build argument 'cmake_force_configure' from command line to 'False'
[0.407s] Level 5:colcon.colcon_core.verb:set package 'gac_nav2_waypoint_follower' build argument 'ament_cmake_args' from command line to 'None'
[0.407s] Level 5:colcon.colcon_core.verb:set package 'gac_nav2_waypoint_follower' build argument 'catkin_cmake_args' from command line to 'None'
[0.407s] Level 5:colcon.colcon_core.verb:set package 'gac_nav2_waypoint_follower' build argument 'catkin_skip_building_tests' from command line to 'False'
[0.407s] DEBUG:colcon.colcon_core.verb:Building package 'gac_nav2_waypoint_follower' with the following arguments: {'ament_cmake_args': None, 'build_base': '/home/zr/code/src/build/gac_nav2_waypoint_follower', 'catkin_cmake_args': None, 'catkin_skip_building_tests': False, 'cmake_args': ['-DBUILD_TESTING=OFF', '-DCMAKE_C_COMPILER_LAUNCHER=ccache', '-DCMAKE_CXX_COMPILER_LAUNCHER=ccache'], 'cmake_clean_cache': False, 'cmake_clean_first': False, 'cmake_force_configure': False, 'cmake_target': None, 'cmake_target_skip_unavailable': False, 'install_base': '/home/zr/code/src/install/gac_nav2_waypoint_follower', 'merge_install': False, 'path': '/home/zr/code/src/nav_ws_gazebo/src/gac_navigation2/gac_nav2_waypoint_follower', 'symlink_install': True, 'test_result_base': None}
[0.407s] Level 5:colcon.colcon_core.verb:set package 'nav2_fixed_path_route' build argument 'cmake_args' from command line to '['-DBUILD_TESTING=OFF', '-DCMAKE_C_COMPILER_LAUNCHER=ccache', '-DCMAKE_CXX_COMPILER_LAUNCHER=ccache']'
[0.407s] Level 5:colcon.colcon_core.verb:set package 'nav2_fixed_path_route' build argument 'cmake_target' from command line to 'None'
[0.407s] Level 5:colcon.colcon_core.verb:set package 'nav2_fixed_path_route' build argument 'cmake_target_skip_unavailable' from command line to 'False'
[0.407s] Level 5:colcon.colcon_core.verb:set package 'nav2_fixed_path_route' build argument 'cmake_clean_cache' from command line to 'False'
[0.407s] Level 5:colcon.colcon_core.verb:set package 'nav2_fixed_path_route' build argument 'cmake_clean_first' from command line to 'False'
[0.407s] Level 5:colcon.colcon_core.verb:set package 'nav2_fixed_path_route' build argument 'cmake_force_configure' from command line to 'False'
[0.407s] Level 5:colcon.colcon_core.verb:set package 'nav2_fixed_path_route' build argument 'ament_cmake_args' from command line to 'None'
[0.407s] Level 5:colcon.colcon_core.verb:set package 'nav2_fixed_path_route' build argument 'catkin_cmake_args' from command line to 'None'
[0.407s] Level 5:colcon.colcon_core.verb:set package 'nav2_fixed_path_route' build argument 'catkin_skip_building_tests' from command line to 'False'
[0.407s] DEBUG:colcon.colcon_core.verb:Building package 'nav2_fixed_path_route' with the following arguments: {'ament_cmake_args': None, 'build_base': '/home/zr/code/src/build/nav2_fixed_path_route', 'catkin_cmake_args': None, 'catkin_skip_building_tests': False, 'cmake_args': ['-DBUILD_TESTING=OFF', '-DCMAKE_C_COMPILER_LAUNCHER=ccache', '-DCMAKE_CXX_COMPILER_LAUNCHER=ccache'], 'cmake_clean_cache': False, 'cmake_clean_first': False, 'cmake_force_configure': False, 'cmake_target': None, 'cmake_target_skip_unavailable': False, 'install_base': '/home/zr/code/src/install/nav2_fixed_path_route', 'merge_install': False, 'path': '/home/zr/code/src/nav_ws_gazebo/src/gac_navigation2/nav2_fixed_path_route', 'symlink_install': True, 'test_result_base': None}
[0.407s] Level 5:colcon.colcon_core.verb:set package 'nav2_navfn_planner' build argument 'cmake_args' from command line to '['-DBUILD_TESTING=OFF', '-DCMAKE_C_COMPILER_LAUNCHER=ccache', '-DCMAKE_CXX_COMPILER_LAUNCHER=ccache']'
[0.407s] Level 5:colcon.colcon_core.verb:set package 'nav2_navfn_planner' build argument 'cmake_target' from command line to 'None'
[0.407s] Level 5:colcon.colcon_core.verb:set package 'nav2_navfn_planner' build argument 'cmake_target_skip_unavailable' from command line to 'False'
[0.407s] Level 5:colcon.colcon_core.verb:set package 'nav2_navfn_planner' build argument 'cmake_clean_cache' from command line to 'False'
[0.407s] Level 5:colcon.colcon_core.verb:set package 'nav2_navfn_planner' build argument 'cmake_clean_first' from command line to 'False'
[0.408s] Level 5:colcon.colcon_core.verb:set package 'nav2_navfn_planner' build argument 'cmake_force_configure' from command line to 'False'
[0.408s] Level 5:colcon.colcon_core.verb:set package 'nav2_navfn_planner' build argument 'ament_cmake_args' from command line to 'None'
[0.408s] Level 5:colcon.colcon_core.verb:set package 'nav2_navfn_planner' build argument 'catkin_cmake_args' from command line to 'None'
[0.408s] Level 5:colcon.colcon_core.verb:set package 'nav2_navfn_planner' build argument 'catkin_skip_building_tests' from command line to 'False'
[0.408s] DEBUG:colcon.colcon_core.verb:Building package 'nav2_navfn_planner' with the following arguments: {'ament_cmake_args': None, 'build_base': '/home/zr/code/src/build/nav2_navfn_planner', 'catkin_cmake_args': None, 'catkin_skip_building_tests': False, 'cmake_args': ['-DBUILD_TESTING=OFF', '-DCMAKE_C_COMPILER_LAUNCHER=ccache', '-DCMAKE_CXX_COMPILER_LAUNCHER=ccache'], 'cmake_clean_cache': False, 'cmake_clean_first': False, 'cmake_force_configure': False, 'cmake_target': None, 'cmake_target_skip_unavailable': False, 'install_base': '/home/zr/code/src/install/nav2_navfn_planner', 'merge_install': False, 'path': '/home/zr/code/src/nav_ws_gazebo/src/gac_navigation2/nav2_navfn_planner', 'symlink_install': True, 'test_result_base': None}
[0.408s] Level 5:colcon.colcon_core.verb:set package 'dwb_critics' build argument 'cmake_args' from command line to '['-DBUILD_TESTING=OFF', '-DCMAKE_C_COMPILER_LAUNCHER=ccache', '-DCMAKE_CXX_COMPILER_LAUNCHER=ccache']'
[0.408s] Level 5:colcon.colcon_core.verb:set package 'dwb_critics' build argument 'cmake_target' from command line to 'None'
[0.408s] Level 5:colcon.colcon_core.verb:set package 'dwb_critics' build argument 'cmake_target_skip_unavailable' from command line to 'False'
[0.408s] Level 5:colcon.colcon_core.verb:set package 'dwb_critics' build argument 'cmake_clean_cache' from command line to 'False'
[0.408s] Level 5:colcon.colcon_core.verb:set package 'dwb_critics' build argument 'cmake_clean_first' from command line to 'False'
[0.408s] Level 5:colcon.colcon_core.verb:set package 'dwb_critics' build argument 'cmake_force_configure' from command line to 'False'
[0.408s] Level 5:colcon.colcon_core.verb:set package 'dwb_critics' build argument 'ament_cmake_args' from command line to 'None'
[0.408s] Level 5:colcon.colcon_core.verb:set package 'dwb_critics' build argument 'catkin_cmake_args' from command line to 'None'
[0.408s] Level 5:colcon.colcon_core.verb:set package 'dwb_critics' build argument 'catkin_skip_building_tests' from command line to 'False'
[0.408s] DEBUG:colcon.colcon_core.verb:Building package 'dwb_critics' with the following arguments: {'ament_cmake_args': None, 'build_base': '/home/zr/code/src/build/dwb_critics', 'catkin_cmake_args': None, 'catkin_skip_building_tests': False, 'cmake_args': ['-DBUILD_TESTING=OFF', '-DCMAKE_C_COMPILER_LAUNCHER=ccache', '-DCMAKE_CXX_COMPILER_LAUNCHER=ccache'], 'cmake_clean_cache': False, 'cmake_clean_first': False, 'cmake_force_configure': False, 'cmake_target': None, 'cmake_target_skip_unavailable': False, 'install_base': '/home/zr/code/src/install/dwb_critics', 'merge_install': False, 'path': '/home/zr/code/src/nav_ws_gazebo/src/gac_navigation2/nav2_dwb_controller/dwb_critics', 'symlink_install': True, 'test_result_base': None}
[0.408s] Level 5:colcon.colcon_core.verb:set package 'dwb_plugins' build argument 'cmake_args' from command line to '['-DBUILD_TESTING=OFF', '-DCMAKE_C_COMPILER_LAUNCHER=ccache', '-DCMAKE_CXX_COMPILER_LAUNCHER=ccache']'
[0.408s] Level 5:colcon.colcon_core.verb:set package 'dwb_plugins' build argument 'cmake_target' from command line to 'None'
[0.408s] Level 5:colcon.colcon_core.verb:set package 'dwb_plugins' build argument 'cmake_target_skip_unavailable' from command line to 'False'
[0.408s] Level 5:colcon.colcon_core.verb:set package 'dwb_plugins' build argument 'cmake_clean_cache' from command line to 'False'
[0.408s] Level 5:colcon.colcon_core.verb:set package 'dwb_plugins' build argument 'cmake_clean_first' from command line to 'False'
[0.408s] Level 5:colcon.colcon_core.verb:set package 'dwb_plugins' build argument 'cmake_force_configure' from command line to 'False'
[0.408s] Level 5:colcon.colcon_core.verb:set package 'dwb_plugins' build argument 'ament_cmake_args' from command line to 'None'
[0.408s] Level 5:colcon.colcon_core.verb:set package 'dwb_plugins' build argument 'catkin_cmake_args' from command line to 'None'
[0.408s] Level 5:colcon.colcon_core.verb:set package 'dwb_plugins' build argument 'catkin_skip_building_tests' from command line to 'False'
[0.408s] DEBUG:colcon.colcon_core.verb:Building package 'dwb_plugins' with the following arguments: {'ament_cmake_args': None, 'build_base': '/home/zr/code/src/build/dwb_plugins', 'catkin_cmake_args': None, 'catkin_skip_building_tests': False, 'cmake_args': ['-DBUILD_TESTING=OFF', '-DCMAKE_C_COMPILER_LAUNCHER=ccache', '-DCMAKE_CXX_COMPILER_LAUNCHER=ccache'], 'cmake_clean_cache': False, 'cmake_clean_first': False, 'cmake_force_configure': False, 'cmake_target': None, 'cmake_target_skip_unavailable': False, 'install_base': '/home/zr/code/src/install/dwb_plugins', 'merge_install': False, 'path': '/home/zr/code/src/nav_ws_gazebo/src/gac_navigation2/nav2_dwb_controller/dwb_plugins', 'symlink_install': True, 'test_result_base': None}
[0.408s] Level 5:colcon.colcon_core.verb:set package 'nav2_regulated_pure_pursuit_controller' build argument 'cmake_args' from command line to '['-DBUILD_TESTING=OFF', '-DCMAKE_C_COMPILER_LAUNCHER=ccache', '-DCMAKE_CXX_COMPILER_LAUNCHER=ccache']'
[0.408s] Level 5:colcon.colcon_core.verb:set package 'nav2_regulated_pure_pursuit_controller' build argument 'cmake_target' from command line to 'None'
[0.408s] Level 5:colcon.colcon_core.verb:set package 'nav2_regulated_pure_pursuit_controller' build argument 'cmake_target_skip_unavailable' from command line to 'False'
[0.408s] Level 5:colcon.colcon_core.verb:set package 'nav2_regulated_pure_pursuit_controller' build argument 'cmake_clean_cache' from command line to 'False'
[0.409s] Level 5:colcon.colcon_core.verb:set package 'nav2_regulated_pure_pursuit_controller' build argument 'cmake_clean_first' from command line to 'False'
[0.409s] Level 5:colcon.colcon_core.verb:set package 'nav2_regulated_pure_pursuit_controller' build argument 'cmake_force_configure' from command line to 'False'
[0.409s] Level 5:colcon.colcon_core.verb:set package 'nav2_regulated_pure_pursuit_controller' build argument 'ament_cmake_args' from command line to 'None'
[0.409s] Level 5:colcon.colcon_core.verb:set package 'nav2_regulated_pure_pursuit_controller' build argument 'catkin_cmake_args' from command line to 'None'
[0.409s] Level 5:colcon.colcon_core.verb:set package 'nav2_regulated_pure_pursuit_controller' build argument 'catkin_skip_building_tests' from command line to 'False'
[0.409s] DEBUG:colcon.colcon_core.verb:Building package 'nav2_regulated_pure_pursuit_controller' with the following arguments: {'ament_cmake_args': None, 'build_base': '/home/zr/code/src/build/nav2_regulated_pure_pursuit_controller', 'catkin_cmake_args': None, 'catkin_skip_building_tests': False, 'cmake_args': ['-DBUILD_TESTING=OFF', '-DCMAKE_C_COMPILER_LAUNCHER=ccache', '-DCMAKE_CXX_COMPILER_LAUNCHER=ccache'], 'cmake_clean_cache': False, 'cmake_clean_first': False, 'cmake_force_configure': False, 'cmake_target': None, 'cmake_target_skip_unavailable': False, 'install_base': '/home/zr/code/src/install/nav2_regulated_pure_pursuit_controller', 'merge_install': False, 'path': '/home/zr/code/src/nav_ws_gazebo/src/gac_navigation2/nav2_regulated_pure_pursuit_controller', 'symlink_install': True, 'test_result_base': None}
[0.409s] INFO:colcon.colcon_core.executor:Executing jobs using 'parallel' executor
[0.410s] DEBUG:colcon.colcon_parallel_executor.executor.parallel:run_until_complete
[0.410s] INFO:colcon.colcon_ros.task.ament_cmake.build:Building ROS package in '/home/zr/code/src/nav_ws_gazebo/src/gac_navigation2/nav2_util' with build type 'ament_cmake'
[0.410s] INFO:colcon.colcon_cmake.task.cmake.build:Building CMake package in '/home/zr/code/src/nav_ws_gazebo/src/gac_navigation2/nav2_util'
[0.412s] INFO:colcon.colcon_core.plugin_system:Skipping extension 'colcon_core.shell.bat': Not used on non-Windows systems
[0.413s] INFO:colcon.colcon_core.shell:Skip shell extension 'powershell' for command environment: Not usable outside of PowerShell
[0.413s] DEBUG:colcon.colcon_core.shell:Skip shell extension 'dsv' for command environment
[0.416s] INFO:colcon.colcon_ros.task.ament_cmake.build:Building ROS package in '/home/zr/code/src/nav_ws_gazebo/src/gac_navigation2/gac_nav2_voxel_grid' with build type 'ament_cmake'
[0.416s] INFO:colcon.colcon_cmake.task.cmake.build:Building CMake package in '/home/zr/code/src/nav_ws_gazebo/src/gac_navigation2/gac_nav2_voxel_grid'
[0.416s] INFO:colcon.colcon_core.shell:Skip shell extension 'powershell' for command environment: Not usable outside of PowerShell
[0.416s] DEBUG:colcon.colcon_core.shell:Skip shell extension 'dsv' for command environment
[0.420s] INFO:colcon.colcon_ros.task.ament_cmake.build:Building ROS package in '/home/zr/code/src/nav_ws_gazebo/src/gac_navigation2/nav2_dwb_controller/nav_2d_msgs' with build type 'ament_cmake'
[0.420s] INFO:colcon.colcon_cmake.task.cmake.build:Building CMake package in '/home/zr/code/src/nav_ws_gazebo/src/gac_navigation2/nav2_dwb_controller/nav_2d_msgs'
[0.420s] INFO:colcon.colcon_core.shell:Skip shell extension 'powershell' for command environment: Not usable outside of PowerShell
[0.420s] DEBUG:colcon.colcon_core.shell:Skip shell extension 'dsv' for command environment
[0.432s] DEBUG:colcon.colcon_core.event_handler.log_command:Invoking command in '/home/zr/code/src/build/nav2_util': CMAKE_PREFIX_PATH=/opt/ros/humble /usr/bin/cmake /home/zr/code/src/nav_ws_gazebo/src/gac_navigation2/nav2_util -DBUILD_TESTING=OFF -DCMAKE_C_COMPILER_LAUNCHER=ccache -DCMAKE_CXX_COMPILER_LAUNCHER=ccache -DAMENT_CMAKE_SYMLINK_INSTALL=1 -DCMAKE_INSTALL_PREFIX=/home/zr/code/src/install/nav2_util
[0.435s] DEBUG:colcon.colcon_core.event_handler.log_command:Invoking command in '/home/zr/code/src/build/gac_nav2_voxel_grid': CMAKE_PREFIX_PATH=/opt/ros/humble /usr/bin/cmake /home/zr/code/src/nav_ws_gazebo/src/gac_navigation2/gac_nav2_voxel_grid -DBUILD_TESTING=OFF -DCMAKE_C_COMPILER_LAUNCHER=ccache -DCMAKE_CXX_COMPILER_LAUNCHER=ccache -DAMENT_CMAKE_SYMLINK_INSTALL=1 -DCMAKE_INSTALL_PREFIX=/home/zr/code/src/install/gac_nav2_voxel_grid
[0.438s] DEBUG:colcon.colcon_core.event_handler.log_command:Invoking command in '/home/zr/code/src/build/nav_2d_msgs': CMAKE_PREFIX_PATH=/opt/ros/humble /usr/bin/cmake /home/zr/code/src/nav_ws_gazebo/src/gac_navigation2/nav2_dwb_controller/nav_2d_msgs -DBUILD_TESTING=OFF -DCMAKE_C_COMPILER_LAUNCHER=ccache -DCMAKE_CXX_COMPILER_LAUNCHER=ccache -DAMENT_CMAKE_SYMLINK_INSTALL=1 -DCMAKE_INSTALL_PREFIX=/home/zr/code/src/install/nav_2d_msgs
[1.563s] DEBUG:colcon.colcon_core.event_handler.log_command:Invoked command in '/home/zr/code/src/build/gac_nav2_voxel_grid' returned '0': CMAKE_PREFIX_PATH=/opt/ros/humble /usr/bin/cmake /home/zr/code/src/nav_ws_gazebo/src/gac_navigation2/gac_nav2_voxel_grid -DBUILD_TESTING=OFF -DCMAKE_C_COMPILER_LAUNCHER=ccache -DCMAKE_CXX_COMPILER_LAUNCHER=ccache -DAMENT_CMAKE_SYMLINK_INSTALL=1 -DCMAKE_INSTALL_PREFIX=/home/zr/code/src/install/gac_nav2_voxel_grid
[1.565s] DEBUG:colcon.colcon_core.event_handler.log_command:Invoking command in '/home/zr/code/src/build/gac_nav2_voxel_grid': CMAKE_PREFIX_PATH=/opt/ros/humble /usr/bin/cmake --build /home/zr/code/src/build/gac_nav2_voxel_grid -- -j16 -l16
[1.757s] DEBUG:colcon.colcon_core.event_handler.log_command:Invoked command in '/home/zr/code/src/build/gac_nav2_voxel_grid' returned '0': CMAKE_PREFIX_PATH=/opt/ros/humble /usr/bin/cmake --build /home/zr/code/src/build/gac_nav2_voxel_grid -- -j16 -l16
[1.769s] DEBUG:colcon.colcon_core.event_handler.log_command:Invoking command in '/home/zr/code/src/build/gac_nav2_voxel_grid': CMAKE_PREFIX_PATH=/opt/ros/humble /usr/bin/cmake --install /home/zr/code/src/build/gac_nav2_voxel_grid
[1.776s] DEBUG:colcon.colcon_core.event_handler.log_command:Invoked command in '/home/zr/code/src/build/nav2_util' returned '0': CMAKE_PREFIX_PATH=/opt/ros/humble /usr/bin/cmake /home/zr/code/src/nav_ws_gazebo/src/gac_navigation2/nav2_util -DBUILD_TESTING=OFF -DCMAKE_C_COMPILER_LAUNCHER=ccache -DCMAKE_CXX_COMPILER_LAUNCHER=ccache -DAMENT_CMAKE_SYMLINK_INSTALL=1 -DCMAKE_INSTALL_PREFIX=/home/zr/code/src/install/nav2_util
[1.779s] DEBUG:colcon.colcon_core.event_handler.log_command:Invoking command in '/home/zr/code/src/build/nav2_util': CMAKE_PREFIX_PATH=/opt/ros/humble /usr/bin/cmake --build /home/zr/code/src/build/nav2_util -- -j16 -l16
[2.021s] Level 1:colcon.colcon_core.environment:create_environment_scripts_only(gac_nav2_voxel_grid)
[2.025s] DEBUG:colcon.colcon_core.event_handler.log_command:Invoked command in '/home/zr/code/src/build/gac_nav2_voxel_grid' returned '0': CMAKE_PREFIX_PATH=/opt/ros/humble /usr/bin/cmake --install /home/zr/code/src/build/gac_nav2_voxel_grid
[2.027s] Level 1:colcon.colcon_core.environment:checking '/home/zr/code/src/install/gac_nav2_voxel_grid' for CMake module files
[2.028s] Level 1:colcon.colcon_core.environment:checking '/home/zr/code/src/install/gac_nav2_voxel_grid' for CMake config files
[2.029s] Level 1:colcon.colcon_core.shell:create_environment_hook('gac_nav2_voxel_grid', 'cmake_prefix_path')
[2.029s] INFO:colcon.colcon_core.shell:Creating environment hook '/home/zr/code/src/install/gac_nav2_voxel_grid/share/gac_nav2_voxel_grid/hook/cmake_prefix_path.ps1'
[2.030s] INFO:colcon.colcon_core.shell:Creating environment descriptor '/home/zr/code/src/install/gac_nav2_voxel_grid/share/gac_nav2_voxel_grid/hook/cmake_prefix_path.dsv'
[2.030s] INFO:colcon.colcon_core.shell:Creating environment hook '/home/zr/code/src/install/gac_nav2_voxel_grid/share/gac_nav2_voxel_grid/hook/cmake_prefix_path.sh'
[2.031s] Level 1:colcon.colcon_core.environment:checking '/home/zr/code/src/install/gac_nav2_voxel_grid/lib'
[2.031s] Level 1:colcon.colcon_core.shell:create_environment_hook('gac_nav2_voxel_grid', 'ld_library_path_lib')
[2.032s] INFO:colcon.colcon_core.shell:Creating environment hook '/home/zr/code/src/install/gac_nav2_voxel_grid/share/gac_nav2_voxel_grid/hook/ld_library_path_lib.ps1'
[2.033s] INFO:colcon.colcon_core.shell:Creating environment descriptor '/home/zr/code/src/install/gac_nav2_voxel_grid/share/gac_nav2_voxel_grid/hook/ld_library_path_lib.dsv'
[2.033s] INFO:colcon.colcon_core.shell:Creating environment hook '/home/zr/code/src/install/gac_nav2_voxel_grid/share/gac_nav2_voxel_grid/hook/ld_library_path_lib.sh'
[2.033s] Level 1:colcon.colcon_core.environment:checking '/home/zr/code/src/install/gac_nav2_voxel_grid/bin'
[2.033s] Level 1:colcon.colcon_core.environment:checking '/home/zr/code/src/install/gac_nav2_voxel_grid/lib/pkgconfig/gac_nav2_voxel_grid.pc'
[2.034s] Level 1:colcon.colcon_core.environment:checking '/home/zr/code/src/install/gac_nav2_voxel_grid/lib/python3.10/site-packages'
[2.034s] Level 1:colcon.colcon_core.environment:checking '/home/zr/code/src/install/gac_nav2_voxel_grid/bin'
[2.035s] INFO:colcon.colcon_core.shell:Creating package script '/home/zr/code/src/install/gac_nav2_voxel_grid/share/gac_nav2_voxel_grid/package.ps1'
[2.036s] INFO:colcon.colcon_core.shell:Creating package descriptor '/home/zr/code/src/install/gac_nav2_voxel_grid/share/gac_nav2_voxel_grid/package.dsv'
[2.037s] INFO:colcon.colcon_core.shell:Creating package script '/home/zr/code/src/install/gac_nav2_voxel_grid/share/gac_nav2_voxel_grid/package.sh'
[2.038s] INFO:colcon.colcon_core.shell:Creating package script '/home/zr/code/src/install/gac_nav2_voxel_grid/share/gac_nav2_voxel_grid/package.bash'
[2.039s] INFO:colcon.colcon_core.shell:Creating package script '/home/zr/code/src/install/gac_nav2_voxel_grid/share/gac_nav2_voxel_grid/package.zsh'
[2.040s] Level 1:colcon.colcon_core.environment:create_file_with_runtime_dependencies(/home/zr/code/src/install/gac_nav2_voxel_grid/share/colcon-core/packages/gac_nav2_voxel_grid)
[2.040s] Level 1:colcon.colcon_core.environment:create_environment_scripts_only(gac_nav2_voxel_grid)
[2.041s] Level 1:colcon.colcon_core.environment:checking '/home/zr/code/src/install/gac_nav2_voxel_grid' for CMake module files
[2.041s] Level 1:colcon.colcon_core.environment:checking '/home/zr/code/src/install/gac_nav2_voxel_grid' for CMake config files
[2.042s] Level 1:colcon.colcon_core.shell:create_environment_hook('gac_nav2_voxel_grid', 'cmake_prefix_path')
[2.042s] INFO:colcon.colcon_core.shell:Creating environment hook '/home/zr/code/src/install/gac_nav2_voxel_grid/share/gac_nav2_voxel_grid/hook/cmake_prefix_path.ps1'
[2.042s] INFO:colcon.colcon_core.shell:Creating environment descriptor '/home/zr/code/src/install/gac_nav2_voxel_grid/share/gac_nav2_voxel_grid/hook/cmake_prefix_path.dsv'
[2.043s] INFO:colcon.colcon_core.shell:Creating environment hook '/home/zr/code/src/install/gac_nav2_voxel_grid/share/gac_nav2_voxel_grid/hook/cmake_prefix_path.sh'
[2.044s] Level 1:colcon.colcon_core.environment:checking '/home/zr/code/src/install/gac_nav2_voxel_grid/lib'
[2.044s] Level 1:colcon.colcon_core.shell:create_environment_hook('gac_nav2_voxel_grid', 'ld_library_path_lib')
[2.044s] INFO:colcon.colcon_core.shell:Creating environment hook '/home/zr/code/src/install/gac_nav2_voxel_grid/share/gac_nav2_voxel_grid/hook/ld_library_path_lib.ps1'
[2.045s] INFO:colcon.colcon_core.shell:Creating environment descriptor '/home/zr/code/src/install/gac_nav2_voxel_grid/share/gac_nav2_voxel_grid/hook/ld_library_path_lib.dsv'
[2.045s] INFO:colcon.colcon_core.shell:Creating environment hook '/home/zr/code/src/install/gac_nav2_voxel_grid/share/gac_nav2_voxel_grid/hook/ld_library_path_lib.sh'
[2.046s] Level 1:colcon.colcon_core.environment:checking '/home/zr/code/src/install/gac_nav2_voxel_grid/bin'
[2.046s] Level 1:colcon.colcon_core.environment:checking '/home/zr/code/src/install/gac_nav2_voxel_grid/lib/pkgconfig/gac_nav2_voxel_grid.pc'
[2.046s] Level 1:colcon.colcon_core.environment:checking '/home/zr/code/src/install/gac_nav2_voxel_grid/lib/python3.10/site-packages'
[2.046s] Level 1:colcon.colcon_core.environment:checking '/home/zr/code/src/install/gac_nav2_voxel_grid/bin'
[2.051s] INFO:colcon.colcon_core.shell:Creating package script '/home/zr/code/src/install/gac_nav2_voxel_grid/share/gac_nav2_voxel_grid/package.ps1'
[2.052s] INFO:colcon.colcon_core.shell:Creating package descriptor '/home/zr/code/src/install/gac_nav2_voxel_grid/share/gac_nav2_voxel_grid/package.dsv'
[2.052s] INFO:colcon.colcon_core.shell:Creating package script '/home/zr/code/src/install/gac_nav2_voxel_grid/share/gac_nav2_voxel_grid/package.sh'
[2.053s] INFO:colcon.colcon_core.shell:Creating package script '/home/zr/code/src/install/gac_nav2_voxel_grid/share/gac_nav2_voxel_grid/package.bash'
[2.053s] INFO:colcon.colcon_core.shell:Creating package script '/home/zr/code/src/install/gac_nav2_voxel_grid/share/gac_nav2_voxel_grid/package.zsh'
[2.057s] Level 1:colcon.colcon_core.environment:create_file_with_runtime_dependencies(/home/zr/code/src/install/gac_nav2_voxel_grid/share/colcon-core/packages/gac_nav2_voxel_grid)
[2.184s] DEBUG:colcon.colcon_core.event_handler.log_command:Invoked command in '/home/zr/code/src/build/nav_2d_msgs' returned '0': CMAKE_PREFIX_PATH=/opt/ros/humble /usr/bin/cmake /home/zr/code/src/nav_ws_gazebo/src/gac_navigation2/nav2_dwb_controller/nav_2d_msgs -DBUILD_TESTING=OFF -DCMAKE_C_COMPILER_LAUNCHER=ccache -DCMAKE_CXX_COMPILER_LAUNCHER=ccache -DAMENT_CMAKE_SYMLINK_INSTALL=1 -DCMAKE_INSTALL_PREFIX=/home/zr/code/src/install/nav_2d_msgs
[2.185s] DEBUG:colcon.colcon_core.event_handler.log_command:Invoking command in '/home/zr/code/src/build/nav_2d_msgs': CMAKE_PREFIX_PATH=/opt/ros/humble /usr/bin/cmake --build /home/zr/code/src/build/nav_2d_msgs -- -j16 -l16
[4.289s] DEBUG:colcon.colcon_core.event_handler.log_command:Invoked command in '/home/zr/code/src/build/nav_2d_msgs' returned '0': CMAKE_PREFIX_PATH=/opt/ros/humble /usr/bin/cmake --build /home/zr/code/src/build/nav_2d_msgs -- -j16 -l16
[4.291s] DEBUG:colcon.colcon_core.event_handler.log_command:Invoking command in '/home/zr/code/src/build/nav_2d_msgs': CMAKE_PREFIX_PATH=/opt/ros/humble /usr/bin/cmake --install /home/zr/code/src/build/nav_2d_msgs
[5.853s] Level 1:colcon.colcon_core.environment:create_environment_scripts_only(nav_2d_msgs)
[5.853s] Level 1:colcon.colcon_core.environment:checking '/home/zr/code/src/install/nav_2d_msgs' for CMake module files
[5.854s] DEBUG:colcon.colcon_core.event_handler.log_command:Invoked command in '/home/zr/code/src/build/nav_2d_msgs' returned '0': CMAKE_PREFIX_PATH=/opt/ros/humble /usr/bin/cmake --install /home/zr/code/src/build/nav_2d_msgs
[5.855s] Level 1:colcon.colcon_core.environment:checking '/home/zr/code/src/install/nav_2d_msgs' for CMake config files
[5.856s] Level 1:colcon.colcon_core.shell:create_environment_hook('nav_2d_msgs', 'cmake_prefix_path')
[5.856s] INFO:colcon.colcon_core.shell:Creating environment hook '/home/zr/code/src/install/nav_2d_msgs/share/nav_2d_msgs/hook/cmake_prefix_path.ps1'
[5.857s] INFO:colcon.colcon_core.shell:Creating environment descriptor '/home/zr/code/src/install/nav_2d_msgs/share/nav_2d_msgs/hook/cmake_prefix_path.dsv'
[5.857s] INFO:colcon.colcon_core.shell:Creating environment hook '/home/zr/code/src/install/nav_2d_msgs/share/nav_2d_msgs/hook/cmake_prefix_path.sh'
[5.857s] Level 1:colcon.colcon_core.environment:checking '/home/zr/code/src/install/nav_2d_msgs/lib'
[5.857s] Level 1:colcon.colcon_core.shell:create_environment_hook('nav_2d_msgs', 'ld_library_path_lib')
[5.858s] INFO:colcon.colcon_core.shell:Creating environment hook '/home/zr/code/src/install/nav_2d_msgs/share/nav_2d_msgs/hook/ld_library_path_lib.ps1'
[5.858s] INFO:colcon.colcon_core.shell:Creating environment descriptor '/home/zr/code/src/install/nav_2d_msgs/share/nav_2d_msgs/hook/ld_library_path_lib.dsv'
[5.858s] INFO:colcon.colcon_core.shell:Creating environment hook '/home/zr/code/src/install/nav_2d_msgs/share/nav_2d_msgs/hook/ld_library_path_lib.sh'
[5.859s] Level 1:colcon.colcon_core.environment:checking '/home/zr/code/src/install/nav_2d_msgs/bin'
[5.859s] Level 1:colcon.colcon_core.environment:checking '/home/zr/code/src/install/nav_2d_msgs/lib/pkgconfig/nav_2d_msgs.pc'
[5.859s] Level 1:colcon.colcon_core.environment:checking '/home/zr/code/src/install/nav_2d_msgs/lib/python3.10/site-packages'
[5.859s] Level 1:colcon.colcon_core.environment:checking '/home/zr/code/src/install/nav_2d_msgs/bin'
[5.859s] INFO:colcon.colcon_core.shell:Creating package script '/home/zr/code/src/install/nav_2d_msgs/share/nav_2d_msgs/package.ps1'
[5.860s] INFO:colcon.colcon_core.shell:Creating package descriptor '/home/zr/code/src/install/nav_2d_msgs/share/nav_2d_msgs/package.dsv'
[5.861s] INFO:colcon.colcon_core.shell:Creating package script '/home/zr/code/src/install/nav_2d_msgs/share/nav_2d_msgs/package.sh'
[5.861s] INFO:colcon.colcon_core.shell:Creating package script '/home/zr/code/src/install/nav_2d_msgs/share/nav_2d_msgs/package.bash'
[5.861s] INFO:colcon.colcon_core.shell:Creating package script '/home/zr/code/src/install/nav_2d_msgs/share/nav_2d_msgs/package.zsh'
[5.861s] Level 1:colcon.colcon_core.environment:create_file_with_runtime_dependencies(/home/zr/code/src/install/nav_2d_msgs/share/colcon-core/packages/nav_2d_msgs)
[5.862s] Level 1:colcon.colcon_core.environment:create_environment_scripts_only(nav_2d_msgs)
[5.862s] Level 1:colcon.colcon_core.environment:checking '/home/zr/code/src/install/nav_2d_msgs' for CMake module files
[5.863s] Level 1:colcon.colcon_core.environment:checking '/home/zr/code/src/install/nav_2d_msgs' for CMake config files
[5.863s] Level 1:colcon.colcon_core.shell:create_environment_hook('nav_2d_msgs', 'cmake_prefix_path')
[5.863s] INFO:colcon.colcon_core.shell:Creating environment hook '/home/zr/code/src/install/nav_2d_msgs/share/nav_2d_msgs/hook/cmake_prefix_path.ps1'
[5.864s] INFO:colcon.colcon_core.shell:Creating environment descriptor '/home/zr/code/src/install/nav_2d_msgs/share/nav_2d_msgs/hook/cmake_prefix_path.dsv'
[5.864s] INFO:colcon.colcon_core.shell:Creating environment hook '/home/zr/code/src/install/nav_2d_msgs/share/nav_2d_msgs/hook/cmake_prefix_path.sh'
[5.864s] Level 1:colcon.colcon_core.environment:checking '/home/zr/code/src/install/nav_2d_msgs/lib'
[5.865s] Level 1:colcon.colcon_core.shell:create_environment_hook('nav_2d_msgs', 'ld_library_path_lib')
[5.865s] INFO:colcon.colcon_core.shell:Creating environment hook '/home/zr/code/src/install/nav_2d_msgs/share/nav_2d_msgs/hook/ld_library_path_lib.ps1'
[5.865s] INFO:colcon.colcon_core.shell:Creating environment descriptor '/home/zr/code/src/install/nav_2d_msgs/share/nav_2d_msgs/hook/ld_library_path_lib.dsv'
[5.865s] INFO:colcon.colcon_core.shell:Creating environment hook '/home/zr/code/src/install/nav_2d_msgs/share/nav_2d_msgs/hook/ld_library_path_lib.sh'
[5.865s] Level 1:colcon.colcon_core.environment:checking '/home/zr/code/src/install/nav_2d_msgs/bin'
[5.866s] Level 1:colcon.colcon_core.environment:checking '/home/zr/code/src/install/nav_2d_msgs/lib/pkgconfig/nav_2d_msgs.pc'
[5.866s] Level 1:colcon.colcon_core.environment:checking '/home/zr/code/src/install/nav_2d_msgs/lib/python3.10/site-packages'
[5.866s] Level 1:colcon.colcon_core.environment:checking '/home/zr/code/src/install/nav_2d_msgs/bin'
[5.866s] INFO:colcon.colcon_core.shell:Creating package script '/home/zr/code/src/install/nav_2d_msgs/share/nav_2d_msgs/package.ps1'
[5.867s] INFO:colcon.colcon_core.shell:Creating package descriptor '/home/zr/code/src/install/nav_2d_msgs/share/nav_2d_msgs/package.dsv'
[5.867s] INFO:colcon.colcon_core.shell:Creating package script '/home/zr/code/src/install/nav_2d_msgs/share/nav_2d_msgs/package.sh'
[5.867s] INFO:colcon.colcon_core.shell:Creating package script '/home/zr/code/src/install/nav_2d_msgs/share/nav_2d_msgs/package.bash'
[5.868s] INFO:colcon.colcon_core.shell:Creating package script '/home/zr/code/src/install/nav_2d_msgs/share/nav_2d_msgs/package.zsh'
[5.868s] Level 1:colcon.colcon_core.environment:create_file_with_runtime_dependencies(/home/zr/code/src/install/nav_2d_msgs/share/colcon-core/packages/nav_2d_msgs)
[5.868s] INFO:colcon.colcon_ros.task.ament_cmake.build:Building ROS package in '/home/zr/code/src/nav_ws_gazebo/src/gac_navigation2/nav2_dwb_controller/dwb_msgs' with build type 'ament_cmake'
[5.868s] INFO:colcon.colcon_cmake.task.cmake.build:Building CMake package in '/home/zr/code/src/nav_ws_gazebo/src/gac_navigation2/nav2_dwb_controller/dwb_msgs'
[5.869s] INFO:colcon.colcon_core.shell:Skip shell extension 'powershell' for command environment: Not usable outside of PowerShell
[5.869s] DEBUG:colcon.colcon_core.shell:Skip shell extension 'dsv' for command environment
[5.879s] DEBUG:colcon.colcon_core.event_handler.log_command:Invoking command in '/home/zr/code/src/build/dwb_msgs': AMENT_PREFIX_PATH=/home/zr/code/src/install/nav_2d_msgs:${AMENT_PREFIX_PATH} CMAKE_PREFIX_PATH=/home/zr/code/src/install/nav_2d_msgs:/opt/ros/humble LD_LIBRARY_PATH=/home/zr/code/src/install/nav_2d_msgs/lib:${LD_LIBRARY_PATH} PYTHONPATH=/home/zr/code/src/install/nav_2d_msgs/local/lib/python3.10/dist-packages:${PYTHONPATH} /usr/bin/cmake /home/zr/code/src/nav_ws_gazebo/src/gac_navigation2/nav2_dwb_controller/dwb_msgs -DBUILD_TESTING=OFF -DCMAKE_C_COMPILER_LAUNCHER=ccache -DCMAKE_CXX_COMPILER_LAUNCHER=ccache -DAMENT_CMAKE_SYMLINK_INSTALL=1 -DCMAKE_INSTALL_PREFIX=/home/zr/code/src/install/dwb_msgs
[6.308s] DEBUG:colcon.colcon_core.event_handler.log_command:Invoked command in '/home/zr/code/src/build/nav2_util' returned '0': CMAKE_PREFIX_PATH=/opt/ros/humble /usr/bin/cmake --build /home/zr/code/src/build/nav2_util -- -j16 -l16
[6.310s] DEBUG:colcon.colcon_core.event_handler.log_command:Invoking command in '/home/zr/code/src/build/nav2_util': CMAKE_PREFIX_PATH=/opt/ros/humble /usr/bin/cmake --install /home/zr/code/src/build/nav2_util
[6.697s] Level 1:colcon.colcon_core.environment:create_environment_scripts_only(nav2_util)
[6.698s] Level 1:colcon.colcon_core.environment:checking '/home/zr/code/src/install/nav2_util' for CMake module files
[6.698s] DEBUG:colcon.colcon_core.event_handler.log_command:Invoked command in '/home/zr/code/src/build/nav2_util' returned '0': CMAKE_PREFIX_PATH=/opt/ros/humble /usr/bin/cmake --install /home/zr/code/src/build/nav2_util
[6.699s] Level 1:colcon.colcon_core.environment:checking '/home/zr/code/src/install/nav2_util' for CMake config files
[6.699s] Level 1:colcon.colcon_core.shell:create_environment_hook('nav2_util', 'cmake_prefix_path')
[6.699s] INFO:colcon.colcon_core.shell:Creating environment hook '/home/zr/code/src/install/nav2_util/share/nav2_util/hook/cmake_prefix_path.ps1'
[6.700s] INFO:colcon.colcon_core.shell:Creating environment descriptor '/home/zr/code/src/install/nav2_util/share/nav2_util/hook/cmake_prefix_path.dsv'
[6.700s] INFO:colcon.colcon_core.shell:Creating environment hook '/home/zr/code/src/install/nav2_util/share/nav2_util/hook/cmake_prefix_path.sh'
[6.700s] Level 1:colcon.colcon_core.environment:checking '/home/zr/code/src/install/nav2_util/lib'
[6.700s] Level 1:colcon.colcon_core.shell:create_environment_hook('nav2_util', 'ld_library_path_lib')
[6.701s] INFO:colcon.colcon_core.shell:Creating environment hook '/home/zr/code/src/install/nav2_util/share/nav2_util/hook/ld_library_path_lib.ps1'
[6.701s] INFO:colcon.colcon_core.shell:Creating environment descriptor '/home/zr/code/src/install/nav2_util/share/nav2_util/hook/ld_library_path_lib.dsv'
[6.701s] INFO:colcon.colcon_core.shell:Creating environment hook '/home/zr/code/src/install/nav2_util/share/nav2_util/hook/ld_library_path_lib.sh'
[6.702s] Level 1:colcon.colcon_core.environment:checking '/home/zr/code/src/install/nav2_util/bin'
[6.702s] Level 1:colcon.colcon_core.environment:checking '/home/zr/code/src/install/nav2_util/lib/pkgconfig/nav2_util.pc'
[6.702s] Level 1:colcon.colcon_core.environment:checking '/home/zr/code/src/install/nav2_util/lib/python3.10/site-packages'
[6.702s] Level 1:colcon.colcon_core.environment:checking '/home/zr/code/src/install/nav2_util/bin'
[6.703s] INFO:colcon.colcon_core.shell:Creating package script '/home/zr/code/src/install/nav2_util/share/nav2_util/package.ps1'
[6.703s] INFO:colcon.colcon_core.shell:Creating package descriptor '/home/zr/code/src/install/nav2_util/share/nav2_util/package.dsv'
[6.703s] INFO:colcon.colcon_core.shell:Creating package script '/home/zr/code/src/install/nav2_util/share/nav2_util/package.sh'
[6.704s] INFO:colcon.colcon_core.shell:Creating package script '/home/zr/code/src/install/nav2_util/share/nav2_util/package.bash'
[6.704s] INFO:colcon.colcon_core.shell:Creating package script '/home/zr/code/src/install/nav2_util/share/nav2_util/package.zsh'
[6.705s] Level 1:colcon.colcon_core.environment:create_file_with_runtime_dependencies(/home/zr/code/src/install/nav2_util/share/colcon-core/packages/nav2_util)
[6.705s] Level 1:colcon.colcon_core.environment:create_environment_scripts_only(nav2_util)
[6.706s] Level 1:colcon.colcon_core.environment:checking '/home/zr/code/src/install/nav2_util' for CMake module files
[6.706s] Level 1:colcon.colcon_core.environment:checking '/home/zr/code/src/install/nav2_util' for CMake config files
[6.706s] Level 1:colcon.colcon_core.shell:create_environment_hook('nav2_util', 'cmake_prefix_path')
[6.706s] INFO:colcon.colcon_core.shell:Creating environment hook '/home/zr/code/src/install/nav2_util/share/nav2_util/hook/cmake_prefix_path.ps1'
[6.707s] INFO:colcon.colcon_core.shell:Creating environment descriptor '/home/zr/code/src/install/nav2_util/share/nav2_util/hook/cmake_prefix_path.dsv'
[6.707s] INFO:colcon.colcon_core.shell:Creating environment hook '/home/zr/code/src/install/nav2_util/share/nav2_util/hook/cmake_prefix_path.sh'
[6.707s] Level 1:colcon.colcon_core.environment:checking '/home/zr/code/src/install/nav2_util/lib'
[6.707s] Level 1:colcon.colcon_core.shell:create_environment_hook('nav2_util', 'ld_library_path_lib')
[6.707s] INFO:colcon.colcon_core.shell:Creating environment hook '/home/zr/code/src/install/nav2_util/share/nav2_util/hook/ld_library_path_lib.ps1'
[6.708s] INFO:colcon.colcon_core.shell:Creating environment descriptor '/home/zr/code/src/install/nav2_util/share/nav2_util/hook/ld_library_path_lib.dsv'
[6.708s] INFO:colcon.colcon_core.shell:Creating environment hook '/home/zr/code/src/install/nav2_util/share/nav2_util/hook/ld_library_path_lib.sh'
[6.708s] Level 1:colcon.colcon_core.environment:checking '/home/zr/code/src/install/nav2_util/bin'
[6.708s] Level 1:colcon.colcon_core.environment:checking '/home/zr/code/src/install/nav2_util/lib/pkgconfig/nav2_util.pc'
[6.709s] Level 1:colcon.colcon_core.environment:checking '/home/zr/code/src/install/nav2_util/lib/python3.10/site-packages'
[6.709s] Level 1:colcon.colcon_core.environment:checking '/home/zr/code/src/install/nav2_util/bin'
[6.709s] INFO:colcon.colcon_core.shell:Creating package script '/home/zr/code/src/install/nav2_util/share/nav2_util/package.ps1'
[6.710s] INFO:colcon.colcon_core.shell:Creating package descriptor '/home/zr/code/src/install/nav2_util/share/nav2_util/package.dsv'
[6.710s] INFO:colcon.colcon_core.shell:Creating package script '/home/zr/code/src/install/nav2_util/share/nav2_util/package.sh'
[6.710s] INFO:colcon.colcon_core.shell:Creating package script '/home/zr/code/src/install/nav2_util/share/nav2_util/package.bash'
[6.710s] INFO:colcon.colcon_core.shell:Creating package script '/home/zr/code/src/install/nav2_util/share/nav2_util/package.zsh'
[6.711s] Level 1:colcon.colcon_core.environment:create_file_with_runtime_dependencies(/home/zr/code/src/install/nav2_util/share/colcon-core/packages/nav2_util)
[6.711s] INFO:colcon.colcon_ros.task.ament_cmake.build:Building ROS package in '/home/zr/code/src/nav_ws_gazebo/src/gac_navigation2/nav2_lifecycle_manager' with build type 'ament_cmake'
[6.711s] INFO:colcon.colcon_cmake.task.cmake.build:Building CMake package in '/home/zr/code/src/nav_ws_gazebo/src/gac_navigation2/nav2_lifecycle_manager'
[6.712s] INFO:colcon.colcon_core.shell:Skip shell extension 'powershell' for command environment: Not usable outside of PowerShell
[6.712s] DEBUG:colcon.colcon_core.shell:Skip shell extension 'dsv' for command environment
[6.715s] INFO:colcon.colcon_ros.task.ament_cmake.build:Building ROS package in '/home/zr/code/src/nav_ws_gazebo/src/gac_navigation2/nav2_map_server' with build type 'ament_cmake'
[6.715s] INFO:colcon.colcon_cmake.task.cmake.build:Building CMake package in '/home/zr/code/src/nav_ws_gazebo/src/gac_navigation2/nav2_map_server'
[6.716s] INFO:colcon.colcon_core.shell:Skip shell extension 'powershell' for command environment: Not usable outside of PowerShell
[6.716s] DEBUG:colcon.colcon_core.shell:Skip shell extension 'dsv' for command environment
[6.719s] INFO:colcon.colcon_ros.task.ament_cmake.build:Building ROS package in '/home/zr/code/src/nav_ws_gazebo/src/gac_navigation2/nav2_dwb_controller/nav_2d_utils' with build type 'ament_cmake'
[6.719s] INFO:colcon.colcon_cmake.task.cmake.build:Building CMake package in '/home/zr/code/src/nav_ws_gazebo/src/gac_navigation2/nav2_dwb_controller/nav_2d_utils'
[6.720s] INFO:colcon.colcon_core.shell:Skip shell extension 'powershell' for command environment: Not usable outside of PowerShell
[6.720s] DEBUG:colcon.colcon_core.shell:Skip shell extension 'dsv' for command environment
[6.729s] DEBUG:colcon.colcon_core.event_handler.log_command:Invoking command in '/home/zr/code/src/build/nav2_lifecycle_manager': AMENT_PREFIX_PATH=/home/zr/code/src/install/nav2_util:${AMENT_PREFIX_PATH} CMAKE_PREFIX_PATH=/home/zr/code/src/install/nav2_util:/opt/ros/humble LD_LIBRARY_PATH=/home/zr/code/src/install/nav2_util/lib:${LD_LIBRARY_PATH} /usr/bin/cmake /home/zr/code/src/nav_ws_gazebo/src/gac_navigation2/nav2_lifecycle_manager -DBUILD_TESTING=OFF -DCMAKE_C_COMPILER_LAUNCHER=ccache -DCMAKE_CXX_COMPILER_LAUNCHER=ccache -DAMENT_CMAKE_SYMLINK_INSTALL=1 -DCMAKE_INSTALL_PREFIX=/home/zr/code/src/install/nav2_lifecycle_manager
[6.731s] DEBUG:colcon.colcon_core.event_handler.log_command:Invoking command in '/home/zr/code/src/build/nav2_map_server': AMENT_PREFIX_PATH=/home/zr/code/src/install/nav2_util:${AMENT_PREFIX_PATH} CMAKE_PREFIX_PATH=/home/zr/code/src/install/nav2_util:/opt/ros/humble LD_LIBRARY_PATH=/home/zr/code/src/install/nav2_util/lib:${LD_LIBRARY_PATH} /usr/bin/cmake /home/zr/code/src/nav_ws_gazebo/src/gac_navigation2/nav2_map_server -DBUILD_TESTING=OFF -DCMAKE_C_COMPILER_LAUNCHER=ccache -DCMAKE_CXX_COMPILER_LAUNCHER=ccache -DAMENT_CMAKE_SYMLINK_INSTALL=1 -DCMAKE_INSTALL_PREFIX=/home/zr/code/src/install/nav2_map_server
[6.734s] DEBUG:colcon.colcon_core.event_handler.log_command:Invoking command in '/home/zr/code/src/build/nav_2d_utils': AMENT_PREFIX_PATH=/home/zr/code/src/install/nav_2d_msgs:/home/zr/code/src/install/nav2_util:${AMENT_PREFIX_PATH} CMAKE_PREFIX_PATH=/home/zr/code/src/install/nav_2d_msgs:/home/zr/code/src/install/nav2_util:/opt/ros/humble LD_LIBRARY_PATH=/home/zr/code/src/install/nav_2d_msgs/lib:/home/zr/code/src/install/nav2_util/lib:${LD_LIBRARY_PATH} PYTHONPATH=/home/zr/code/src/install/nav_2d_msgs/local/lib/python3.10/dist-packages:${PYTHONPATH} /usr/bin/cmake /home/zr/code/src/nav_ws_gazebo/src/gac_navigation2/nav2_dwb_controller/nav_2d_utils -DBUILD_TESTING=OFF -DCMAKE_C_COMPILER_LAUNCHER=ccache -DCMAKE_CXX_COMPILER_LAUNCHER=ccache -DAMENT_CMAKE_SYMLINK_INSTALL=1 -DCMAKE_INSTALL_PREFIX=/home/zr/code/src/install/nav_2d_utils
[7.814s] DEBUG:colcon.colcon_core.event_handler.log_command:Invoked command in '/home/zr/code/src/build/dwb_msgs' returned '0': AMENT_PREFIX_PATH=/home/zr/code/src/install/nav_2d_msgs:${AMENT_PREFIX_PATH} CMAKE_PREFIX_PATH=/home/zr/code/src/install/nav_2d_msgs:/opt/ros/humble LD_LIBRARY_PATH=/home/zr/code/src/install/nav_2d_msgs/lib:${LD_LIBRARY_PATH} PYTHONPATH=/home/zr/code/src/install/nav_2d_msgs/local/lib/python3.10/dist-packages:${PYTHONPATH} /usr/bin/cmake /home/zr/code/src/nav_ws_gazebo/src/gac_navigation2/nav2_dwb_controller/dwb_msgs -DBUILD_TESTING=OFF -DCMAKE_C_COMPILER_LAUNCHER=ccache -DCMAKE_CXX_COMPILER_LAUNCHER=ccache -DAMENT_CMAKE_SYMLINK_INSTALL=1 -DCMAKE_INSTALL_PREFIX=/home/zr/code/src/install/dwb_msgs
[7.816s] DEBUG:colcon.colcon_core.event_handler.log_command:Invoking command in '/home/zr/code/src/build/dwb_msgs': AMENT_PREFIX_PATH=/home/zr/code/src/install/nav_2d_msgs:${AMENT_PREFIX_PATH} CMAKE_PREFIX_PATH=/home/zr/code/src/install/nav_2d_msgs:/opt/ros/humble LD_LIBRARY_PATH=/home/zr/code/src/install/nav_2d_msgs/lib:${LD_LIBRARY_PATH} PYTHONPATH=/home/zr/code/src/install/nav_2d_msgs/local/lib/python3.10/dist-packages:${PYTHONPATH} /usr/bin/cmake --build /home/zr/code/src/build/dwb_msgs -- -j16 -l16
[8.318s] DEBUG:colcon.colcon_core.event_handler.log_command:Invoked command in '/home/zr/code/src/build/nav2_lifecycle_manager' returned '0': AMENT_PREFIX_PATH=/home/zr/code/src/install/nav2_util:${AMENT_PREFIX_PATH} CMAKE_PREFIX_PATH=/home/zr/code/src/install/nav2_util:/opt/ros/humble LD_LIBRARY_PATH=/home/zr/code/src/install/nav2_util/lib:${LD_LIBRARY_PATH} /usr/bin/cmake /home/zr/code/src/nav_ws_gazebo/src/gac_navigation2/nav2_lifecycle_manager -DBUILD_TESTING=OFF -DCMAKE_C_COMPILER_LAUNCHER=ccache -DCMAKE_CXX_COMPILER_LAUNCHER=ccache -DAMENT_CMAKE_SYMLINK_INSTALL=1 -DCMAKE_INSTALL_PREFIX=/home/zr/code/src/install/nav2_lifecycle_manager
[8.320s] DEBUG:colcon.colcon_core.event_handler.log_command:Invoking command in '/home/zr/code/src/build/nav2_lifecycle_manager': AMENT_PREFIX_PATH=/home/zr/code/src/install/nav2_util:${AMENT_PREFIX_PATH} CMAKE_PREFIX_PATH=/home/zr/code/src/install/nav2_util:/opt/ros/humble LD_LIBRARY_PATH=/home/zr/code/src/install/nav2_util/lib:${LD_LIBRARY_PATH} /usr/bin/cmake --build /home/zr/code/src/build/nav2_lifecycle_manager -- -j16 -l16
[8.350s] DEBUG:colcon.colcon_core.event_handler.log_command:Invoked command in '/home/zr/code/src/build/nav_2d_utils' returned '0': AMENT_PREFIX_PATH=/home/zr/code/src/install/nav_2d_msgs:/home/zr/code/src/install/nav2_util:${AMENT_PREFIX_PATH} CMAKE_PREFIX_PATH=/home/zr/code/src/install/nav_2d_msgs:/home/zr/code/src/install/nav2_util:/opt/ros/humble LD_LIBRARY_PATH=/home/zr/code/src/install/nav_2d_msgs/lib:/home/zr/code/src/install/nav2_util/lib:${LD_LIBRARY_PATH} PYTHONPATH=/home/zr/code/src/install/nav_2d_msgs/local/lib/python3.10/dist-packages:${PYTHONPATH} /usr/bin/cmake /home/zr/code/src/nav_ws_gazebo/src/gac_navigation2/nav2_dwb_controller/nav_2d_utils -DBUILD_TESTING=OFF -DCMAKE_C_COMPILER_LAUNCHER=ccache -DCMAKE_CXX_COMPILER_LAUNCHER=ccache -DAMENT_CMAKE_SYMLINK_INSTALL=1 -DCMAKE_INSTALL_PREFIX=/home/zr/code/src/install/nav_2d_utils
[8.352s] DEBUG:colcon.colcon_core.event_handler.log_command:Invoking command in '/home/zr/code/src/build/nav_2d_utils': AMENT_PREFIX_PATH=/home/zr/code/src/install/nav_2d_msgs:/home/zr/code/src/install/nav2_util:${AMENT_PREFIX_PATH} CMAKE_PREFIX_PATH=/home/zr/code/src/install/nav_2d_msgs:/home/zr/code/src/install/nav2_util:/opt/ros/humble LD_LIBRARY_PATH=/home/zr/code/src/install/nav_2d_msgs/lib:/home/zr/code/src/install/nav2_util/lib:${LD_LIBRARY_PATH} PYTHONPATH=/home/zr/code/src/install/nav_2d_msgs/local/lib/python3.10/dist-packages:${PYTHONPATH} /usr/bin/cmake --build /home/zr/code/src/build/nav_2d_utils -- -j16 -l16
[8.512s] DEBUG:colcon.colcon_core.event_handler.log_command:Invoked command in '/home/zr/code/src/build/nav2_map_server' returned '0': AMENT_PREFIX_PATH=/home/zr/code/src/install/nav2_util:${AMENT_PREFIX_PATH} CMAKE_PREFIX_PATH=/home/zr/code/src/install/nav2_util:/opt/ros/humble LD_LIBRARY_PATH=/home/zr/code/src/install/nav2_util/lib:${LD_LIBRARY_PATH} /usr/bin/cmake /home/zr/code/src/nav_ws_gazebo/src/gac_navigation2/nav2_map_server -DBUILD_TESTING=OFF -DCMAKE_C_COMPILER_LAUNCHER=ccache -DCMAKE_CXX_COMPILER_LAUNCHER=ccache -DAMENT_CMAKE_SYMLINK_INSTALL=1 -DCMAKE_INSTALL_PREFIX=/home/zr/code/src/install/nav2_map_server
[8.514s] DEBUG:colcon.colcon_core.event_handler.log_command:Invoking command in '/home/zr/code/src/build/nav2_map_server': AMENT_PREFIX_PATH=/home/zr/code/src/install/nav2_util:${AMENT_PREFIX_PATH} CMAKE_PREFIX_PATH=/home/zr/code/src/install/nav2_util:/opt/ros/humble LD_LIBRARY_PATH=/home/zr/code/src/install/nav2_util/lib:${LD_LIBRARY_PATH} /usr/bin/cmake --build /home/zr/code/src/build/nav2_map_server -- -j16 -l16
[11.290s] DEBUG:colcon.colcon_core.event_handler.log_command:Invoked command in '/home/zr/code/src/build/nav_2d_utils' returned '0': AMENT_PREFIX_PATH=/home/zr/code/src/install/nav_2d_msgs:/home/zr/code/src/install/nav2_util:${AMENT_PREFIX_PATH} CMAKE_PREFIX_PATH=/home/zr/code/src/install/nav_2d_msgs:/home/zr/code/src/install/nav2_util:/opt/ros/humble LD_LIBRARY_PATH=/home/zr/code/src/install/nav_2d_msgs/lib:/home/zr/code/src/install/nav2_util/lib:${LD_LIBRARY_PATH} PYTHONPATH=/home/zr/code/src/install/nav_2d_msgs/local/lib/python3.10/dist-packages:${PYTHONPATH} /usr/bin/cmake --build /home/zr/code/src/build/nav_2d_utils -- -j16 -l16
[11.293s] DEBUG:colcon.colcon_core.event_handler.log_command:Invoking command in '/home/zr/code/src/build/nav_2d_utils': AMENT_PREFIX_PATH=/home/zr/code/src/install/nav_2d_msgs:/home/zr/code/src/install/nav2_util:${AMENT_PREFIX_PATH} CMAKE_PREFIX_PATH=/home/zr/code/src/install/nav_2d_msgs:/home/zr/code/src/install/nav2_util:/opt/ros/humble LD_LIBRARY_PATH=/home/zr/code/src/install/nav_2d_msgs/lib:/home/zr/code/src/install/nav2_util/lib:${LD_LIBRARY_PATH} PYTHONPATH=/home/zr/code/src/install/nav_2d_msgs/local/lib/python3.10/dist-packages:${PYTHONPATH} /usr/bin/cmake --install /home/zr/code/src/build/nav_2d_utils
[11.623s] Level 1:colcon.colcon_core.environment:create_environment_scripts_only(nav_2d_utils)
[11.623s] Level 1:colcon.colcon_core.environment:checking '/home/zr/code/src/install/nav_2d_utils' for CMake module files
[11.624s] DEBUG:colcon.colcon_core.event_handler.log_command:Invoked command in '/home/zr/code/src/build/nav_2d_utils' returned '0': AMENT_PREFIX_PATH=/home/zr/code/src/install/nav_2d_msgs:/home/zr/code/src/install/nav2_util:${AMENT_PREFIX_PATH} CMAKE_PREFIX_PATH=/home/zr/code/src/install/nav_2d_msgs:/home/zr/code/src/install/nav2_util:/opt/ros/humble LD_LIBRARY_PATH=/home/zr/code/src/install/nav_2d_msgs/lib:/home/zr/code/src/install/nav2_util/lib:${LD_LIBRARY_PATH} PYTHONPATH=/home/zr/code/src/install/nav_2d_msgs/local/lib/python3.10/dist-packages:${PYTHONPATH} /usr/bin/cmake --install /home/zr/code/src/build/nav_2d_utils
[11.625s] Level 1:colcon.colcon_core.environment:checking '/home/zr/code/src/install/nav_2d_utils' for CMake config files
[11.625s] Level 1:colcon.colcon_core.shell:create_environment_hook('nav_2d_utils', 'cmake_prefix_path')
[11.625s] INFO:colcon.colcon_core.shell:Creating environment hook '/home/zr/code/src/install/nav_2d_utils/share/nav_2d_utils/hook/cmake_prefix_path.ps1'
[11.626s] INFO:colcon.colcon_core.shell:Creating environment descriptor '/home/zr/code/src/install/nav_2d_utils/share/nav_2d_utils/hook/cmake_prefix_path.dsv'
[11.626s] INFO:colcon.colcon_core.shell:Creating environment hook '/home/zr/code/src/install/nav_2d_utils/share/nav_2d_utils/hook/cmake_prefix_path.sh'
[11.627s] Level 1:colcon.colcon_core.environment:checking '/home/zr/code/src/install/nav_2d_utils/lib'
[11.627s] Level 1:colcon.colcon_core.shell:create_environment_hook('nav_2d_utils', 'ld_library_path_lib')
[11.628s] INFO:colcon.colcon_core.shell:Creating environment hook '/home/zr/code/src/install/nav_2d_utils/share/nav_2d_utils/hook/ld_library_path_lib.ps1'
[11.628s] INFO:colcon.colcon_core.shell:Creating environment descriptor '/home/zr/code/src/install/nav_2d_utils/share/nav_2d_utils/hook/ld_library_path_lib.dsv'
[11.628s] INFO:colcon.colcon_core.shell:Creating environment hook '/home/zr/code/src/install/nav_2d_utils/share/nav_2d_utils/hook/ld_library_path_lib.sh'
[11.629s] Level 1:colcon.colcon_core.environment:checking '/home/zr/code/src/install/nav_2d_utils/bin'
[11.629s] Level 1:colcon.colcon_core.environment:checking '/home/zr/code/src/install/nav_2d_utils/lib/pkgconfig/nav_2d_utils.pc'
[11.629s] Level 1:colcon.colcon_core.environment:checking '/home/zr/code/src/install/nav_2d_utils/lib/python3.10/site-packages'
[11.630s] Level 1:colcon.colcon_core.environment:checking '/home/zr/code/src/install/nav_2d_utils/bin'
[11.630s] INFO:colcon.colcon_core.shell:Creating package script '/home/zr/code/src/install/nav_2d_utils/share/nav_2d_utils/package.ps1'
[11.630s] INFO:colcon.colcon_core.shell:Creating package descriptor '/home/zr/code/src/install/nav_2d_utils/share/nav_2d_utils/package.dsv'
[11.631s] INFO:colcon.colcon_core.shell:Creating package script '/home/zr/code/src/install/nav_2d_utils/share/nav_2d_utils/package.sh'
[11.631s] INFO:colcon.colcon_core.shell:Creating package script '/home/zr/code/src/install/nav_2d_utils/share/nav_2d_utils/package.bash'
[11.631s] INFO:colcon.colcon_core.shell:Creating package script '/home/zr/code/src/install/nav_2d_utils/share/nav_2d_utils/package.zsh'
[11.632s] Level 1:colcon.colcon_core.environment:create_file_with_runtime_dependencies(/home/zr/code/src/install/nav_2d_utils/share/colcon-core/packages/nav_2d_utils)
[11.632s] Level 1:colcon.colcon_core.environment:create_environment_scripts_only(nav_2d_utils)
[11.632s] Level 1:colcon.colcon_core.environment:checking '/home/zr/code/src/install/nav_2d_utils' for CMake module files
[11.633s] Level 1:colcon.colcon_core.environment:checking '/home/zr/code/src/install/nav_2d_utils' for CMake config files
[11.633s] Level 1:colcon.colcon_core.shell:create_environment_hook('nav_2d_utils', 'cmake_prefix_path')
[11.633s] INFO:colcon.colcon_core.shell:Creating environment hook '/home/zr/code/src/install/nav_2d_utils/share/nav_2d_utils/hook/cmake_prefix_path.ps1'
[11.633s] INFO:colcon.colcon_core.shell:Creating environment descriptor '/home/zr/code/src/install/nav_2d_utils/share/nav_2d_utils/hook/cmake_prefix_path.dsv'
[11.634s] INFO:colcon.colcon_core.shell:Creating environment hook '/home/zr/code/src/install/nav_2d_utils/share/nav_2d_utils/hook/cmake_prefix_path.sh'
[11.634s] Level 1:colcon.colcon_core.environment:checking '/home/zr/code/src/install/nav_2d_utils/lib'
[11.634s] Level 1:colcon.colcon_core.shell:create_environment_hook('nav_2d_utils', 'ld_library_path_lib')
[11.634s] INFO:colcon.colcon_core.shell:Creating environment hook '/home/zr/code/src/install/nav_2d_utils/share/nav_2d_utils/hook/ld_library_path_lib.ps1'
[11.635s] INFO:colcon.colcon_core.shell:Creating environment descriptor '/home/zr/code/src/install/nav_2d_utils/share/nav_2d_utils/hook/ld_library_path_lib.dsv'
[11.635s] INFO:colcon.colcon_core.shell:Creating environment hook '/home/zr/code/src/install/nav_2d_utils/share/nav_2d_utils/hook/ld_library_path_lib.sh'
[11.635s] Level 1:colcon.colcon_core.environment:checking '/home/zr/code/src/install/nav_2d_utils/bin'
[11.635s] Level 1:colcon.colcon_core.environment:checking '/home/zr/code/src/install/nav_2d_utils/lib/pkgconfig/nav_2d_utils.pc'
[11.636s] Level 1:colcon.colcon_core.environment:checking '/home/zr/code/src/install/nav_2d_utils/lib/python3.10/site-packages'
[11.636s] Level 1:colcon.colcon_core.environment:checking '/home/zr/code/src/install/nav_2d_utils/bin'
[11.636s] INFO:colcon.colcon_core.shell:Creating package script '/home/zr/code/src/install/nav_2d_utils/share/nav_2d_utils/package.ps1'
[11.637s] INFO:colcon.colcon_core.shell:Creating package descriptor '/home/zr/code/src/install/nav_2d_utils/share/nav_2d_utils/package.dsv'
[11.637s] INFO:colcon.colcon_core.shell:Creating package script '/home/zr/code/src/install/nav_2d_utils/share/nav_2d_utils/package.sh'
[11.638s] INFO:colcon.colcon_core.shell:Creating package script '/home/zr/code/src/install/nav_2d_utils/share/nav_2d_utils/package.bash'
[11.638s] INFO:colcon.colcon_core.shell:Creating package script '/home/zr/code/src/install/nav_2d_utils/share/nav_2d_utils/package.zsh'
[11.639s] Level 1:colcon.colcon_core.environment:create_file_with_runtime_dependencies(/home/zr/code/src/install/nav_2d_utils/share/colcon-core/packages/nav_2d_utils)
[11.639s] INFO:colcon.colcon_ros.task.ament_cmake.build:Building ROS package in '/home/zr/code/src/nav_ws_gazebo/src/gac_navigation2/gac_nav2_behavior_tree' with build type 'ament_cmake'
[11.639s] INFO:colcon.colcon_cmake.task.cmake.build:Building CMake package in '/home/zr/code/src/nav_ws_gazebo/src/gac_navigation2/gac_nav2_behavior_tree'
[11.639s] INFO:colcon.colcon_core.shell:Skip shell extension 'powershell' for command environment: Not usable outside of PowerShell
[11.640s] DEBUG:colcon.colcon_core.shell:Skip shell extension 'dsv' for command environment
[11.654s] DEBUG:colcon.colcon_core.event_handler.log_command:Invoking command in '/home/zr/code/src/build/gac_nav2_behavior_tree': AMENT_PREFIX_PATH=/home/zr/code/src/install/nav2_util:${AMENT_PREFIX_PATH} CMAKE_PREFIX_PATH=/home/zr/code/src/install/nav2_util:/opt/ros/humble LD_LIBRARY_PATH=/home/zr/code/src/install/nav2_util/lib:${LD_LIBRARY_PATH} /usr/bin/cmake /home/zr/code/src/nav_ws_gazebo/src/gac_navigation2/gac_nav2_behavior_tree -DBUILD_TESTING=OFF -DCMAKE_C_COMPILER_LAUNCHER=ccache -DCMAKE_CXX_COMPILER_LAUNCHER=ccache -DAMENT_CMAKE_SYMLINK_INSTALL=1 -DCMAKE_INSTALL_PREFIX=/home/zr/code/src/install/gac_nav2_behavior_tree
[12.540s] DEBUG:colcon.colcon_core.event_handler.log_command:Invoked command in '/home/zr/code/src/build/dwb_msgs' returned '0': AMENT_PREFIX_PATH=/home/zr/code/src/install/nav_2d_msgs:${AMENT_PREFIX_PATH} CMAKE_PREFIX_PATH=/home/zr/code/src/install/nav_2d_msgs:/opt/ros/humble LD_LIBRARY_PATH=/home/zr/code/src/install/nav_2d_msgs/lib:${LD_LIBRARY_PATH} PYTHONPATH=/home/zr/code/src/install/nav_2d_msgs/local/lib/python3.10/dist-packages:${PYTHONPATH} /usr/bin/cmake --build /home/zr/code/src/build/dwb_msgs -- -j16 -l16
[12.542s] DEBUG:colcon.colcon_core.event_handler.log_command:Invoking command in '/home/zr/code/src/build/dwb_msgs': AMENT_PREFIX_PATH=/home/zr/code/src/install/nav_2d_msgs:${AMENT_PREFIX_PATH} CMAKE_PREFIX_PATH=/home/zr/code/src/install/nav_2d_msgs:/opt/ros/humble LD_LIBRARY_PATH=/home/zr/code/src/install/nav_2d_msgs/lib:${LD_LIBRARY_PATH} PYTHONPATH=/home/zr/code/src/install/nav_2d_msgs/local/lib/python3.10/dist-packages:${PYTHONPATH} /usr/bin/cmake --install /home/zr/code/src/build/dwb_msgs
[15.145s] Level 1:colcon.colcon_core.environment:create_environment_scripts_only(dwb_msgs)
[15.146s] Level 1:colcon.colcon_core.environment:checking '/home/zr/code/src/install/dwb_msgs' for CMake module files
[15.147s] Level 1:colcon.colcon_core.environment:checking '/home/zr/code/src/install/dwb_msgs' for CMake config files
[15.148s] Level 1:colcon.colcon_core.shell:create_environment_hook('dwb_msgs', 'cmake_prefix_path')
[15.149s] INFO:colcon.colcon_core.shell:Creating environment hook '/home/zr/code/src/install/dwb_msgs/share/dwb_msgs/hook/cmake_prefix_path.ps1'
[15.150s] INFO:colcon.colcon_core.shell:Creating environment descriptor '/home/zr/code/src/install/dwb_msgs/share/dwb_msgs/hook/cmake_prefix_path.dsv'
[15.151s] INFO:colcon.colcon_core.shell:Creating environment hook '/home/zr/code/src/install/dwb_msgs/share/dwb_msgs/hook/cmake_prefix_path.sh'
[15.151s] Level 1:colcon.colcon_core.environment:checking '/home/zr/code/src/install/dwb_msgs/lib'
[15.151s] Level 1:colcon.colcon_core.shell:create_environment_hook('dwb_msgs', 'ld_library_path_lib')
[15.152s] INFO:colcon.colcon_core.shell:Creating environment hook '/home/zr/code/src/install/dwb_msgs/share/dwb_msgs/hook/ld_library_path_lib.ps1'
[15.152s] INFO:colcon.colcon_core.shell:Creating environment descriptor '/home/zr/code/src/install/dwb_msgs/share/dwb_msgs/hook/ld_library_path_lib.dsv'
[15.149s] DEBUG:colcon.colcon_core.event_handler.log_command:Invoked command in '/home/zr/code/src/build/dwb_msgs' returned '0': AMENT_PREFIX_PATH=/home/zr/code/src/install/nav_2d_msgs:${AMENT_PREFIX_PATH} CMAKE_PREFIX_PATH=/home/zr/code/src/install/nav_2d_msgs:/opt/ros/humble LD_LIBRARY_PATH=/home/zr/code/src/install/nav_2d_msgs/lib:${LD_LIBRARY_PATH} PYTHONPATH=/home/zr/code/src/install/nav_2d_msgs/local/lib/python3.10/dist-packages:${PYTHONPATH} /usr/bin/cmake --install /home/zr/code/src/build/dwb_msgs
[15.153s] INFO:colcon.colcon_core.shell:Creating environment hook '/home/zr/code/src/install/dwb_msgs/share/dwb_msgs/hook/ld_library_path_lib.sh'
[15.153s] Level 1:colcon.colcon_core.environment:checking '/home/zr/code/src/install/dwb_msgs/bin'
[15.154s] Level 1:colcon.colcon_core.environment:checking '/home/zr/code/src/install/dwb_msgs/lib/pkgconfig/dwb_msgs.pc'
[15.154s] Level 1:colcon.colcon_core.environment:checking '/home/zr/code/src/install/dwb_msgs/lib/python3.10/site-packages'
[15.154s] Level 1:colcon.colcon_core.environment:checking '/home/zr/code/src/install/dwb_msgs/bin'
[15.155s] INFO:colcon.colcon_core.shell:Creating package script '/home/zr/code/src/install/dwb_msgs/share/dwb_msgs/package.ps1'
[15.156s] INFO:colcon.colcon_core.shell:Creating package descriptor '/home/zr/code/src/install/dwb_msgs/share/dwb_msgs/package.dsv'
[15.156s] INFO:colcon.colcon_core.shell:Creating package script '/home/zr/code/src/install/dwb_msgs/share/dwb_msgs/package.sh'
[15.157s] INFO:colcon.colcon_core.shell:Creating package script '/home/zr/code/src/install/dwb_msgs/share/dwb_msgs/package.bash'
[15.157s] INFO:colcon.colcon_core.shell:Creating package script '/home/zr/code/src/install/dwb_msgs/share/dwb_msgs/package.zsh'
[15.158s] Level 1:colcon.colcon_core.environment:create_file_with_runtime_dependencies(/home/zr/code/src/install/dwb_msgs/share/colcon-core/packages/dwb_msgs)
[15.159s] Level 1:colcon.colcon_core.environment:create_environment_scripts_only(dwb_msgs)
[15.159s] Level 1:colcon.colcon_core.environment:checking '/home/zr/code/src/install/dwb_msgs' for CMake module files
[15.160s] Level 1:colcon.colcon_core.environment:checking '/home/zr/code/src/install/dwb_msgs' for CMake config files
[15.162s] Level 1:colcon.colcon_core.shell:create_environment_hook('dwb_msgs', 'cmake_prefix_path')
[15.162s] INFO:colcon.colcon_core.shell:Creating environment hook '/home/zr/code/src/install/dwb_msgs/share/dwb_msgs/hook/cmake_prefix_path.ps1'
[15.163s] INFO:colcon.colcon_core.shell:Creating environment descriptor '/home/zr/code/src/install/dwb_msgs/share/dwb_msgs/hook/cmake_prefix_path.dsv'
[15.163s] INFO:colcon.colcon_core.shell:Creating environment hook '/home/zr/code/src/install/dwb_msgs/share/dwb_msgs/hook/cmake_prefix_path.sh'
[15.164s] Level 1:colcon.colcon_core.environment:checking '/home/zr/code/src/install/dwb_msgs/lib'
[15.164s] Level 1:colcon.colcon_core.shell:create_environment_hook('dwb_msgs', 'ld_library_path_lib')
[15.165s] INFO:colcon.colcon_core.shell:Creating environment hook '/home/zr/code/src/install/dwb_msgs/share/dwb_msgs/hook/ld_library_path_lib.ps1'
[15.165s] INFO:colcon.colcon_core.shell:Creating environment descriptor '/home/zr/code/src/install/dwb_msgs/share/dwb_msgs/hook/ld_library_path_lib.dsv'
[15.166s] INFO:colcon.colcon_core.shell:Creating environment hook '/home/zr/code/src/install/dwb_msgs/share/dwb_msgs/hook/ld_library_path_lib.sh'
[15.166s] Level 1:colcon.colcon_core.environment:checking '/home/zr/code/src/install/dwb_msgs/bin'
[15.166s] Level 1:colcon.colcon_core.environment:checking '/home/zr/code/src/install/dwb_msgs/lib/pkgconfig/dwb_msgs.pc'
[15.167s] Level 1:colcon.colcon_core.environment:checking '/home/zr/code/src/install/dwb_msgs/lib/python3.10/site-packages'
[15.167s] Level 1:colcon.colcon_core.environment:checking '/home/zr/code/src/install/dwb_msgs/bin'
[15.168s] INFO:colcon.colcon_core.shell:Creating package script '/home/zr/code/src/install/dwb_msgs/share/dwb_msgs/package.ps1'
[15.169s] INFO:colcon.colcon_core.shell:Creating package descriptor '/home/zr/code/src/install/dwb_msgs/share/dwb_msgs/package.dsv'
[15.169s] INFO:colcon.colcon_core.shell:Creating package script '/home/zr/code/src/install/dwb_msgs/share/dwb_msgs/package.sh'
[15.170s] INFO:colcon.colcon_core.shell:Creating package script '/home/zr/code/src/install/dwb_msgs/share/dwb_msgs/package.bash'
[15.170s] INFO:colcon.colcon_core.shell:Creating package script '/home/zr/code/src/install/dwb_msgs/share/dwb_msgs/package.zsh'
[15.171s] Level 1:colcon.colcon_core.environment:create_file_with_runtime_dependencies(/home/zr/code/src/install/dwb_msgs/share/colcon-core/packages/dwb_msgs)
[15.172s] INFO:colcon.colcon_ros.task.ament_cmake.build:Building ROS package in '/home/zr/code/src/nav_ws_gazebo/src/gac_navigation2/gac_nav2_velocity_smoother' with build type 'ament_cmake'
[15.172s] INFO:colcon.colcon_cmake.task.cmake.build:Building CMake package in '/home/zr/code/src/nav_ws_gazebo/src/gac_navigation2/gac_nav2_velocity_smoother'
[15.172s] INFO:colcon.colcon_core.shell:Skip shell extension 'powershell' for command environment: Not usable outside of PowerShell
[15.172s] DEBUG:colcon.colcon_core.shell:Skip shell extension 'dsv' for command environment
[15.186s] DEBUG:colcon.colcon_core.event_handler.log_command:Invoking command in '/home/zr/code/src/build/gac_nav2_velocity_smoother': AMENT_PREFIX_PATH=/home/zr/code/src/install/nav2_util:${AMENT_PREFIX_PATH} CMAKE_PREFIX_PATH=/home/zr/code/src/install/nav2_util:/opt/ros/humble LD_LIBRARY_PATH=/home/zr/code/src/install/nav2_util/lib:${LD_LIBRARY_PATH} /usr/bin/cmake /home/zr/code/src/nav_ws_gazebo/src/gac_navigation2/gac_nav2_velocity_smoother -DBUILD_TESTING=OFF -DCMAKE_C_COMPILER_LAUNCHER=ccache -DCMAKE_CXX_COMPILER_LAUNCHER=ccache -DAMENT_CMAKE_SYMLINK_INSTALL=1 -DCMAKE_INSTALL_PREFIX=/home/zr/code/src/install/gac_nav2_velocity_smoother
[15.406s] DEBUG:colcon.colcon_core.event_handler.log_command:Invoked command in '/home/zr/code/src/build/gac_nav2_behavior_tree' returned '0': AMENT_PREFIX_PATH=/home/zr/code/src/install/nav2_util:${AMENT_PREFIX_PATH} CMAKE_PREFIX_PATH=/home/zr/code/src/install/nav2_util:/opt/ros/humble LD_LIBRARY_PATH=/home/zr/code/src/install/nav2_util/lib:${LD_LIBRARY_PATH} /usr/bin/cmake /home/zr/code/src/nav_ws_gazebo/src/gac_navigation2/gac_nav2_behavior_tree -DBUILD_TESTING=OFF -DCMAKE_C_COMPILER_LAUNCHER=ccache -DCMAKE_CXX_COMPILER_LAUNCHER=ccache -DAMENT_CMAKE_SYMLINK_INSTALL=1 -DCMAKE_INSTALL_PREFIX=/home/zr/code/src/install/gac_nav2_behavior_tree
[15.412s] DEBUG:colcon.colcon_core.event_handler.log_command:Invoking command in '/home/zr/code/src/build/gac_nav2_behavior_tree': AMENT_PREFIX_PATH=/home/zr/code/src/install/nav2_util:${AMENT_PREFIX_PATH} CMAKE_PREFIX_PATH=/home/zr/code/src/install/nav2_util:/opt/ros/humble LD_LIBRARY_PATH=/home/zr/code/src/install/nav2_util/lib:${LD_LIBRARY_PATH} /usr/bin/cmake --build /home/zr/code/src/build/gac_nav2_behavior_tree -- -j16 -l16
[19.183s] DEBUG:colcon.colcon_core.event_handler.log_command:Invoked command in '/home/zr/code/src/build/gac_nav2_velocity_smoother' returned '0': AMENT_PREFIX_PATH=/home/zr/code/src/install/nav2_util:${AMENT_PREFIX_PATH} CMAKE_PREFIX_PATH=/home/zr/code/src/install/nav2_util:/opt/ros/humble LD_LIBRARY_PATH=/home/zr/code/src/install/nav2_util/lib:${LD_LIBRARY_PATH} /usr/bin/cmake /home/zr/code/src/nav_ws_gazebo/src/gac_navigation2/gac_nav2_velocity_smoother -DBUILD_TESTING=OFF -DCMAKE_C_COMPILER_LAUNCHER=ccache -DCMAKE_CXX_COMPILER_LAUNCHER=ccache -DAMENT_CMAKE_SYMLINK_INSTALL=1 -DCMAKE_INSTALL_PREFIX=/home/zr/code/src/install/gac_nav2_velocity_smoother
[19.184s] DEBUG:colcon.colcon_core.event_handler.log_command:Invoking command in '/home/zr/code/src/build/gac_nav2_velocity_smoother': AMENT_PREFIX_PATH=/home/zr/code/src/install/nav2_util:${AMENT_PREFIX_PATH} CMAKE_PREFIX_PATH=/home/zr/code/src/install/nav2_util:/opt/ros/humble LD_LIBRARY_PATH=/home/zr/code/src/install/nav2_util/lib:${LD_LIBRARY_PATH} /usr/bin/cmake --build /home/zr/code/src/build/gac_nav2_velocity_smoother -- -j16 -l16
[22.978s] DEBUG:colcon.colcon_core.event_handler.log_command:Invoked command in '/home/zr/code/src/build/gac_nav2_velocity_smoother' returned '0': AMENT_PREFIX_PATH=/home/zr/code/src/install/nav2_util:${AMENT_PREFIX_PATH} CMAKE_PREFIX_PATH=/home/zr/code/src/install/nav2_util:/opt/ros/humble LD_LIBRARY_PATH=/home/zr/code/src/install/nav2_util/lib:${LD_LIBRARY_PATH} /usr/bin/cmake --build /home/zr/code/src/build/gac_nav2_velocity_smoother -- -j16 -l16
[22.979s] DEBUG:colcon.colcon_core.event_handler.log_command:Invoking command in '/home/zr/code/src/build/gac_nav2_velocity_smoother': AMENT_PREFIX_PATH=/home/zr/code/src/install/nav2_util:${AMENT_PREFIX_PATH} CMAKE_PREFIX_PATH=/home/zr/code/src/install/nav2_util:/opt/ros/humble LD_LIBRARY_PATH=/home/zr/code/src/install/nav2_util/lib:${LD_LIBRARY_PATH} /usr/bin/cmake --install /home/zr/code/src/build/gac_nav2_velocity_smoother
[23.680s] Level 1:colcon.colcon_core.environment:create_environment_scripts_only(gac_nav2_velocity_smoother)
[23.680s] Level 1:colcon.colcon_core.environment:checking '/home/zr/code/src/install/gac_nav2_velocity_smoother' for CMake module files
[23.681s] Level 1:colcon.colcon_core.environment:checking '/home/zr/code/src/install/gac_nav2_velocity_smoother' for CMake config files
[23.681s] Level 1:colcon.colcon_core.shell:create_environment_hook('gac_nav2_velocity_smoother', 'cmake_prefix_path')
[23.681s] INFO:colcon.colcon_core.shell:Creating environment hook '/home/zr/code/src/install/gac_nav2_velocity_smoother/share/gac_nav2_velocity_smoother/hook/cmake_prefix_path.ps1'
[23.682s] INFO:colcon.colcon_core.shell:Creating environment descriptor '/home/zr/code/src/install/gac_nav2_velocity_smoother/share/gac_nav2_velocity_smoother/hook/cmake_prefix_path.dsv'
[23.682s] INFO:colcon.colcon_core.shell:Creating environment hook '/home/zr/code/src/install/gac_nav2_velocity_smoother/share/gac_nav2_velocity_smoother/hook/cmake_prefix_path.sh'
[23.688s] Level 1:colcon.colcon_core.environment:checking '/home/zr/code/src/install/gac_nav2_velocity_smoother/lib'
[23.688s] Level 1:colcon.colcon_core.shell:create_environment_hook('gac_nav2_velocity_smoother', 'ld_library_path_lib')
[23.688s] INFO:colcon.colcon_core.shell:Creating environment hook '/home/zr/code/src/install/gac_nav2_velocity_smoother/share/gac_nav2_velocity_smoother/hook/ld_library_path_lib.ps1'
[23.689s] INFO:colcon.colcon_core.shell:Creating environment descriptor '/home/zr/code/src/install/gac_nav2_velocity_smoother/share/gac_nav2_velocity_smoother/hook/ld_library_path_lib.dsv'
[23.689s] INFO:colcon.colcon_core.shell:Creating environment hook '/home/zr/code/src/install/gac_nav2_velocity_smoother/share/gac_nav2_velocity_smoother/hook/ld_library_path_lib.sh'
[23.690s] Level 1:colcon.colcon_core.environment:checking '/home/zr/code/src/install/gac_nav2_velocity_smoother/bin'
[23.690s] Level 1:colcon.colcon_core.environment:checking '/home/zr/code/src/install/gac_nav2_velocity_smoother/lib/pkgconfig/gac_nav2_velocity_smoother.pc'
[23.690s] Level 1:colcon.colcon_core.environment:checking '/home/zr/code/src/install/gac_nav2_velocity_smoother/lib/python3.10/site-packages'
[23.690s] Level 1:colcon.colcon_core.environment:checking '/home/zr/code/src/install/gac_nav2_velocity_smoother/bin'
[23.695s] INFO:colcon.colcon_core.shell:Creating package script '/home/zr/code/src/install/gac_nav2_velocity_smoother/share/gac_nav2_velocity_smoother/package.ps1'
[23.695s] DEBUG:colcon.colcon_core.event_handler.log_command:Invoked command in '/home/zr/code/src/build/gac_nav2_velocity_smoother' returned '0': AMENT_PREFIX_PATH=/home/zr/code/src/install/nav2_util:${AMENT_PREFIX_PATH} CMAKE_PREFIX_PATH=/home/zr/code/src/install/nav2_util:/opt/ros/humble LD_LIBRARY_PATH=/home/zr/code/src/install/nav2_util/lib:${LD_LIBRARY_PATH} /usr/bin/cmake --install /home/zr/code/src/build/gac_nav2_velocity_smoother
[23.697s] INFO:colcon.colcon_core.shell:Creating package descriptor '/home/zr/code/src/install/gac_nav2_velocity_smoother/share/gac_nav2_velocity_smoother/package.dsv'
[23.699s] INFO:colcon.colcon_core.shell:Creating package script '/home/zr/code/src/install/gac_nav2_velocity_smoother/share/gac_nav2_velocity_smoother/package.sh'
[23.699s] INFO:colcon.colcon_core.shell:Creating package script '/home/zr/code/src/install/gac_nav2_velocity_smoother/share/gac_nav2_velocity_smoother/package.bash'
[23.699s] INFO:colcon.colcon_core.shell:Creating package script '/home/zr/code/src/install/gac_nav2_velocity_smoother/share/gac_nav2_velocity_smoother/package.zsh'
[23.701s] Level 1:colcon.colcon_core.environment:create_file_with_runtime_dependencies(/home/zr/code/src/install/gac_nav2_velocity_smoother/share/colcon-core/packages/gac_nav2_velocity_smoother)
[23.703s] Level 1:colcon.colcon_core.environment:create_environment_scripts_only(gac_nav2_velocity_smoother)
[23.704s] Level 1:colcon.colcon_core.environment:checking '/home/zr/code/src/install/gac_nav2_velocity_smoother' for CMake module files
[23.704s] Level 1:colcon.colcon_core.environment:checking '/home/zr/code/src/install/gac_nav2_velocity_smoother' for CMake config files
[23.704s] Level 1:colcon.colcon_core.shell:create_environment_hook('gac_nav2_velocity_smoother', 'cmake_prefix_path')
[23.705s] INFO:colcon.colcon_core.shell:Creating environment hook '/home/zr/code/src/install/gac_nav2_velocity_smoother/share/gac_nav2_velocity_smoother/hook/cmake_prefix_path.ps1'
[23.706s] INFO:colcon.colcon_core.shell:Creating environment descriptor '/home/zr/code/src/install/gac_nav2_velocity_smoother/share/gac_nav2_velocity_smoother/hook/cmake_prefix_path.dsv'
[23.708s] INFO:colcon.colcon_core.shell:Creating environment hook '/home/zr/code/src/install/gac_nav2_velocity_smoother/share/gac_nav2_velocity_smoother/hook/cmake_prefix_path.sh'
[23.710s] Level 1:colcon.colcon_core.environment:checking '/home/zr/code/src/install/gac_nav2_velocity_smoother/lib'
[23.710s] Level 1:colcon.colcon_core.shell:create_environment_hook('gac_nav2_velocity_smoother', 'ld_library_path_lib')
[23.710s] INFO:colcon.colcon_core.shell:Creating environment hook '/home/zr/code/src/install/gac_nav2_velocity_smoother/share/gac_nav2_velocity_smoother/hook/ld_library_path_lib.ps1'
[23.712s] INFO:colcon.colcon_core.shell:Creating environment descriptor '/home/zr/code/src/install/gac_nav2_velocity_smoother/share/gac_nav2_velocity_smoother/hook/ld_library_path_lib.dsv'
[23.713s] INFO:colcon.colcon_core.shell:Creating environment hook '/home/zr/code/src/install/gac_nav2_velocity_smoother/share/gac_nav2_velocity_smoother/hook/ld_library_path_lib.sh'
[23.714s] Level 1:colcon.colcon_core.environment:checking '/home/zr/code/src/install/gac_nav2_velocity_smoother/bin'
[23.715s] Level 1:colcon.colcon_core.environment:checking '/home/zr/code/src/install/gac_nav2_velocity_smoother/lib/pkgconfig/gac_nav2_velocity_smoother.pc'
[23.715s] Level 1:colcon.colcon_core.environment:checking '/home/zr/code/src/install/gac_nav2_velocity_smoother/lib/python3.10/site-packages'
[23.717s] Level 1:colcon.colcon_core.environment:checking '/home/zr/code/src/install/gac_nav2_velocity_smoother/bin'
[23.718s] INFO:colcon.colcon_core.shell:Creating package script '/home/zr/code/src/install/gac_nav2_velocity_smoother/share/gac_nav2_velocity_smoother/package.ps1'
[23.719s] INFO:colcon.colcon_core.shell:Creating package descriptor '/home/zr/code/src/install/gac_nav2_velocity_smoother/share/gac_nav2_velocity_smoother/package.dsv'
[23.722s] INFO:colcon.colcon_core.shell:Creating package script '/home/zr/code/src/install/gac_nav2_velocity_smoother/share/gac_nav2_velocity_smoother/package.sh'
[23.722s] INFO:colcon.colcon_core.shell:Creating package script '/home/zr/code/src/install/gac_nav2_velocity_smoother/share/gac_nav2_velocity_smoother/package.bash'
[23.724s] INFO:colcon.colcon_core.shell:Creating package script '/home/zr/code/src/install/gac_nav2_velocity_smoother/share/gac_nav2_velocity_smoother/package.zsh'
[23.726s] Level 1:colcon.colcon_core.environment:create_file_with_runtime_dependencies(/home/zr/code/src/install/gac_nav2_velocity_smoother/share/colcon-core/packages/gac_nav2_velocity_smoother)
[32.658s] DEBUG:colcon.colcon_core.event_handler.log_command:Invoked command in '/home/zr/code/src/build/nav2_lifecycle_manager' returned '0': AMENT_PREFIX_PATH=/home/zr/code/src/install/nav2_util:${AMENT_PREFIX_PATH} CMAKE_PREFIX_PATH=/home/zr/code/src/install/nav2_util:/opt/ros/humble LD_LIBRARY_PATH=/home/zr/code/src/install/nav2_util/lib:${LD_LIBRARY_PATH} /usr/bin/cmake --build /home/zr/code/src/build/nav2_lifecycle_manager -- -j16 -l16
[32.667s] DEBUG:colcon.colcon_core.event_handler.log_command:Invoking command in '/home/zr/code/src/build/nav2_lifecycle_manager': AMENT_PREFIX_PATH=/home/zr/code/src/install/nav2_util:${AMENT_PREFIX_PATH} CMAKE_PREFIX_PATH=/home/zr/code/src/install/nav2_util:/opt/ros/humble LD_LIBRARY_PATH=/home/zr/code/src/install/nav2_util/lib:${LD_LIBRARY_PATH} /usr/bin/cmake --install /home/zr/code/src/build/nav2_lifecycle_manager
[33.419s] Level 1:colcon.colcon_core.environment:create_environment_scripts_only(nav2_lifecycle_manager)
[33.419s] Level 1:colcon.colcon_core.environment:checking '/home/zr/code/src/install/nav2_lifecycle_manager' for CMake module files
[33.420s] Level 1:colcon.colcon_core.environment:checking '/home/zr/code/src/install/nav2_lifecycle_manager' for CMake config files
[33.420s] Level 1:colcon.colcon_core.shell:create_environment_hook('nav2_lifecycle_manager', 'cmake_prefix_path')
[33.425s] INFO:colcon.colcon_core.shell:Creating environment hook '/home/zr/code/src/install/nav2_lifecycle_manager/share/nav2_lifecycle_manager/hook/cmake_prefix_path.ps1'
[33.426s] DEBUG:colcon.colcon_core.event_handler.log_command:Invoked command in '/home/zr/code/src/build/nav2_lifecycle_manager' returned '0': AMENT_PREFIX_PATH=/home/zr/code/src/install/nav2_util:${AMENT_PREFIX_PATH} CMAKE_PREFIX_PATH=/home/zr/code/src/install/nav2_util:/opt/ros/humble LD_LIBRARY_PATH=/home/zr/code/src/install/nav2_util/lib:${LD_LIBRARY_PATH} /usr/bin/cmake --install /home/zr/code/src/build/nav2_lifecycle_manager
[33.428s] INFO:colcon.colcon_core.shell:Creating environment descriptor '/home/zr/code/src/install/nav2_lifecycle_manager/share/nav2_lifecycle_manager/hook/cmake_prefix_path.dsv'
[33.428s] INFO:colcon.colcon_core.shell:Creating environment hook '/home/zr/code/src/install/nav2_lifecycle_manager/share/nav2_lifecycle_manager/hook/cmake_prefix_path.sh'
[33.429s] Level 1:colcon.colcon_core.environment:checking '/home/zr/code/src/install/nav2_lifecycle_manager/lib'
[33.429s] Level 1:colcon.colcon_core.shell:create_environment_hook('nav2_lifecycle_manager', 'ld_library_path_lib')
[33.437s] INFO:colcon.colcon_core.shell:Creating environment hook '/home/zr/code/src/install/nav2_lifecycle_manager/share/nav2_lifecycle_manager/hook/ld_library_path_lib.ps1'
[33.440s] INFO:colcon.colcon_core.shell:Creating environment descriptor '/home/zr/code/src/install/nav2_lifecycle_manager/share/nav2_lifecycle_manager/hook/ld_library_path_lib.dsv'
[33.445s] INFO:colcon.colcon_core.shell:Creating environment hook '/home/zr/code/src/install/nav2_lifecycle_manager/share/nav2_lifecycle_manager/hook/ld_library_path_lib.sh'
[33.446s] Level 1:colcon.colcon_core.environment:checking '/home/zr/code/src/install/nav2_lifecycle_manager/bin'
[33.448s] Level 1:colcon.colcon_core.environment:checking '/home/zr/code/src/install/nav2_lifecycle_manager/lib/pkgconfig/nav2_lifecycle_manager.pc'
[33.448s] Level 1:colcon.colcon_core.environment:checking '/home/zr/code/src/install/nav2_lifecycle_manager/lib/python3.10/site-packages'
[33.453s] Level 1:colcon.colcon_core.environment:checking '/home/zr/code/src/install/nav2_lifecycle_manager/bin'
[33.454s] INFO:colcon.colcon_core.shell:Creating package script '/home/zr/code/src/install/nav2_lifecycle_manager/share/nav2_lifecycle_manager/package.ps1'
[33.459s] INFO:colcon.colcon_core.shell:Creating package descriptor '/home/zr/code/src/install/nav2_lifecycle_manager/share/nav2_lifecycle_manager/package.dsv'
[33.460s] INFO:colcon.colcon_core.shell:Creating package script '/home/zr/code/src/install/nav2_lifecycle_manager/share/nav2_lifecycle_manager/package.sh'
[33.461s] INFO:colcon.colcon_core.shell:Creating package script '/home/zr/code/src/install/nav2_lifecycle_manager/share/nav2_lifecycle_manager/package.bash'
[33.461s] INFO:colcon.colcon_core.shell:Creating package script '/home/zr/code/src/install/nav2_lifecycle_manager/share/nav2_lifecycle_manager/package.zsh'
[33.469s] Level 1:colcon.colcon_core.environment:create_file_with_runtime_dependencies(/home/zr/code/src/install/nav2_lifecycle_manager/share/colcon-core/packages/nav2_lifecycle_manager)
[33.470s] Level 1:colcon.colcon_core.environment:create_environment_scripts_only(nav2_lifecycle_manager)
[33.470s] Level 1:colcon.colcon_core.environment:checking '/home/zr/code/src/install/nav2_lifecycle_manager' for CMake module files
[33.477s] Level 1:colcon.colcon_core.environment:checking '/home/zr/code/src/install/nav2_lifecycle_manager' for CMake config files
[33.485s] Level 1:colcon.colcon_core.shell:create_environment_hook('nav2_lifecycle_manager', 'cmake_prefix_path')
[33.485s] INFO:colcon.colcon_core.shell:Creating environment hook '/home/zr/code/src/install/nav2_lifecycle_manager/share/nav2_lifecycle_manager/hook/cmake_prefix_path.ps1'
[33.487s] INFO:colcon.colcon_core.shell:Creating environment descriptor '/home/zr/code/src/install/nav2_lifecycle_manager/share/nav2_lifecycle_manager/hook/cmake_prefix_path.dsv'
[33.493s] INFO:colcon.colcon_core.shell:Creating environment hook '/home/zr/code/src/install/nav2_lifecycle_manager/share/nav2_lifecycle_manager/hook/cmake_prefix_path.sh'
[33.494s] Level 1:colcon.colcon_core.environment:checking '/home/zr/code/src/install/nav2_lifecycle_manager/lib'
[33.494s] Level 1:colcon.colcon_core.shell:create_environment_hook('nav2_lifecycle_manager', 'ld_library_path_lib')
[33.495s] INFO:colcon.colcon_core.shell:Creating environment hook '/home/zr/code/src/install/nav2_lifecycle_manager/share/nav2_lifecycle_manager/hook/ld_library_path_lib.ps1'
[33.502s] INFO:colcon.colcon_core.shell:Creating environment descriptor '/home/zr/code/src/install/nav2_lifecycle_manager/share/nav2_lifecycle_manager/hook/ld_library_path_lib.dsv'
[33.503s] INFO:colcon.colcon_core.shell:Creating environment hook '/home/zr/code/src/install/nav2_lifecycle_manager/share/nav2_lifecycle_manager/hook/ld_library_path_lib.sh'
[33.504s] Level 1:colcon.colcon_core.environment:checking '/home/zr/code/src/install/nav2_lifecycle_manager/bin'
[33.504s] Level 1:colcon.colcon_core.environment:checking '/home/zr/code/src/install/nav2_lifecycle_manager/lib/pkgconfig/nav2_lifecycle_manager.pc'
[33.504s] Level 1:colcon.colcon_core.environment:checking '/home/zr/code/src/install/nav2_lifecycle_manager/lib/python3.10/site-packages'
[33.512s] Level 1:colcon.colcon_core.environment:checking '/home/zr/code/src/install/nav2_lifecycle_manager/bin'
[33.513s] INFO:colcon.colcon_core.shell:Creating package script '/home/zr/code/src/install/nav2_lifecycle_manager/share/nav2_lifecycle_manager/package.ps1'
[33.515s] INFO:colcon.colcon_core.shell:Creating package descriptor '/home/zr/code/src/install/nav2_lifecycle_manager/share/nav2_lifecycle_manager/package.dsv'
[33.520s] INFO:colcon.colcon_core.shell:Creating package script '/home/zr/code/src/install/nav2_lifecycle_manager/share/nav2_lifecycle_manager/package.sh'
[33.524s] INFO:colcon.colcon_core.shell:Creating package script '/home/zr/code/src/install/nav2_lifecycle_manager/share/nav2_lifecycle_manager/package.bash'
[33.528s] INFO:colcon.colcon_core.shell:Creating package script '/home/zr/code/src/install/nav2_lifecycle_manager/share/nav2_lifecycle_manager/package.zsh'
[33.529s] Level 1:colcon.colcon_core.environment:create_file_with_runtime_dependencies(/home/zr/code/src/install/nav2_lifecycle_manager/share/colcon-core/packages/nav2_lifecycle_manager)
[33.530s] INFO:colcon.colcon_ros.task.ament_cmake.build:Building ROS package in '/home/zr/code/src/nav_ws_gazebo/src/gac_navigation2/gac_nav2_bringup' with build type 'ament_cmake'
[33.532s] INFO:colcon.colcon_cmake.task.cmake.build:Building CMake package in '/home/zr/code/src/nav_ws_gazebo/src/gac_navigation2/gac_nav2_bringup'
[33.532s] INFO:colcon.colcon_core.shell:Skip shell extension 'powershell' for command environment: Not usable outside of PowerShell
[33.532s] DEBUG:colcon.colcon_core.shell:Skip shell extension 'dsv' for command environment
[33.584s] DEBUG:colcon.colcon_core.event_handler.log_command:Invoking command in '/home/zr/code/src/build/gac_nav2_bringup': AMENT_PREFIX_PATH=/home/zr/code/src/install/nav2_lifecycle_manager:/home/zr/code/src/install/nav2_util:${AMENT_PREFIX_PATH} CMAKE_PREFIX_PATH=/home/zr/code/src/install/nav2_lifecycle_manager:/home/zr/code/src/install/nav2_util:/opt/ros/humble LD_LIBRARY_PATH=/home/zr/code/src/install/nav2_lifecycle_manager/lib:/home/zr/code/src/install/nav2_util/lib:${LD_LIBRARY_PATH} /usr/bin/cmake /home/zr/code/src/nav_ws_gazebo/src/gac_navigation2/gac_nav2_bringup -DBUILD_TESTING=OFF -DCMAKE_C_COMPILER_LAUNCHER=ccache -DCMAKE_CXX_COMPILER_LAUNCHER=ccache -DAMENT_CMAKE_SYMLINK_INSTALL=1 -DCMAKE_INSTALL_PREFIX=/home/zr/code/src/install/gac_nav2_bringup
[35.067s] DEBUG:colcon.colcon_core.event_handler.log_command:Invoked command in '/home/zr/code/src/build/gac_nav2_bringup' returned '0': AMENT_PREFIX_PATH=/home/zr/code/src/install/nav2_lifecycle_manager:/home/zr/code/src/install/nav2_util:${AMENT_PREFIX_PATH} CMAKE_PREFIX_PATH=/home/zr/code/src/install/nav2_lifecycle_manager:/home/zr/code/src/install/nav2_util:/opt/ros/humble LD_LIBRARY_PATH=/home/zr/code/src/install/nav2_lifecycle_manager/lib:/home/zr/code/src/install/nav2_util/lib:${LD_LIBRARY_PATH} /usr/bin/cmake /home/zr/code/src/nav_ws_gazebo/src/gac_navigation2/gac_nav2_bringup -DBUILD_TESTING=OFF -DCMAKE_C_COMPILER_LAUNCHER=ccache -DCMAKE_CXX_COMPILER_LAUNCHER=ccache -DAMENT_CMAKE_SYMLINK_INSTALL=1 -DCMAKE_INSTALL_PREFIX=/home/zr/code/src/install/gac_nav2_bringup
[35.067s] DEBUG:colcon.colcon_core.event_handler.log_command:Invoking command in '/home/zr/code/src/build/gac_nav2_bringup': AMENT_PREFIX_PATH=/home/zr/code/src/install/nav2_lifecycle_manager:/home/zr/code/src/install/nav2_util:${AMENT_PREFIX_PATH} CMAKE_PREFIX_PATH=/home/zr/code/src/install/nav2_lifecycle_manager:/home/zr/code/src/install/nav2_util:/opt/ros/humble LD_LIBRARY_PATH=/home/zr/code/src/install/nav2_lifecycle_manager/lib:/home/zr/code/src/install/nav2_util/lib:${LD_LIBRARY_PATH} /usr/bin/cmake --build /home/zr/code/src/build/gac_nav2_bringup -- -j16 -l16
[35.136s] DEBUG:colcon.colcon_core.event_handler.log_command:Invoked command in '/home/zr/code/src/build/gac_nav2_bringup' returned '0': AMENT_PREFIX_PATH=/home/zr/code/src/install/nav2_lifecycle_manager:/home/zr/code/src/install/nav2_util:${AMENT_PREFIX_PATH} CMAKE_PREFIX_PATH=/home/zr/code/src/install/nav2_lifecycle_manager:/home/zr/code/src/install/nav2_util:/opt/ros/humble LD_LIBRARY_PATH=/home/zr/code/src/install/nav2_lifecycle_manager/lib:/home/zr/code/src/install/nav2_util/lib:${LD_LIBRARY_PATH} /usr/bin/cmake --build /home/zr/code/src/build/gac_nav2_bringup -- -j16 -l16
[35.141s] DEBUG:colcon.colcon_core.event_handler.log_command:Invoking command in '/home/zr/code/src/build/gac_nav2_bringup': AMENT_PREFIX_PATH=/home/zr/code/src/install/nav2_lifecycle_manager:/home/zr/code/src/install/nav2_util:${AMENT_PREFIX_PATH} CMAKE_PREFIX_PATH=/home/zr/code/src/install/nav2_lifecycle_manager:/home/zr/code/src/install/nav2_util:/opt/ros/humble LD_LIBRARY_PATH=/home/zr/code/src/install/nav2_lifecycle_manager/lib:/home/zr/code/src/install/nav2_util/lib:${LD_LIBRARY_PATH} /usr/bin/cmake --install /home/zr/code/src/build/gac_nav2_bringup
[35.527s] Level 1:colcon.colcon_core.environment:create_environment_scripts_only(gac_nav2_bringup)
[35.527s] Level 1:colcon.colcon_core.environment:checking '/home/zr/code/src/install/gac_nav2_bringup' for CMake module files
[35.528s] DEBUG:colcon.colcon_core.event_handler.log_command:Invoked command in '/home/zr/code/src/build/gac_nav2_bringup' returned '0': AMENT_PREFIX_PATH=/home/zr/code/src/install/nav2_lifecycle_manager:/home/zr/code/src/install/nav2_util:${AMENT_PREFIX_PATH} CMAKE_PREFIX_PATH=/home/zr/code/src/install/nav2_lifecycle_manager:/home/zr/code/src/install/nav2_util:/opt/ros/humble LD_LIBRARY_PATH=/home/zr/code/src/install/nav2_lifecycle_manager/lib:/home/zr/code/src/install/nav2_util/lib:${LD_LIBRARY_PATH} /usr/bin/cmake --install /home/zr/code/src/build/gac_nav2_bringup
[35.529s] Level 1:colcon.colcon_core.environment:checking '/home/zr/code/src/install/gac_nav2_bringup' for CMake config files
[35.529s] Level 1:colcon.colcon_core.shell:create_environment_hook('gac_nav2_bringup', 'cmake_prefix_path')
[35.529s] INFO:colcon.colcon_core.shell:Creating environment hook '/home/zr/code/src/install/gac_nav2_bringup/share/gac_nav2_bringup/hook/cmake_prefix_path.ps1'
[35.530s] INFO:colcon.colcon_core.shell:Creating environment descriptor '/home/zr/code/src/install/gac_nav2_bringup/share/gac_nav2_bringup/hook/cmake_prefix_path.dsv'
[35.531s] INFO:colcon.colcon_core.shell:Creating environment hook '/home/zr/code/src/install/gac_nav2_bringup/share/gac_nav2_bringup/hook/cmake_prefix_path.sh'
[35.531s] Level 1:colcon.colcon_core.environment:checking '/home/zr/code/src/install/gac_nav2_bringup/bin'
[35.531s] Level 1:colcon.colcon_core.environment:checking '/home/zr/code/src/install/gac_nav2_bringup/lib/pkgconfig/gac_nav2_bringup.pc'
[35.532s] Level 1:colcon.colcon_core.environment:checking '/home/zr/code/src/install/gac_nav2_bringup/lib/python3.10/site-packages'
[35.532s] Level 1:colcon.colcon_core.environment:checking '/home/zr/code/src/install/gac_nav2_bringup/bin'
[35.533s] INFO:colcon.colcon_core.shell:Creating package script '/home/zr/code/src/install/gac_nav2_bringup/share/gac_nav2_bringup/package.ps1'
[35.533s] INFO:colcon.colcon_core.shell:Creating package descriptor '/home/zr/code/src/install/gac_nav2_bringup/share/gac_nav2_bringup/package.dsv'
[35.534s] INFO:colcon.colcon_core.shell:Creating package script '/home/zr/code/src/install/gac_nav2_bringup/share/gac_nav2_bringup/package.sh'
[35.535s] INFO:colcon.colcon_core.shell:Creating package script '/home/zr/code/src/install/gac_nav2_bringup/share/gac_nav2_bringup/package.bash'
[35.535s] INFO:colcon.colcon_core.shell:Creating package script '/home/zr/code/src/install/gac_nav2_bringup/share/gac_nav2_bringup/package.zsh'
[35.535s] Level 1:colcon.colcon_core.environment:create_file_with_runtime_dependencies(/home/zr/code/src/install/gac_nav2_bringup/share/colcon-core/packages/gac_nav2_bringup)
[35.536s] Level 1:colcon.colcon_core.environment:create_environment_scripts_only(gac_nav2_bringup)
[35.537s] Level 1:colcon.colcon_core.environment:checking '/home/zr/code/src/install/gac_nav2_bringup' for CMake module files
[35.537s] Level 1:colcon.colcon_core.environment:checking '/home/zr/code/src/install/gac_nav2_bringup' for CMake config files
[35.538s] Level 1:colcon.colcon_core.shell:create_environment_hook('gac_nav2_bringup', 'cmake_prefix_path')
[35.538s] INFO:colcon.colcon_core.shell:Creating environment hook '/home/zr/code/src/install/gac_nav2_bringup/share/gac_nav2_bringup/hook/cmake_prefix_path.ps1'
[35.539s] INFO:colcon.colcon_core.shell:Creating environment descriptor '/home/zr/code/src/install/gac_nav2_bringup/share/gac_nav2_bringup/hook/cmake_prefix_path.dsv'
[35.539s] INFO:colcon.colcon_core.shell:Creating environment hook '/home/zr/code/src/install/gac_nav2_bringup/share/gac_nav2_bringup/hook/cmake_prefix_path.sh'
[35.540s] Level 1:colcon.colcon_core.environment:checking '/home/zr/code/src/install/gac_nav2_bringup/bin'
[35.540s] Level 1:colcon.colcon_core.environment:checking '/home/zr/code/src/install/gac_nav2_bringup/lib/pkgconfig/gac_nav2_bringup.pc'
[35.540s] Level 1:colcon.colcon_core.environment:checking '/home/zr/code/src/install/gac_nav2_bringup/lib/python3.10/site-packages'
[35.541s] Level 1:colcon.colcon_core.environment:checking '/home/zr/code/src/install/gac_nav2_bringup/bin'
[35.541s] INFO:colcon.colcon_core.shell:Creating package script '/home/zr/code/src/install/gac_nav2_bringup/share/gac_nav2_bringup/package.ps1'
[35.542s] INFO:colcon.colcon_core.shell:Creating package descriptor '/home/zr/code/src/install/gac_nav2_bringup/share/gac_nav2_bringup/package.dsv'
[35.543s] INFO:colcon.colcon_core.shell:Creating package script '/home/zr/code/src/install/gac_nav2_bringup/share/gac_nav2_bringup/package.sh'
[35.543s] INFO:colcon.colcon_core.shell:Creating package script '/home/zr/code/src/install/gac_nav2_bringup/share/gac_nav2_bringup/package.bash'
[35.544s] INFO:colcon.colcon_core.shell:Creating package script '/home/zr/code/src/install/gac_nav2_bringup/share/gac_nav2_bringup/package.zsh'
[35.544s] Level 1:colcon.colcon_core.environment:create_file_with_runtime_dependencies(/home/zr/code/src/install/gac_nav2_bringup/share/colcon-core/packages/gac_nav2_bringup)
[36.767s] DEBUG:colcon.colcon_core.event_handler.log_command:Invoked command in '/home/zr/code/src/build/nav2_map_server' returned '0': AMENT_PREFIX_PATH=/home/zr/code/src/install/nav2_util:${AMENT_PREFIX_PATH} CMAKE_PREFIX_PATH=/home/zr/code/src/install/nav2_util:/opt/ros/humble LD_LIBRARY_PATH=/home/zr/code/src/install/nav2_util/lib:${LD_LIBRARY_PATH} /usr/bin/cmake --build /home/zr/code/src/build/nav2_map_server -- -j16 -l16
[36.769s] DEBUG:colcon.colcon_core.event_handler.log_command:Invoking command in '/home/zr/code/src/build/nav2_map_server': AMENT_PREFIX_PATH=/home/zr/code/src/install/nav2_util:${AMENT_PREFIX_PATH} CMAKE_PREFIX_PATH=/home/zr/code/src/install/nav2_util:/opt/ros/humble LD_LIBRARY_PATH=/home/zr/code/src/install/nav2_util/lib:${LD_LIBRARY_PATH} /usr/bin/cmake --install /home/zr/code/src/build/nav2_map_server
[37.137s] Level 1:colcon.colcon_core.environment:create_environment_scripts_only(nav2_map_server)
[37.137s] Level 1:colcon.colcon_core.environment:checking '/home/zr/code/src/install/nav2_map_server' for CMake module files
[37.138s] DEBUG:colcon.colcon_core.event_handler.log_command:Invoked command in '/home/zr/code/src/build/nav2_map_server' returned '0': AMENT_PREFIX_PATH=/home/zr/code/src/install/nav2_util:${AMENT_PREFIX_PATH} CMAKE_PREFIX_PATH=/home/zr/code/src/install/nav2_util:/opt/ros/humble LD_LIBRARY_PATH=/home/zr/code/src/install/nav2_util/lib:${LD_LIBRARY_PATH} /usr/bin/cmake --install /home/zr/code/src/build/nav2_map_server
[37.138s] Level 1:colcon.colcon_core.environment:checking '/home/zr/code/src/install/nav2_map_server' for CMake config files
[37.138s] Level 1:colcon.colcon_core.shell:create_environment_hook('nav2_map_server', 'cmake_prefix_path')
[37.139s] INFO:colcon.colcon_core.shell:Creating environment hook '/home/zr/code/src/install/nav2_map_server/share/nav2_map_server/hook/cmake_prefix_path.ps1'
[37.139s] INFO:colcon.colcon_core.shell:Creating environment descriptor '/home/zr/code/src/install/nav2_map_server/share/nav2_map_server/hook/cmake_prefix_path.dsv'
[37.139s] INFO:colcon.colcon_core.shell:Creating environment hook '/home/zr/code/src/install/nav2_map_server/share/nav2_map_server/hook/cmake_prefix_path.sh'
[37.140s] Level 1:colcon.colcon_core.environment:checking '/home/zr/code/src/install/nav2_map_server/lib'
[37.140s] Level 1:colcon.colcon_core.shell:create_environment_hook('nav2_map_server', 'ld_library_path_lib')
[37.140s] INFO:colcon.colcon_core.shell:Creating environment hook '/home/zr/code/src/install/nav2_map_server/share/nav2_map_server/hook/ld_library_path_lib.ps1'
[37.140s] INFO:colcon.colcon_core.shell:Creating environment descriptor '/home/zr/code/src/install/nav2_map_server/share/nav2_map_server/hook/ld_library_path_lib.dsv'
[37.141s] INFO:colcon.colcon_core.shell:Creating environment hook '/home/zr/code/src/install/nav2_map_server/share/nav2_map_server/hook/ld_library_path_lib.sh'
[37.141s] Level 1:colcon.colcon_core.environment:checking '/home/zr/code/src/install/nav2_map_server/bin'
[37.141s] Level 1:colcon.colcon_core.environment:checking '/home/zr/code/src/install/nav2_map_server/lib/pkgconfig/nav2_map_server.pc'
[37.141s] Level 1:colcon.colcon_core.environment:checking '/home/zr/code/src/install/nav2_map_server/lib/python3.10/site-packages'
[37.141s] Level 1:colcon.colcon_core.environment:checking '/home/zr/code/src/install/nav2_map_server/bin'
[37.141s] INFO:colcon.colcon_core.shell:Creating package script '/home/zr/code/src/install/nav2_map_server/share/nav2_map_server/package.ps1'
[37.142s] INFO:colcon.colcon_core.shell:Creating package descriptor '/home/zr/code/src/install/nav2_map_server/share/nav2_map_server/package.dsv'
[37.142s] INFO:colcon.colcon_core.shell:Creating package script '/home/zr/code/src/install/nav2_map_server/share/nav2_map_server/package.sh'
[37.143s] INFO:colcon.colcon_core.shell:Creating package script '/home/zr/code/src/install/nav2_map_server/share/nav2_map_server/package.bash'
[37.143s] INFO:colcon.colcon_core.shell:Creating package script '/home/zr/code/src/install/nav2_map_server/share/nav2_map_server/package.zsh'
[37.143s] Level 1:colcon.colcon_core.environment:create_file_with_runtime_dependencies(/home/zr/code/src/install/nav2_map_server/share/colcon-core/packages/nav2_map_server)
[37.144s] Level 1:colcon.colcon_core.environment:create_environment_scripts_only(nav2_map_server)
[37.144s] Level 1:colcon.colcon_core.environment:checking '/home/zr/code/src/install/nav2_map_server' for CMake module files
[37.144s] Level 1:colcon.colcon_core.environment:checking '/home/zr/code/src/install/nav2_map_server' for CMake config files
[37.144s] Level 1:colcon.colcon_core.shell:create_environment_hook('nav2_map_server', 'cmake_prefix_path')
[37.145s] INFO:colcon.colcon_core.shell:Creating environment hook '/home/zr/code/src/install/nav2_map_server/share/nav2_map_server/hook/cmake_prefix_path.ps1'
[37.145s] INFO:colcon.colcon_core.shell:Creating environment descriptor '/home/zr/code/src/install/nav2_map_server/share/nav2_map_server/hook/cmake_prefix_path.dsv'
[37.145s] INFO:colcon.colcon_core.shell:Creating environment hook '/home/zr/code/src/install/nav2_map_server/share/nav2_map_server/hook/cmake_prefix_path.sh'
[37.146s] Level 1:colcon.colcon_core.environment:checking '/home/zr/code/src/install/nav2_map_server/lib'
[37.146s] Level 1:colcon.colcon_core.shell:create_environment_hook('nav2_map_server', 'ld_library_path_lib')
[37.146s] INFO:colcon.colcon_core.shell:Creating environment hook '/home/zr/code/src/install/nav2_map_server/share/nav2_map_server/hook/ld_library_path_lib.ps1'
[37.146s] INFO:colcon.colcon_core.shell:Creating environment descriptor '/home/zr/code/src/install/nav2_map_server/share/nav2_map_server/hook/ld_library_path_lib.dsv'
[37.147s] INFO:colcon.colcon_core.shell:Creating environment hook '/home/zr/code/src/install/nav2_map_server/share/nav2_map_server/hook/ld_library_path_lib.sh'
[37.147s] Level 1:colcon.colcon_core.environment:checking '/home/zr/code/src/install/nav2_map_server/bin'
[37.147s] Level 1:colcon.colcon_core.environment:checking '/home/zr/code/src/install/nav2_map_server/lib/pkgconfig/nav2_map_server.pc'
[37.147s] Level 1:colcon.colcon_core.environment:checking '/home/zr/code/src/install/nav2_map_server/lib/python3.10/site-packages'
[37.148s] Level 1:colcon.colcon_core.environment:checking '/home/zr/code/src/install/nav2_map_server/bin'
[37.148s] INFO:colcon.colcon_core.shell:Creating package script '/home/zr/code/src/install/nav2_map_server/share/nav2_map_server/package.ps1'
[37.148s] INFO:colcon.colcon_core.shell:Creating package descriptor '/home/zr/code/src/install/nav2_map_server/share/nav2_map_server/package.dsv'
[37.149s] INFO:colcon.colcon_core.shell:Creating package script '/home/zr/code/src/install/nav2_map_server/share/nav2_map_server/package.sh'
[37.149s] INFO:colcon.colcon_core.shell:Creating package script '/home/zr/code/src/install/nav2_map_server/share/nav2_map_server/package.bash'
[37.149s] INFO:colcon.colcon_core.shell:Creating package script '/home/zr/code/src/install/nav2_map_server/share/nav2_map_server/package.zsh'
[37.150s] Level 1:colcon.colcon_core.environment:create_file_with_runtime_dependencies(/home/zr/code/src/install/nav2_map_server/share/colcon-core/packages/nav2_map_server)
[37.150s] INFO:colcon.colcon_ros.task.ament_cmake.build:Building ROS package in '/home/zr/code/src/nav_ws_gazebo/src/gac_navigation2/gac_nav2_costmap_2d' with build type 'ament_cmake'
[37.150s] INFO:colcon.colcon_cmake.task.cmake.build:Building CMake package in '/home/zr/code/src/nav_ws_gazebo/src/gac_navigation2/gac_nav2_costmap_2d'
[37.150s] INFO:colcon.colcon_core.shell:Skip shell extension 'powershell' for command environment: Not usable outside of PowerShell
[37.150s] DEBUG:colcon.colcon_core.shell:Skip shell extension 'dsv' for command environment
[37.170s] DEBUG:colcon.colcon_core.event_handler.log_command:Invoking command in '/home/zr/code/src/build/gac_nav2_costmap_2d': AMENT_PREFIX_PATH=/home/zr/code/src/install/nav2_map_server:/home/zr/code/src/install/nav2_lifecycle_manager:/home/zr/code/src/install/nav2_util:/home/zr/code/src/install/gac_nav2_voxel_grid:${AMENT_PREFIX_PATH} CMAKE_PREFIX_PATH=/home/zr/code/src/install/nav2_map_server:/home/zr/code/src/install/nav2_lifecycle_manager:/home/zr/code/src/install/nav2_util:/home/zr/code/src/install/gac_nav2_voxel_grid:/opt/ros/humble LD_LIBRARY_PATH=/home/zr/code/src/install/nav2_map_server/lib:/home/zr/code/src/install/nav2_lifecycle_manager/lib:/home/zr/code/src/install/nav2_util/lib:/home/zr/code/src/install/gac_nav2_voxel_grid/lib:${LD_LIBRARY_PATH} /usr/bin/cmake /home/zr/code/src/nav_ws_gazebo/src/gac_navigation2/gac_nav2_costmap_2d -DBUILD_TESTING=OFF -DCMAKE_C_COMPILER_LAUNCHER=ccache -DCMAKE_CXX_COMPILER_LAUNCHER=ccache -DAMENT_CMAKE_SYMLINK_INSTALL=1 -DCMAKE_INSTALL_PREFIX=/home/zr/code/src/install/gac_nav2_costmap_2d
[39.217s] DEBUG:colcon.colcon_core.event_handler.log_command:Invoked command in '/home/zr/code/src/build/gac_nav2_costmap_2d' returned '0': AMENT_PREFIX_PATH=/home/zr/code/src/install/nav2_map_server:/home/zr/code/src/install/nav2_lifecycle_manager:/home/zr/code/src/install/nav2_util:/home/zr/code/src/install/gac_nav2_voxel_grid:${AMENT_PREFIX_PATH} CMAKE_PREFIX_PATH=/home/zr/code/src/install/nav2_map_server:/home/zr/code/src/install/nav2_lifecycle_manager:/home/zr/code/src/install/nav2_util:/home/zr/code/src/install/gac_nav2_voxel_grid:/opt/ros/humble LD_LIBRARY_PATH=/home/zr/code/src/install/nav2_map_server/lib:/home/zr/code/src/install/nav2_lifecycle_manager/lib:/home/zr/code/src/install/nav2_util/lib:/home/zr/code/src/install/gac_nav2_voxel_grid/lib:${LD_LIBRARY_PATH} /usr/bin/cmake /home/zr/code/src/nav_ws_gazebo/src/gac_navigation2/gac_nav2_costmap_2d -DBUILD_TESTING=OFF -DCMAKE_C_COMPILER_LAUNCHER=ccache -DCMAKE_CXX_COMPILER_LAUNCHER=ccache -DAMENT_CMAKE_SYMLINK_INSTALL=1 -DCMAKE_INSTALL_PREFIX=/home/zr/code/src/install/gac_nav2_costmap_2d
[39.219s] DEBUG:colcon.colcon_core.event_handler.log_command:Invoking command in '/home/zr/code/src/build/gac_nav2_costmap_2d': AMENT_PREFIX_PATH=/home/zr/code/src/install/nav2_map_server:/home/zr/code/src/install/nav2_lifecycle_manager:/home/zr/code/src/install/nav2_util:/home/zr/code/src/install/gac_nav2_voxel_grid:${AMENT_PREFIX_PATH} CMAKE_PREFIX_PATH=/home/zr/code/src/install/nav2_map_server:/home/zr/code/src/install/nav2_lifecycle_manager:/home/zr/code/src/install/nav2_util:/home/zr/code/src/install/gac_nav2_voxel_grid:/opt/ros/humble LD_LIBRARY_PATH=/home/zr/code/src/install/nav2_map_server/lib:/home/zr/code/src/install/nav2_lifecycle_manager/lib:/home/zr/code/src/install/nav2_util/lib:/home/zr/code/src/install/gac_nav2_voxel_grid/lib:${LD_LIBRARY_PATH} /usr/bin/cmake --build /home/zr/code/src/build/gac_nav2_costmap_2d -- -j16 -l16
[41.633s] DEBUG:colcon.colcon_core.event_handler.log_command:Invoked command in '/home/zr/code/src/build/gac_nav2_behavior_tree' returned '0': AMENT_PREFIX_PATH=/home/zr/code/src/install/nav2_util:${AMENT_PREFIX_PATH} CMAKE_PREFIX_PATH=/home/zr/code/src/install/nav2_util:/opt/ros/humble LD_LIBRARY_PATH=/home/zr/code/src/install/nav2_util/lib:${LD_LIBRARY_PATH} /usr/bin/cmake --build /home/zr/code/src/build/gac_nav2_behavior_tree -- -j16 -l16
[41.637s] DEBUG:colcon.colcon_core.event_handler.log_command:Invoking command in '/home/zr/code/src/build/gac_nav2_behavior_tree': AMENT_PREFIX_PATH=/home/zr/code/src/install/nav2_util:${AMENT_PREFIX_PATH} CMAKE_PREFIX_PATH=/home/zr/code/src/install/nav2_util:/opt/ros/humble LD_LIBRARY_PATH=/home/zr/code/src/install/nav2_util/lib:${LD_LIBRARY_PATH} /usr/bin/cmake --install /home/zr/code/src/build/gac_nav2_behavior_tree
[43.030s] Level 1:colcon.colcon_core.environment:create_environment_scripts_only(gac_nav2_behavior_tree)
[43.031s] Level 1:colcon.colcon_core.environment:checking '/home/zr/code/src/install/gac_nav2_behavior_tree' for CMake module files
[43.031s] DEBUG:colcon.colcon_core.event_handler.log_command:Invoked command in '/home/zr/code/src/build/gac_nav2_behavior_tree' returned '0': AMENT_PREFIX_PATH=/home/zr/code/src/install/nav2_util:${AMENT_PREFIX_PATH} CMAKE_PREFIX_PATH=/home/zr/code/src/install/nav2_util:/opt/ros/humble LD_LIBRARY_PATH=/home/zr/code/src/install/nav2_util/lib:${LD_LIBRARY_PATH} /usr/bin/cmake --install /home/zr/code/src/build/gac_nav2_behavior_tree
[43.032s] Level 1:colcon.colcon_core.environment:checking '/home/zr/code/src/install/gac_nav2_behavior_tree' for CMake config files
[43.032s] Level 1:colcon.colcon_core.shell:create_environment_hook('gac_nav2_behavior_tree', 'cmake_prefix_path')
[43.033s] INFO:colcon.colcon_core.shell:Creating environment hook '/home/zr/code/src/install/gac_nav2_behavior_tree/share/gac_nav2_behavior_tree/hook/cmake_prefix_path.ps1'
[43.033s] INFO:colcon.colcon_core.shell:Creating environment descriptor '/home/zr/code/src/install/gac_nav2_behavior_tree/share/gac_nav2_behavior_tree/hook/cmake_prefix_path.dsv'
[43.034s] INFO:colcon.colcon_core.shell:Creating environment hook '/home/zr/code/src/install/gac_nav2_behavior_tree/share/gac_nav2_behavior_tree/hook/cmake_prefix_path.sh'
[43.034s] Level 1:colcon.colcon_core.environment:checking '/home/zr/code/src/install/gac_nav2_behavior_tree/lib'
[43.034s] Level 1:colcon.colcon_core.shell:create_environment_hook('gac_nav2_behavior_tree', 'ld_library_path_lib')
[43.035s] INFO:colcon.colcon_core.shell:Creating environment hook '/home/zr/code/src/install/gac_nav2_behavior_tree/share/gac_nav2_behavior_tree/hook/ld_library_path_lib.ps1'
[43.035s] INFO:colcon.colcon_core.shell:Creating environment descriptor '/home/zr/code/src/install/gac_nav2_behavior_tree/share/gac_nav2_behavior_tree/hook/ld_library_path_lib.dsv'
[43.035s] INFO:colcon.colcon_core.shell:Creating environment hook '/home/zr/code/src/install/gac_nav2_behavior_tree/share/gac_nav2_behavior_tree/hook/ld_library_path_lib.sh'
[43.036s] Level 1:colcon.colcon_core.environment:checking '/home/zr/code/src/install/gac_nav2_behavior_tree/bin'
[43.036s] Level 1:colcon.colcon_core.environment:checking '/home/zr/code/src/install/gac_nav2_behavior_tree/lib/pkgconfig/gac_nav2_behavior_tree.pc'
[43.036s] Level 1:colcon.colcon_core.environment:checking '/home/zr/code/src/install/gac_nav2_behavior_tree/lib/python3.10/site-packages'
[43.036s] Level 1:colcon.colcon_core.environment:checking '/home/zr/code/src/install/gac_nav2_behavior_tree/bin'
[43.037s] INFO:colcon.colcon_core.shell:Creating package script '/home/zr/code/src/install/gac_nav2_behavior_tree/share/gac_nav2_behavior_tree/package.ps1'
[43.037s] INFO:colcon.colcon_core.shell:Creating package descriptor '/home/zr/code/src/install/gac_nav2_behavior_tree/share/gac_nav2_behavior_tree/package.dsv'
[43.038s] INFO:colcon.colcon_core.shell:Creating package script '/home/zr/code/src/install/gac_nav2_behavior_tree/share/gac_nav2_behavior_tree/package.sh'
[43.038s] INFO:colcon.colcon_core.shell:Creating package script '/home/zr/code/src/install/gac_nav2_behavior_tree/share/gac_nav2_behavior_tree/package.bash'
[43.038s] INFO:colcon.colcon_core.shell:Creating package script '/home/zr/code/src/install/gac_nav2_behavior_tree/share/gac_nav2_behavior_tree/package.zsh'
[43.039s] Level 1:colcon.colcon_core.environment:create_file_with_runtime_dependencies(/home/zr/code/src/install/gac_nav2_behavior_tree/share/colcon-core/packages/gac_nav2_behavior_tree)
[43.039s] Level 1:colcon.colcon_core.environment:create_environment_scripts_only(gac_nav2_behavior_tree)
[43.040s] Level 1:colcon.colcon_core.environment:checking '/home/zr/code/src/install/gac_nav2_behavior_tree' for CMake module files
[43.040s] Level 1:colcon.colcon_core.environment:checking '/home/zr/code/src/install/gac_nav2_behavior_tree' for CMake config files
[43.041s] Level 1:colcon.colcon_core.shell:create_environment_hook('gac_nav2_behavior_tree', 'cmake_prefix_path')
[43.041s] INFO:colcon.colcon_core.shell:Creating environment hook '/home/zr/code/src/install/gac_nav2_behavior_tree/share/gac_nav2_behavior_tree/hook/cmake_prefix_path.ps1'
[43.041s] INFO:colcon.colcon_core.shell:Creating environment descriptor '/home/zr/code/src/install/gac_nav2_behavior_tree/share/gac_nav2_behavior_tree/hook/cmake_prefix_path.dsv'
[43.042s] INFO:colcon.colcon_core.shell:Creating environment hook '/home/zr/code/src/install/gac_nav2_behavior_tree/share/gac_nav2_behavior_tree/hook/cmake_prefix_path.sh'
[43.042s] Level 1:colcon.colcon_core.environment:checking '/home/zr/code/src/install/gac_nav2_behavior_tree/lib'
[43.042s] Level 1:colcon.colcon_core.shell:create_environment_hook('gac_nav2_behavior_tree', 'ld_library_path_lib')
[43.043s] INFO:colcon.colcon_core.shell:Creating environment hook '/home/zr/code/src/install/gac_nav2_behavior_tree/share/gac_nav2_behavior_tree/hook/ld_library_path_lib.ps1'
[43.043s] INFO:colcon.colcon_core.shell:Creating environment descriptor '/home/zr/code/src/install/gac_nav2_behavior_tree/share/gac_nav2_behavior_tree/hook/ld_library_path_lib.dsv'
[43.044s] INFO:colcon.colcon_core.shell:Creating environment hook '/home/zr/code/src/install/gac_nav2_behavior_tree/share/gac_nav2_behavior_tree/hook/ld_library_path_lib.sh'
[43.044s] Level 1:colcon.colcon_core.environment:checking '/home/zr/code/src/install/gac_nav2_behavior_tree/bin'
[43.044s] Level 1:colcon.colcon_core.environment:checking '/home/zr/code/src/install/gac_nav2_behavior_tree/lib/pkgconfig/gac_nav2_behavior_tree.pc'
[43.044s] Level 1:colcon.colcon_core.environment:checking '/home/zr/code/src/install/gac_nav2_behavior_tree/lib/python3.10/site-packages'
[43.045s] Level 1:colcon.colcon_core.environment:checking '/home/zr/code/src/install/gac_nav2_behavior_tree/bin'
[43.045s] INFO:colcon.colcon_core.shell:Creating package script '/home/zr/code/src/install/gac_nav2_behavior_tree/share/gac_nav2_behavior_tree/package.ps1'
[43.046s] INFO:colcon.colcon_core.shell:Creating package descriptor '/home/zr/code/src/install/gac_nav2_behavior_tree/share/gac_nav2_behavior_tree/package.dsv'
[43.047s] INFO:colcon.colcon_core.shell:Creating package script '/home/zr/code/src/install/gac_nav2_behavior_tree/share/gac_nav2_behavior_tree/package.sh'
[43.047s] INFO:colcon.colcon_core.shell:Creating package script '/home/zr/code/src/install/gac_nav2_behavior_tree/share/gac_nav2_behavior_tree/package.bash'
[43.048s] INFO:colcon.colcon_core.shell:Creating package script '/home/zr/code/src/install/gac_nav2_behavior_tree/share/gac_nav2_behavior_tree/package.zsh'
[43.048s] Level 1:colcon.colcon_core.environment:create_file_with_runtime_dependencies(/home/zr/code/src/install/gac_nav2_behavior_tree/share/colcon-core/packages/gac_nav2_behavior_tree)
[76.811s] DEBUG:colcon.colcon_core.event_handler.log_command:Invoked command in '/home/zr/code/src/build/gac_nav2_costmap_2d' returned '0': AMENT_PREFIX_PATH=/home/zr/code/src/install/nav2_map_server:/home/zr/code/src/install/nav2_lifecycle_manager:/home/zr/code/src/install/nav2_util:/home/zr/code/src/install/gac_nav2_voxel_grid:${AMENT_PREFIX_PATH} CMAKE_PREFIX_PATH=/home/zr/code/src/install/nav2_map_server:/home/zr/code/src/install/nav2_lifecycle_manager:/home/zr/code/src/install/nav2_util:/home/zr/code/src/install/gac_nav2_voxel_grid:/opt/ros/humble LD_LIBRARY_PATH=/home/zr/code/src/install/nav2_map_server/lib:/home/zr/code/src/install/nav2_lifecycle_manager/lib:/home/zr/code/src/install/nav2_util/lib:/home/zr/code/src/install/gac_nav2_voxel_grid/lib:${LD_LIBRARY_PATH} /usr/bin/cmake --build /home/zr/code/src/build/gac_nav2_costmap_2d -- -j16 -l16
[76.816s] DEBUG:colcon.colcon_core.event_handler.log_command:Invoking command in '/home/zr/code/src/build/gac_nav2_costmap_2d': AMENT_PREFIX_PATH=/home/zr/code/src/install/nav2_map_server:/home/zr/code/src/install/nav2_lifecycle_manager:/home/zr/code/src/install/nav2_util:/home/zr/code/src/install/gac_nav2_voxel_grid:${AMENT_PREFIX_PATH} CMAKE_PREFIX_PATH=/home/zr/code/src/install/nav2_map_server:/home/zr/code/src/install/nav2_lifecycle_manager:/home/zr/code/src/install/nav2_util:/home/zr/code/src/install/gac_nav2_voxel_grid:/opt/ros/humble LD_LIBRARY_PATH=/home/zr/code/src/install/nav2_map_server/lib:/home/zr/code/src/install/nav2_lifecycle_manager/lib:/home/zr/code/src/install/nav2_util/lib:/home/zr/code/src/install/gac_nav2_voxel_grid/lib:${LD_LIBRARY_PATH} /usr/bin/cmake --install /home/zr/code/src/build/gac_nav2_costmap_2d
[77.405s] Level 1:colcon.colcon_core.environment:create_environment_scripts_only(gac_nav2_costmap_2d)
[77.406s] Level 1:colcon.colcon_core.environment:checking '/home/zr/code/src/install/gac_nav2_costmap_2d' for CMake module files
[77.406s] DEBUG:colcon.colcon_core.event_handler.log_command:Invoked command in '/home/zr/code/src/build/gac_nav2_costmap_2d' returned '0': AMENT_PREFIX_PATH=/home/zr/code/src/install/nav2_map_server:/home/zr/code/src/install/nav2_lifecycle_manager:/home/zr/code/src/install/nav2_util:/home/zr/code/src/install/gac_nav2_voxel_grid:${AMENT_PREFIX_PATH} CMAKE_PREFIX_PATH=/home/zr/code/src/install/nav2_map_server:/home/zr/code/src/install/nav2_lifecycle_manager:/home/zr/code/src/install/nav2_util:/home/zr/code/src/install/gac_nav2_voxel_grid:/opt/ros/humble LD_LIBRARY_PATH=/home/zr/code/src/install/nav2_map_server/lib:/home/zr/code/src/install/nav2_lifecycle_manager/lib:/home/zr/code/src/install/nav2_util/lib:/home/zr/code/src/install/gac_nav2_voxel_grid/lib:${LD_LIBRARY_PATH} /usr/bin/cmake --install /home/zr/code/src/build/gac_nav2_costmap_2d
[77.407s] Level 1:colcon.colcon_core.environment:checking '/home/zr/code/src/install/gac_nav2_costmap_2d' for CMake config files
[77.407s] Level 1:colcon.colcon_core.shell:create_environment_hook('gac_nav2_costmap_2d', 'cmake_prefix_path')
[77.407s] INFO:colcon.colcon_core.shell:Creating environment hook '/home/zr/code/src/install/gac_nav2_costmap_2d/share/gac_nav2_costmap_2d/hook/cmake_prefix_path.ps1'
[77.407s] INFO:colcon.colcon_core.shell:Creating environment descriptor '/home/zr/code/src/install/gac_nav2_costmap_2d/share/gac_nav2_costmap_2d/hook/cmake_prefix_path.dsv'
[77.408s] INFO:colcon.colcon_core.shell:Creating environment hook '/home/zr/code/src/install/gac_nav2_costmap_2d/share/gac_nav2_costmap_2d/hook/cmake_prefix_path.sh'
[77.408s] Level 1:colcon.colcon_core.environment:checking '/home/zr/code/src/install/gac_nav2_costmap_2d/lib'
[77.408s] Level 1:colcon.colcon_core.shell:create_environment_hook('gac_nav2_costmap_2d', 'ld_library_path_lib')
[77.408s] INFO:colcon.colcon_core.shell:Creating environment hook '/home/zr/code/src/install/gac_nav2_costmap_2d/share/gac_nav2_costmap_2d/hook/ld_library_path_lib.ps1'
[77.409s] INFO:colcon.colcon_core.shell:Creating environment descriptor '/home/zr/code/src/install/gac_nav2_costmap_2d/share/gac_nav2_costmap_2d/hook/ld_library_path_lib.dsv'
[77.409s] INFO:colcon.colcon_core.shell:Creating environment hook '/home/zr/code/src/install/gac_nav2_costmap_2d/share/gac_nav2_costmap_2d/hook/ld_library_path_lib.sh'
[77.409s] Level 1:colcon.colcon_core.environment:checking '/home/zr/code/src/install/gac_nav2_costmap_2d/bin'
[77.409s] Level 1:colcon.colcon_core.environment:checking '/home/zr/code/src/install/gac_nav2_costmap_2d/lib/pkgconfig/gac_nav2_costmap_2d.pc'
[77.409s] Level 1:colcon.colcon_core.environment:checking '/home/zr/code/src/install/gac_nav2_costmap_2d/lib/python3.10/site-packages'
[77.409s] Level 1:colcon.colcon_core.environment:checking '/home/zr/code/src/install/gac_nav2_costmap_2d/bin'
[77.410s] INFO:colcon.colcon_core.shell:Creating package script '/home/zr/code/src/install/gac_nav2_costmap_2d/share/gac_nav2_costmap_2d/package.ps1'
[77.410s] INFO:colcon.colcon_core.shell:Creating package descriptor '/home/zr/code/src/install/gac_nav2_costmap_2d/share/gac_nav2_costmap_2d/package.dsv'
[77.411s] INFO:colcon.colcon_core.shell:Creating package script '/home/zr/code/src/install/gac_nav2_costmap_2d/share/gac_nav2_costmap_2d/package.sh'
[77.411s] INFO:colcon.colcon_core.shell:Creating package script '/home/zr/code/src/install/gac_nav2_costmap_2d/share/gac_nav2_costmap_2d/package.bash'
[77.411s] INFO:colcon.colcon_core.shell:Creating package script '/home/zr/code/src/install/gac_nav2_costmap_2d/share/gac_nav2_costmap_2d/package.zsh'
[77.411s] Level 1:colcon.colcon_core.environment:create_file_with_runtime_dependencies(/home/zr/code/src/install/gac_nav2_costmap_2d/share/colcon-core/packages/gac_nav2_costmap_2d)
[77.412s] Level 1:colcon.colcon_core.environment:create_environment_scripts_only(gac_nav2_costmap_2d)
[77.412s] Level 1:colcon.colcon_core.environment:checking '/home/zr/code/src/install/gac_nav2_costmap_2d' for CMake module files
[77.413s] Level 1:colcon.colcon_core.environment:checking '/home/zr/code/src/install/gac_nav2_costmap_2d' for CMake config files
[77.413s] Level 1:colcon.colcon_core.shell:create_environment_hook('gac_nav2_costmap_2d', 'cmake_prefix_path')
[77.413s] INFO:colcon.colcon_core.shell:Creating environment hook '/home/zr/code/src/install/gac_nav2_costmap_2d/share/gac_nav2_costmap_2d/hook/cmake_prefix_path.ps1'
[77.414s] INFO:colcon.colcon_core.shell:Creating environment descriptor '/home/zr/code/src/install/gac_nav2_costmap_2d/share/gac_nav2_costmap_2d/hook/cmake_prefix_path.dsv'
[77.414s] INFO:colcon.colcon_core.shell:Creating environment hook '/home/zr/code/src/install/gac_nav2_costmap_2d/share/gac_nav2_costmap_2d/hook/cmake_prefix_path.sh'
[77.415s] Level 1:colcon.colcon_core.environment:checking '/home/zr/code/src/install/gac_nav2_costmap_2d/lib'
[77.415s] Level 1:colcon.colcon_core.shell:create_environment_hook('gac_nav2_costmap_2d', 'ld_library_path_lib')
[77.415s] INFO:colcon.colcon_core.shell:Creating environment hook '/home/zr/code/src/install/gac_nav2_costmap_2d/share/gac_nav2_costmap_2d/hook/ld_library_path_lib.ps1'
[77.415s] INFO:colcon.colcon_core.shell:Creating environment descriptor '/home/zr/code/src/install/gac_nav2_costmap_2d/share/gac_nav2_costmap_2d/hook/ld_library_path_lib.dsv'
[77.416s] INFO:colcon.colcon_core.shell:Creating environment hook '/home/zr/code/src/install/gac_nav2_costmap_2d/share/gac_nav2_costmap_2d/hook/ld_library_path_lib.sh'
[77.416s] Level 1:colcon.colcon_core.environment:checking '/home/zr/code/src/install/gac_nav2_costmap_2d/bin'
[77.416s] Level 1:colcon.colcon_core.environment:checking '/home/zr/code/src/install/gac_nav2_costmap_2d/lib/pkgconfig/gac_nav2_costmap_2d.pc'
[77.416s] Level 1:colcon.colcon_core.environment:checking '/home/zr/code/src/install/gac_nav2_costmap_2d/lib/python3.10/site-packages'
[77.416s] Level 1:colcon.colcon_core.environment:checking '/home/zr/code/src/install/gac_nav2_costmap_2d/bin'
[77.417s] INFO:colcon.colcon_core.shell:Creating package script '/home/zr/code/src/install/gac_nav2_costmap_2d/share/gac_nav2_costmap_2d/package.ps1'
[77.417s] INFO:colcon.colcon_core.shell:Creating package descriptor '/home/zr/code/src/install/gac_nav2_costmap_2d/share/gac_nav2_costmap_2d/package.dsv'
[77.418s] INFO:colcon.colcon_core.shell:Creating package script '/home/zr/code/src/install/gac_nav2_costmap_2d/share/gac_nav2_costmap_2d/package.sh'
[77.432s] INFO:colcon.colcon_core.shell:Creating package script '/home/zr/code/src/install/gac_nav2_costmap_2d/share/gac_nav2_costmap_2d/package.bash'
[77.433s] INFO:colcon.colcon_core.shell:Creating package script '/home/zr/code/src/install/gac_nav2_costmap_2d/share/gac_nav2_costmap_2d/package.zsh'
[77.434s] Level 1:colcon.colcon_core.environment:create_file_with_runtime_dependencies(/home/zr/code/src/install/gac_nav2_costmap_2d/share/colcon-core/packages/gac_nav2_costmap_2d)
[77.434s] INFO:colcon.colcon_ros.task.ament_cmake.build:Building ROS package in '/home/zr/code/src/nav_ws_gazebo/src/gac_navigation2/gac_nav2_core' with build type 'ament_cmake'
[77.434s] INFO:colcon.colcon_cmake.task.cmake.build:Building CMake package in '/home/zr/code/src/nav_ws_gazebo/src/gac_navigation2/gac_nav2_core'
[77.434s] INFO:colcon.colcon_core.shell:Skip shell extension 'powershell' for command environment: Not usable outside of PowerShell
[77.435s] DEBUG:colcon.colcon_core.shell:Skip shell extension 'dsv' for command environment
[77.439s] INFO:colcon.colcon_ros.task.ament_cmake.build:Building ROS package in '/home/zr/code/src/nav_ws_gazebo/src/gac_navigation2/nav2_dwb_controller/costmap_queue' with build type 'ament_cmake'
[77.439s] INFO:colcon.colcon_cmake.task.cmake.build:Building CMake package in '/home/zr/code/src/nav_ws_gazebo/src/gac_navigation2/nav2_dwb_controller/costmap_queue'
[77.439s] INFO:colcon.colcon_core.shell:Skip shell extension 'powershell' for command environment: Not usable outside of PowerShell
[77.439s] DEBUG:colcon.colcon_core.shell:Skip shell extension 'dsv' for command environment
[77.443s] INFO:colcon.colcon_ros.task.ament_cmake.build:Building ROS package in '/home/zr/code/src/nav_ws_gazebo/src/gac_navigation2/gac_nav2_collision_monitor' with build type 'ament_cmake'
[77.443s] INFO:colcon.colcon_cmake.task.cmake.build:Building CMake package in '/home/zr/code/src/nav_ws_gazebo/src/gac_navigation2/gac_nav2_collision_monitor'
[77.443s] INFO:colcon.colcon_core.shell:Skip shell extension 'powershell' for command environment: Not usable outside of PowerShell
[77.443s] DEBUG:colcon.colcon_core.shell:Skip shell extension 'dsv' for command environment
[77.454s] DEBUG:colcon.colcon_core.event_handler.log_command:Invoking command in '/home/zr/code/src/build/gac_nav2_core': AMENT_PREFIX_PATH=/home/zr/code/src/install/gac_nav2_costmap_2d:/home/zr/code/src/install/nav2_map_server:/home/zr/code/src/install/nav2_lifecycle_manager:/home/zr/code/src/install/nav2_util:/home/zr/code/src/install/gac_nav2_voxel_grid:${AMENT_PREFIX_PATH} CMAKE_PREFIX_PATH=/home/zr/code/src/install/gac_nav2_costmap_2d:/home/zr/code/src/install/nav2_map_server:/home/zr/code/src/install/nav2_lifecycle_manager:/home/zr/code/src/install/nav2_util:/home/zr/code/src/install/gac_nav2_voxel_grid:/opt/ros/humble LD_LIBRARY_PATH=/home/zr/code/src/install/gac_nav2_costmap_2d/lib:/home/zr/code/src/install/nav2_map_server/lib:/home/zr/code/src/install/nav2_lifecycle_manager/lib:/home/zr/code/src/install/nav2_util/lib:/home/zr/code/src/install/gac_nav2_voxel_grid/lib:${LD_LIBRARY_PATH} /usr/bin/cmake /home/zr/code/src/nav_ws_gazebo/src/gac_navigation2/gac_nav2_core -DBUILD_TESTING=OFF -DCMAKE_C_COMPILER_LAUNCHER=ccache -DCMAKE_CXX_COMPILER_LAUNCHER=ccache -DAMENT_CMAKE_SYMLINK_INSTALL=1 -DCMAKE_INSTALL_PREFIX=/home/zr/code/src/install/gac_nav2_core
[77.459s] DEBUG:colcon.colcon_core.event_handler.log_command:Invoking command in '/home/zr/code/src/build/costmap_queue': AMENT_PREFIX_PATH=/home/zr/code/src/install/gac_nav2_costmap_2d:/home/zr/code/src/install/nav2_map_server:/home/zr/code/src/install/nav2_lifecycle_manager:/home/zr/code/src/install/nav2_util:/home/zr/code/src/install/gac_nav2_voxel_grid:${AMENT_PREFIX_PATH} CMAKE_PREFIX_PATH=/home/zr/code/src/install/gac_nav2_costmap_2d:/home/zr/code/src/install/nav2_map_server:/home/zr/code/src/install/nav2_lifecycle_manager:/home/zr/code/src/install/nav2_util:/home/zr/code/src/install/gac_nav2_voxel_grid:/opt/ros/humble LD_LIBRARY_PATH=/home/zr/code/src/install/gac_nav2_costmap_2d/lib:/home/zr/code/src/install/nav2_map_server/lib:/home/zr/code/src/install/nav2_lifecycle_manager/lib:/home/zr/code/src/install/nav2_util/lib:/home/zr/code/src/install/gac_nav2_voxel_grid/lib:${LD_LIBRARY_PATH} /usr/bin/cmake /home/zr/code/src/nav_ws_gazebo/src/gac_navigation2/nav2_dwb_controller/costmap_queue -DBUILD_TESTING=OFF -DCMAKE_C_COMPILER_LAUNCHER=ccache -DCMAKE_CXX_COMPILER_LAUNCHER=ccache -DAMENT_CMAKE_SYMLINK_INSTALL=1 -DCMAKE_INSTALL_PREFIX=/home/zr/code/src/install/costmap_queue
[77.460s] DEBUG:colcon.colcon_core.event_handler.log_command:Invoking command in '/home/zr/code/src/build/gac_nav2_collision_monitor': AMENT_PREFIX_PATH=/home/zr/code/src/install/gac_nav2_costmap_2d:/home/zr/code/src/install/nav2_map_server:/home/zr/code/src/install/nav2_lifecycle_manager:/home/zr/code/src/install/nav2_util:/home/zr/code/src/install/gac_nav2_voxel_grid:${AMENT_PREFIX_PATH} CMAKE_PREFIX_PATH=/home/zr/code/src/install/gac_nav2_costmap_2d:/home/zr/code/src/install/nav2_map_server:/home/zr/code/src/install/nav2_lifecycle_manager:/home/zr/code/src/install/nav2_util:/home/zr/code/src/install/gac_nav2_voxel_grid:/opt/ros/humble LD_LIBRARY_PATH=/home/zr/code/src/install/gac_nav2_costmap_2d/lib:/home/zr/code/src/install/nav2_map_server/lib:/home/zr/code/src/install/nav2_lifecycle_manager/lib:/home/zr/code/src/install/nav2_util/lib:/home/zr/code/src/install/gac_nav2_voxel_grid/lib:${LD_LIBRARY_PATH} /usr/bin/cmake /home/zr/code/src/nav_ws_gazebo/src/gac_navigation2/gac_nav2_collision_monitor -DBUILD_TESTING=OFF -DCMAKE_C_COMPILER_LAUNCHER=ccache -DCMAKE_CXX_COMPILER_LAUNCHER=ccache -DAMENT_CMAKE_SYMLINK_INSTALL=1 -DCMAKE_INSTALL_PREFIX=/home/zr/code/src/install/gac_nav2_collision_monitor
[78.905s] DEBUG:colcon.colcon_core.event_handler.log_command:Invoked command in '/home/zr/code/src/build/gac_nav2_core' returned '0': AMENT_PREFIX_PATH=/home/zr/code/src/install/gac_nav2_costmap_2d:/home/zr/code/src/install/nav2_map_server:/home/zr/code/src/install/nav2_lifecycle_manager:/home/zr/code/src/install/nav2_util:/home/zr/code/src/install/gac_nav2_voxel_grid:${AMENT_PREFIX_PATH} CMAKE_PREFIX_PATH=/home/zr/code/src/install/gac_nav2_costmap_2d:/home/zr/code/src/install/nav2_map_server:/home/zr/code/src/install/nav2_lifecycle_manager:/home/zr/code/src/install/nav2_util:/home/zr/code/src/install/gac_nav2_voxel_grid:/opt/ros/humble LD_LIBRARY_PATH=/home/zr/code/src/install/gac_nav2_costmap_2d/lib:/home/zr/code/src/install/nav2_map_server/lib:/home/zr/code/src/install/nav2_lifecycle_manager/lib:/home/zr/code/src/install/nav2_util/lib:/home/zr/code/src/install/gac_nav2_voxel_grid/lib:${LD_LIBRARY_PATH} /usr/bin/cmake /home/zr/code/src/nav_ws_gazebo/src/gac_navigation2/gac_nav2_core -DBUILD_TESTING=OFF -DCMAKE_C_COMPILER_LAUNCHER=ccache -DCMAKE_CXX_COMPILER_LAUNCHER=ccache -DAMENT_CMAKE_SYMLINK_INSTALL=1 -DCMAKE_INSTALL_PREFIX=/home/zr/code/src/install/gac_nav2_core
[78.906s] DEBUG:colcon.colcon_core.event_handler.log_command:Invoking command in '/home/zr/code/src/build/gac_nav2_core': AMENT_PREFIX_PATH=/home/zr/code/src/install/gac_nav2_costmap_2d:/home/zr/code/src/install/nav2_map_server:/home/zr/code/src/install/nav2_lifecycle_manager:/home/zr/code/src/install/nav2_util:/home/zr/code/src/install/gac_nav2_voxel_grid:${AMENT_PREFIX_PATH} CMAKE_PREFIX_PATH=/home/zr/code/src/install/gac_nav2_costmap_2d:/home/zr/code/src/install/nav2_map_server:/home/zr/code/src/install/nav2_lifecycle_manager:/home/zr/code/src/install/nav2_util:/home/zr/code/src/install/gac_nav2_voxel_grid:/opt/ros/humble LD_LIBRARY_PATH=/home/zr/code/src/install/gac_nav2_costmap_2d/lib:/home/zr/code/src/install/nav2_map_server/lib:/home/zr/code/src/install/nav2_lifecycle_manager/lib:/home/zr/code/src/install/nav2_util/lib:/home/zr/code/src/install/gac_nav2_voxel_grid/lib:${LD_LIBRARY_PATH} /usr/bin/cmake --build /home/zr/code/src/build/gac_nav2_core -- -j16 -l16
[78.960s] DEBUG:colcon.colcon_core.event_handler.log_command:Invoked command in '/home/zr/code/src/build/gac_nav2_core' returned '0': AMENT_PREFIX_PATH=/home/zr/code/src/install/gac_nav2_costmap_2d:/home/zr/code/src/install/nav2_map_server:/home/zr/code/src/install/nav2_lifecycle_manager:/home/zr/code/src/install/nav2_util:/home/zr/code/src/install/gac_nav2_voxel_grid:${AMENT_PREFIX_PATH} CMAKE_PREFIX_PATH=/home/zr/code/src/install/gac_nav2_costmap_2d:/home/zr/code/src/install/nav2_map_server:/home/zr/code/src/install/nav2_lifecycle_manager:/home/zr/code/src/install/nav2_util:/home/zr/code/src/install/gac_nav2_voxel_grid:/opt/ros/humble LD_LIBRARY_PATH=/home/zr/code/src/install/gac_nav2_costmap_2d/lib:/home/zr/code/src/install/nav2_map_server/lib:/home/zr/code/src/install/nav2_lifecycle_manager/lib:/home/zr/code/src/install/nav2_util/lib:/home/zr/code/src/install/gac_nav2_voxel_grid/lib:${LD_LIBRARY_PATH} /usr/bin/cmake --build /home/zr/code/src/build/gac_nav2_core -- -j16 -l16
[78.961s] DEBUG:colcon.colcon_core.event_handler.log_command:Invoking command in '/home/zr/code/src/build/gac_nav2_core': AMENT_PREFIX_PATH=/home/zr/code/src/install/gac_nav2_costmap_2d:/home/zr/code/src/install/nav2_map_server:/home/zr/code/src/install/nav2_lifecycle_manager:/home/zr/code/src/install/nav2_util:/home/zr/code/src/install/gac_nav2_voxel_grid:${AMENT_PREFIX_PATH} CMAKE_PREFIX_PATH=/home/zr/code/src/install/gac_nav2_costmap_2d:/home/zr/code/src/install/nav2_map_server:/home/zr/code/src/install/nav2_lifecycle_manager:/home/zr/code/src/install/nav2_util:/home/zr/code/src/install/gac_nav2_voxel_grid:/opt/ros/humble LD_LIBRARY_PATH=/home/zr/code/src/install/gac_nav2_costmap_2d/lib:/home/zr/code/src/install/nav2_map_server/lib:/home/zr/code/src/install/nav2_lifecycle_manager/lib:/home/zr/code/src/install/nav2_util/lib:/home/zr/code/src/install/gac_nav2_voxel_grid/lib:${LD_LIBRARY_PATH} /usr/bin/cmake --install /home/zr/code/src/build/gac_nav2_core
[78.962s] DEBUG:colcon.colcon_core.event_handler.log_command:Invoked command in '/home/zr/code/src/build/costmap_queue' returned '0': AMENT_PREFIX_PATH=/home/zr/code/src/install/gac_nav2_costmap_2d:/home/zr/code/src/install/nav2_map_server:/home/zr/code/src/install/nav2_lifecycle_manager:/home/zr/code/src/install/nav2_util:/home/zr/code/src/install/gac_nav2_voxel_grid:${AMENT_PREFIX_PATH} CMAKE_PREFIX_PATH=/home/zr/code/src/install/gac_nav2_costmap_2d:/home/zr/code/src/install/nav2_map_server:/home/zr/code/src/install/nav2_lifecycle_manager:/home/zr/code/src/install/nav2_util:/home/zr/code/src/install/gac_nav2_voxel_grid:/opt/ros/humble LD_LIBRARY_PATH=/home/zr/code/src/install/gac_nav2_costmap_2d/lib:/home/zr/code/src/install/nav2_map_server/lib:/home/zr/code/src/install/nav2_lifecycle_manager/lib:/home/zr/code/src/install/nav2_util/lib:/home/zr/code/src/install/gac_nav2_voxel_grid/lib:${LD_LIBRARY_PATH} /usr/bin/cmake /home/zr/code/src/nav_ws_gazebo/src/gac_navigation2/nav2_dwb_controller/costmap_queue -DBUILD_TESTING=OFF -DCMAKE_C_COMPILER_LAUNCHER=ccache -DCMAKE_CXX_COMPILER_LAUNCHER=ccache -DAMENT_CMAKE_SYMLINK_INSTALL=1 -DCMAKE_INSTALL_PREFIX=/home/zr/code/src/install/costmap_queue
[78.963s] DEBUG:colcon.colcon_core.event_handler.log_command:Invoking command in '/home/zr/code/src/build/costmap_queue': AMENT_PREFIX_PATH=/home/zr/code/src/install/gac_nav2_costmap_2d:/home/zr/code/src/install/nav2_map_server:/home/zr/code/src/install/nav2_lifecycle_manager:/home/zr/code/src/install/nav2_util:/home/zr/code/src/install/gac_nav2_voxel_grid:${AMENT_PREFIX_PATH} CMAKE_PREFIX_PATH=/home/zr/code/src/install/gac_nav2_costmap_2d:/home/zr/code/src/install/nav2_map_server:/home/zr/code/src/install/nav2_lifecycle_manager:/home/zr/code/src/install/nav2_util:/home/zr/code/src/install/gac_nav2_voxel_grid:/opt/ros/humble LD_LIBRARY_PATH=/home/zr/code/src/install/gac_nav2_costmap_2d/lib:/home/zr/code/src/install/nav2_map_server/lib:/home/zr/code/src/install/nav2_lifecycle_manager/lib:/home/zr/code/src/install/nav2_util/lib:/home/zr/code/src/install/gac_nav2_voxel_grid/lib:${LD_LIBRARY_PATH} /usr/bin/cmake --build /home/zr/code/src/build/costmap_queue -- -j16 -l16
[79.042s] DEBUG:colcon.colcon_core.event_handler.log_command:Invoked command in '/home/zr/code/src/build/gac_nav2_collision_monitor' returned '0': AMENT_PREFIX_PATH=/home/zr/code/src/install/gac_nav2_costmap_2d:/home/zr/code/src/install/nav2_map_server:/home/zr/code/src/install/nav2_lifecycle_manager:/home/zr/code/src/install/nav2_util:/home/zr/code/src/install/gac_nav2_voxel_grid:${AMENT_PREFIX_PATH} CMAKE_PREFIX_PATH=/home/zr/code/src/install/gac_nav2_costmap_2d:/home/zr/code/src/install/nav2_map_server:/home/zr/code/src/install/nav2_lifecycle_manager:/home/zr/code/src/install/nav2_util:/home/zr/code/src/install/gac_nav2_voxel_grid:/opt/ros/humble LD_LIBRARY_PATH=/home/zr/code/src/install/gac_nav2_costmap_2d/lib:/home/zr/code/src/install/nav2_map_server/lib:/home/zr/code/src/install/nav2_lifecycle_manager/lib:/home/zr/code/src/install/nav2_util/lib:/home/zr/code/src/install/gac_nav2_voxel_grid/lib:${LD_LIBRARY_PATH} /usr/bin/cmake /home/zr/code/src/nav_ws_gazebo/src/gac_navigation2/gac_nav2_collision_monitor -DBUILD_TESTING=OFF -DCMAKE_C_COMPILER_LAUNCHER=ccache -DCMAKE_CXX_COMPILER_LAUNCHER=ccache -DAMENT_CMAKE_SYMLINK_INSTALL=1 -DCMAKE_INSTALL_PREFIX=/home/zr/code/src/install/gac_nav2_collision_monitor
[79.044s] DEBUG:colcon.colcon_core.event_handler.log_command:Invoking command in '/home/zr/code/src/build/gac_nav2_collision_monitor': AMENT_PREFIX_PATH=/home/zr/code/src/install/gac_nav2_costmap_2d:/home/zr/code/src/install/nav2_map_server:/home/zr/code/src/install/nav2_lifecycle_manager:/home/zr/code/src/install/nav2_util:/home/zr/code/src/install/gac_nav2_voxel_grid:${AMENT_PREFIX_PATH} CMAKE_PREFIX_PATH=/home/zr/code/src/install/gac_nav2_costmap_2d:/home/zr/code/src/install/nav2_map_server:/home/zr/code/src/install/nav2_lifecycle_manager:/home/zr/code/src/install/nav2_util:/home/zr/code/src/install/gac_nav2_voxel_grid:/opt/ros/humble LD_LIBRARY_PATH=/home/zr/code/src/install/gac_nav2_costmap_2d/lib:/home/zr/code/src/install/nav2_map_server/lib:/home/zr/code/src/install/nav2_lifecycle_manager/lib:/home/zr/code/src/install/nav2_util/lib:/home/zr/code/src/install/gac_nav2_voxel_grid/lib:${LD_LIBRARY_PATH} /usr/bin/cmake --build /home/zr/code/src/build/gac_nav2_collision_monitor -- -j16 -l16
[79.257s] Level 1:colcon.colcon_core.environment:create_environment_scripts_only(gac_nav2_core)
[79.258s] Level 1:colcon.colcon_core.environment:checking '/home/zr/code/src/install/gac_nav2_core' for CMake module files
[79.258s] DEBUG:colcon.colcon_core.event_handler.log_command:Invoked command in '/home/zr/code/src/build/gac_nav2_core' returned '0': AMENT_PREFIX_PATH=/home/zr/code/src/install/gac_nav2_costmap_2d:/home/zr/code/src/install/nav2_map_server:/home/zr/code/src/install/nav2_lifecycle_manager:/home/zr/code/src/install/nav2_util:/home/zr/code/src/install/gac_nav2_voxel_grid:${AMENT_PREFIX_PATH} CMAKE_PREFIX_PATH=/home/zr/code/src/install/gac_nav2_costmap_2d:/home/zr/code/src/install/nav2_map_server:/home/zr/code/src/install/nav2_lifecycle_manager:/home/zr/code/src/install/nav2_util:/home/zr/code/src/install/gac_nav2_voxel_grid:/opt/ros/humble LD_LIBRARY_PATH=/home/zr/code/src/install/gac_nav2_costmap_2d/lib:/home/zr/code/src/install/nav2_map_server/lib:/home/zr/code/src/install/nav2_lifecycle_manager/lib:/home/zr/code/src/install/nav2_util/lib:/home/zr/code/src/install/gac_nav2_voxel_grid/lib:${LD_LIBRARY_PATH} /usr/bin/cmake --install /home/zr/code/src/build/gac_nav2_core
[79.259s] Level 1:colcon.colcon_core.environment:checking '/home/zr/code/src/install/gac_nav2_core' for CMake config files
[79.259s] Level 1:colcon.colcon_core.shell:create_environment_hook('gac_nav2_core', 'cmake_prefix_path')
[79.259s] INFO:colcon.colcon_core.shell:Creating environment hook '/home/zr/code/src/install/gac_nav2_core/share/gac_nav2_core/hook/cmake_prefix_path.ps1'
[79.259s] INFO:colcon.colcon_core.shell:Creating environment descriptor '/home/zr/code/src/install/gac_nav2_core/share/gac_nav2_core/hook/cmake_prefix_path.dsv'
[79.260s] INFO:colcon.colcon_core.shell:Creating environment hook '/home/zr/code/src/install/gac_nav2_core/share/gac_nav2_core/hook/cmake_prefix_path.sh'
[79.260s] Level 1:colcon.colcon_core.environment:checking '/home/zr/code/src/install/gac_nav2_core/bin'
[79.260s] Level 1:colcon.colcon_core.environment:checking '/home/zr/code/src/install/gac_nav2_core/lib/pkgconfig/gac_nav2_core.pc'
[79.260s] Level 1:colcon.colcon_core.environment:checking '/home/zr/code/src/install/gac_nav2_core/lib/python3.10/site-packages'
[79.261s] Level 1:colcon.colcon_core.environment:checking '/home/zr/code/src/install/gac_nav2_core/bin'
[79.261s] INFO:colcon.colcon_core.shell:Creating package script '/home/zr/code/src/install/gac_nav2_core/share/gac_nav2_core/package.ps1'
[79.261s] INFO:colcon.colcon_core.shell:Creating package descriptor '/home/zr/code/src/install/gac_nav2_core/share/gac_nav2_core/package.dsv'
[79.262s] INFO:colcon.colcon_core.shell:Creating package script '/home/zr/code/src/install/gac_nav2_core/share/gac_nav2_core/package.sh'
[79.262s] INFO:colcon.colcon_core.shell:Creating package script '/home/zr/code/src/install/gac_nav2_core/share/gac_nav2_core/package.bash'
[79.262s] INFO:colcon.colcon_core.shell:Creating package script '/home/zr/code/src/install/gac_nav2_core/share/gac_nav2_core/package.zsh'
[79.263s] Level 1:colcon.colcon_core.environment:create_file_with_runtime_dependencies(/home/zr/code/src/install/gac_nav2_core/share/colcon-core/packages/gac_nav2_core)
[79.263s] Level 1:colcon.colcon_core.environment:create_environment_scripts_only(gac_nav2_core)
[79.263s] Level 1:colcon.colcon_core.environment:checking '/home/zr/code/src/install/gac_nav2_core' for CMake module files
[79.264s] Level 1:colcon.colcon_core.environment:checking '/home/zr/code/src/install/gac_nav2_core' for CMake config files
[79.264s] Level 1:colcon.colcon_core.shell:create_environment_hook('gac_nav2_core', 'cmake_prefix_path')
[79.264s] INFO:colcon.colcon_core.shell:Creating environment hook '/home/zr/code/src/install/gac_nav2_core/share/gac_nav2_core/hook/cmake_prefix_path.ps1'
[79.264s] INFO:colcon.colcon_core.shell:Creating environment descriptor '/home/zr/code/src/install/gac_nav2_core/share/gac_nav2_core/hook/cmake_prefix_path.dsv'
[79.265s] INFO:colcon.colcon_core.shell:Creating environment hook '/home/zr/code/src/install/gac_nav2_core/share/gac_nav2_core/hook/cmake_prefix_path.sh'
[79.265s] Level 1:colcon.colcon_core.environment:checking '/home/zr/code/src/install/gac_nav2_core/bin'
[79.265s] Level 1:colcon.colcon_core.environment:checking '/home/zr/code/src/install/gac_nav2_core/lib/pkgconfig/gac_nav2_core.pc'
[79.265s] Level 1:colcon.colcon_core.environment:checking '/home/zr/code/src/install/gac_nav2_core/lib/python3.10/site-packages'
[79.265s] Level 1:colcon.colcon_core.environment:checking '/home/zr/code/src/install/gac_nav2_core/bin'
[79.266s] INFO:colcon.colcon_core.shell:Creating package script '/home/zr/code/src/install/gac_nav2_core/share/gac_nav2_core/package.ps1'
[79.266s] INFO:colcon.colcon_core.shell:Creating package descriptor '/home/zr/code/src/install/gac_nav2_core/share/gac_nav2_core/package.dsv'
[79.267s] INFO:colcon.colcon_core.shell:Creating package script '/home/zr/code/src/install/gac_nav2_core/share/gac_nav2_core/package.sh'
[79.267s] INFO:colcon.colcon_core.shell:Creating package script '/home/zr/code/src/install/gac_nav2_core/share/gac_nav2_core/package.bash'
[79.267s] INFO:colcon.colcon_core.shell:Creating package script '/home/zr/code/src/install/gac_nav2_core/share/gac_nav2_core/package.zsh'
[79.268s] Level 1:colcon.colcon_core.environment:create_file_with_runtime_dependencies(/home/zr/code/src/install/gac_nav2_core/share/colcon-core/packages/gac_nav2_core)
[79.268s] INFO:colcon.colcon_ros.task.ament_cmake.build:Building ROS package in '/home/zr/code/src/nav_ws_gazebo/src/gac_navigation2/nav2_dwb_controller/dwb_core' with build type 'ament_cmake'
[79.268s] INFO:colcon.colcon_cmake.task.cmake.build:Building CMake package in '/home/zr/code/src/nav_ws_gazebo/src/gac_navigation2/nav2_dwb_controller/dwb_core'
[79.269s] INFO:colcon.colcon_core.shell:Skip shell extension 'powershell' for command environment: Not usable outside of PowerShell
[79.269s] DEBUG:colcon.colcon_core.shell:Skip shell extension 'dsv' for command environment
[79.272s] INFO:colcon.colcon_ros.task.ament_cmake.build:Building ROS package in '/home/zr/code/src/nav_ws_gazebo/src/gac_navigation2/gac_nav2_controller' with build type 'ament_cmake'
[79.272s] INFO:colcon.colcon_cmake.task.cmake.build:Building CMake package in '/home/zr/code/src/nav_ws_gazebo/src/gac_navigation2/gac_nav2_controller'
[79.273s] INFO:colcon.colcon_core.shell:Skip shell extension 'powershell' for command environment: Not usable outside of PowerShell
[79.273s] DEBUG:colcon.colcon_core.shell:Skip shell extension 'dsv' for command environment
[79.299s] DEBUG:colcon.colcon_core.event_handler.log_command:Invoking command in '/home/zr/code/src/build/gac_nav2_controller': AMENT_PREFIX_PATH=/home/zr/code/src/install/gac_nav2_core:/home/zr/code/src/install/gac_nav2_costmap_2d:/home/zr/code/src/install/nav_2d_utils:/home/zr/code/src/install/nav2_map_server:/home/zr/code/src/install/nav2_lifecycle_manager:/home/zr/code/src/install/nav_2d_msgs:/home/zr/code/src/install/nav2_util:/home/zr/code/src/install/gac_nav2_voxel_grid:${AMENT_PREFIX_PATH} CMAKE_PREFIX_PATH=/home/zr/code/src/install/gac_nav2_core:/home/zr/code/src/install/gac_nav2_costmap_2d:/home/zr/code/src/install/nav_2d_utils:/home/zr/code/src/install/nav2_map_server:/home/zr/code/src/install/nav2_lifecycle_manager:/home/zr/code/src/install/nav_2d_msgs:/home/zr/code/src/install/nav2_util:/home/zr/code/src/install/gac_nav2_voxel_grid:/opt/ros/humble LD_LIBRARY_PATH=/home/zr/code/src/install/gac_nav2_costmap_2d/lib:/home/zr/code/src/install/nav_2d_utils/lib:/home/zr/code/src/install/nav2_map_server/lib:/home/zr/code/src/install/nav2_lifecycle_manager/lib:/home/zr/code/src/install/nav_2d_msgs/lib:/home/zr/code/src/install/nav2_util/lib:/home/zr/code/src/install/gac_nav2_voxel_grid/lib:${LD_LIBRARY_PATH} PYTHONPATH=/home/zr/code/src/install/nav_2d_msgs/local/lib/python3.10/dist-packages:${PYTHONPATH} /usr/bin/cmake /home/zr/code/src/nav_ws_gazebo/src/gac_navigation2/gac_nav2_controller -DBUILD_TESTING=OFF -DCMAKE_C_COMPILER_LAUNCHER=ccache -DCMAKE_CXX_COMPILER_LAUNCHER=ccache -DAMENT_CMAKE_SYMLINK_INSTALL=1 -DCMAKE_INSTALL_PREFIX=/home/zr/code/src/install/gac_nav2_controller
[79.301s] DEBUG:colcon.colcon_core.event_handler.log_command:Invoking command in '/home/zr/code/src/build/dwb_core': AMENT_PREFIX_PATH=/home/zr/code/src/install/gac_nav2_core:/home/zr/code/src/install/gac_nav2_costmap_2d:/home/zr/code/src/install/nav_2d_utils:/home/zr/code/src/install/nav2_map_server:/home/zr/code/src/install/nav2_lifecycle_manager:/home/zr/code/src/install/dwb_msgs:/home/zr/code/src/install/nav_2d_msgs:/home/zr/code/src/install/nav2_util:/home/zr/code/src/install/gac_nav2_voxel_grid:${AMENT_PREFIX_PATH} CMAKE_PREFIX_PATH=/home/zr/code/src/install/gac_nav2_core:/home/zr/code/src/install/gac_nav2_costmap_2d:/home/zr/code/src/install/nav_2d_utils:/home/zr/code/src/install/nav2_map_server:/home/zr/code/src/install/nav2_lifecycle_manager:/home/zr/code/src/install/dwb_msgs:/home/zr/code/src/install/nav_2d_msgs:/home/zr/code/src/install/nav2_util:/home/zr/code/src/install/gac_nav2_voxel_grid:/opt/ros/humble LD_LIBRARY_PATH=/home/zr/code/src/install/gac_nav2_costmap_2d/lib:/home/zr/code/src/install/nav_2d_utils/lib:/home/zr/code/src/install/nav2_map_server/lib:/home/zr/code/src/install/nav2_lifecycle_manager/lib:/home/zr/code/src/install/dwb_msgs/lib:/home/zr/code/src/install/nav_2d_msgs/lib:/home/zr/code/src/install/nav2_util/lib:/home/zr/code/src/install/gac_nav2_voxel_grid/lib:${LD_LIBRARY_PATH} PYTHONPATH=/home/zr/code/src/install/dwb_msgs/local/lib/python3.10/dist-packages:/home/zr/code/src/install/nav_2d_msgs/local/lib/python3.10/dist-packages:${PYTHONPATH} /usr/bin/cmake /home/zr/code/src/nav_ws_gazebo/src/gac_navigation2/nav2_dwb_controller/dwb_core -DBUILD_TESTING=OFF -DCMAKE_C_COMPILER_LAUNCHER=ccache -DCMAKE_CXX_COMPILER_LAUNCHER=ccache -DAMENT_CMAKE_SYMLINK_INSTALL=1 -DCMAKE_INSTALL_PREFIX=/home/zr/code/src/install/dwb_core
[79.559s] DEBUG:colcon.colcon_core.event_handler.log_command:Invoked command in '/home/zr/code/src/build/costmap_queue' returned '0': AMENT_PREFIX_PATH=/home/zr/code/src/install/gac_nav2_costmap_2d:/home/zr/code/src/install/nav2_map_server:/home/zr/code/src/install/nav2_lifecycle_manager:/home/zr/code/src/install/nav2_util:/home/zr/code/src/install/gac_nav2_voxel_grid:${AMENT_PREFIX_PATH} CMAKE_PREFIX_PATH=/home/zr/code/src/install/gac_nav2_costmap_2d:/home/zr/code/src/install/nav2_map_server:/home/zr/code/src/install/nav2_lifecycle_manager:/home/zr/code/src/install/nav2_util:/home/zr/code/src/install/gac_nav2_voxel_grid:/opt/ros/humble LD_LIBRARY_PATH=/home/zr/code/src/install/gac_nav2_costmap_2d/lib:/home/zr/code/src/install/nav2_map_server/lib:/home/zr/code/src/install/nav2_lifecycle_manager/lib:/home/zr/code/src/install/nav2_util/lib:/home/zr/code/src/install/gac_nav2_voxel_grid/lib:${LD_LIBRARY_PATH} /usr/bin/cmake --build /home/zr/code/src/build/costmap_queue -- -j16 -l16
[79.561s] DEBUG:colcon.colcon_core.event_handler.log_command:Invoking command in '/home/zr/code/src/build/costmap_queue': AMENT_PREFIX_PATH=/home/zr/code/src/install/gac_nav2_costmap_2d:/home/zr/code/src/install/nav2_map_server:/home/zr/code/src/install/nav2_lifecycle_manager:/home/zr/code/src/install/nav2_util:/home/zr/code/src/install/gac_nav2_voxel_grid:${AMENT_PREFIX_PATH} CMAKE_PREFIX_PATH=/home/zr/code/src/install/gac_nav2_costmap_2d:/home/zr/code/src/install/nav2_map_server:/home/zr/code/src/install/nav2_lifecycle_manager:/home/zr/code/src/install/nav2_util:/home/zr/code/src/install/gac_nav2_voxel_grid:/opt/ros/humble LD_LIBRARY_PATH=/home/zr/code/src/install/gac_nav2_costmap_2d/lib:/home/zr/code/src/install/nav2_map_server/lib:/home/zr/code/src/install/nav2_lifecycle_manager/lib:/home/zr/code/src/install/nav2_util/lib:/home/zr/code/src/install/gac_nav2_voxel_grid/lib:${LD_LIBRARY_PATH} /usr/bin/cmake --install /home/zr/code/src/build/costmap_queue
[79.812s] Level 1:colcon.colcon_core.environment:create_environment_scripts_only(costmap_queue)
[79.813s] Level 1:colcon.colcon_core.environment:checking '/home/zr/code/src/install/costmap_queue' for CMake module files
[79.813s] DEBUG:colcon.colcon_core.event_handler.log_command:Invoked command in '/home/zr/code/src/build/costmap_queue' returned '0': AMENT_PREFIX_PATH=/home/zr/code/src/install/gac_nav2_costmap_2d:/home/zr/code/src/install/nav2_map_server:/home/zr/code/src/install/nav2_lifecycle_manager:/home/zr/code/src/install/nav2_util:/home/zr/code/src/install/gac_nav2_voxel_grid:${AMENT_PREFIX_PATH} CMAKE_PREFIX_PATH=/home/zr/code/src/install/gac_nav2_costmap_2d:/home/zr/code/src/install/nav2_map_server:/home/zr/code/src/install/nav2_lifecycle_manager:/home/zr/code/src/install/nav2_util:/home/zr/code/src/install/gac_nav2_voxel_grid:/opt/ros/humble LD_LIBRARY_PATH=/home/zr/code/src/install/gac_nav2_costmap_2d/lib:/home/zr/code/src/install/nav2_map_server/lib:/home/zr/code/src/install/nav2_lifecycle_manager/lib:/home/zr/code/src/install/nav2_util/lib:/home/zr/code/src/install/gac_nav2_voxel_grid/lib:${LD_LIBRARY_PATH} /usr/bin/cmake --install /home/zr/code/src/build/costmap_queue
[79.814s] Level 1:colcon.colcon_core.environment:checking '/home/zr/code/src/install/costmap_queue' for CMake config files
[79.814s] Level 1:colcon.colcon_core.shell:create_environment_hook('costmap_queue', 'cmake_prefix_path')
[79.815s] INFO:colcon.colcon_core.shell:Creating environment hook '/home/zr/code/src/install/costmap_queue/share/costmap_queue/hook/cmake_prefix_path.ps1'
[79.815s] INFO:colcon.colcon_core.shell:Creating environment descriptor '/home/zr/code/src/install/costmap_queue/share/costmap_queue/hook/cmake_prefix_path.dsv'
[79.816s] INFO:colcon.colcon_core.shell:Creating environment hook '/home/zr/code/src/install/costmap_queue/share/costmap_queue/hook/cmake_prefix_path.sh'
[79.816s] Level 1:colcon.colcon_core.environment:checking '/home/zr/code/src/install/costmap_queue/lib'
[79.816s] Level 1:colcon.colcon_core.shell:create_environment_hook('costmap_queue', 'ld_library_path_lib')
[79.816s] INFO:colcon.colcon_core.shell:Creating environment hook '/home/zr/code/src/install/costmap_queue/share/costmap_queue/hook/ld_library_path_lib.ps1'
[79.817s] INFO:colcon.colcon_core.shell:Creating environment descriptor '/home/zr/code/src/install/costmap_queue/share/costmap_queue/hook/ld_library_path_lib.dsv'
[79.817s] INFO:colcon.colcon_core.shell:Creating environment hook '/home/zr/code/src/install/costmap_queue/share/costmap_queue/hook/ld_library_path_lib.sh'
[79.817s] Level 1:colcon.colcon_core.environment:checking '/home/zr/code/src/install/costmap_queue/bin'
[79.817s] Level 1:colcon.colcon_core.environment:checking '/home/zr/code/src/install/costmap_queue/lib/pkgconfig/costmap_queue.pc'
[79.818s] Level 1:colcon.colcon_core.environment:checking '/home/zr/code/src/install/costmap_queue/lib/python3.10/site-packages'
[79.818s] Level 1:colcon.colcon_core.environment:checking '/home/zr/code/src/install/costmap_queue/bin'
[79.818s] INFO:colcon.colcon_core.shell:Creating package script '/home/zr/code/src/install/costmap_queue/share/costmap_queue/package.ps1'
[79.819s] INFO:colcon.colcon_core.shell:Creating package descriptor '/home/zr/code/src/install/costmap_queue/share/costmap_queue/package.dsv'
[79.819s] INFO:colcon.colcon_core.shell:Creating package script '/home/zr/code/src/install/costmap_queue/share/costmap_queue/package.sh'
[79.820s] INFO:colcon.colcon_core.shell:Creating package script '/home/zr/code/src/install/costmap_queue/share/costmap_queue/package.bash'
[79.820s] INFO:colcon.colcon_core.shell:Creating package script '/home/zr/code/src/install/costmap_queue/share/costmap_queue/package.zsh'
[79.820s] Level 1:colcon.colcon_core.environment:create_file_with_runtime_dependencies(/home/zr/code/src/install/costmap_queue/share/colcon-core/packages/costmap_queue)
[79.821s] Level 1:colcon.colcon_core.environment:create_environment_scripts_only(costmap_queue)
[79.821s] Level 1:colcon.colcon_core.environment:checking '/home/zr/code/src/install/costmap_queue' for CMake module files
[79.821s] Level 1:colcon.colcon_core.environment:checking '/home/zr/code/src/install/costmap_queue' for CMake config files
[79.821s] Level 1:colcon.colcon_core.shell:create_environment_hook('costmap_queue', 'cmake_prefix_path')
[79.822s] INFO:colcon.colcon_core.shell:Creating environment hook '/home/zr/code/src/install/costmap_queue/share/costmap_queue/hook/cmake_prefix_path.ps1'
[79.822s] INFO:colcon.colcon_core.shell:Creating environment descriptor '/home/zr/code/src/install/costmap_queue/share/costmap_queue/hook/cmake_prefix_path.dsv'
[79.822s] INFO:colcon.colcon_core.shell:Creating environment hook '/home/zr/code/src/install/costmap_queue/share/costmap_queue/hook/cmake_prefix_path.sh'
[79.823s] Level 1:colcon.colcon_core.environment:checking '/home/zr/code/src/install/costmap_queue/lib'
[79.823s] Level 1:colcon.colcon_core.shell:create_environment_hook('costmap_queue', 'ld_library_path_lib')
[79.823s] INFO:colcon.colcon_core.shell:Creating environment hook '/home/zr/code/src/install/costmap_queue/share/costmap_queue/hook/ld_library_path_lib.ps1'
[79.823s] INFO:colcon.colcon_core.shell:Creating environment descriptor '/home/zr/code/src/install/costmap_queue/share/costmap_queue/hook/ld_library_path_lib.dsv'
[79.824s] INFO:colcon.colcon_core.shell:Creating environment hook '/home/zr/code/src/install/costmap_queue/share/costmap_queue/hook/ld_library_path_lib.sh'
[79.824s] Level 1:colcon.colcon_core.environment:checking '/home/zr/code/src/install/costmap_queue/bin'
[79.824s] Level 1:colcon.colcon_core.environment:checking '/home/zr/code/src/install/costmap_queue/lib/pkgconfig/costmap_queue.pc'
[79.824s] Level 1:colcon.colcon_core.environment:checking '/home/zr/code/src/install/costmap_queue/lib/python3.10/site-packages'
[79.824s] Level 1:colcon.colcon_core.environment:checking '/home/zr/code/src/install/costmap_queue/bin'
[79.825s] INFO:colcon.colcon_core.shell:Creating package script '/home/zr/code/src/install/costmap_queue/share/costmap_queue/package.ps1'
[79.826s] INFO:colcon.colcon_core.shell:Creating package descriptor '/home/zr/code/src/install/costmap_queue/share/costmap_queue/package.dsv'
[79.826s] INFO:colcon.colcon_core.shell:Creating package script '/home/zr/code/src/install/costmap_queue/share/costmap_queue/package.sh'
[79.827s] INFO:colcon.colcon_core.shell:Creating package script '/home/zr/code/src/install/costmap_queue/share/costmap_queue/package.bash'
[79.827s] INFO:colcon.colcon_core.shell:Creating package script '/home/zr/code/src/install/costmap_queue/share/costmap_queue/package.zsh'
[79.828s] Level 1:colcon.colcon_core.environment:create_file_with_runtime_dependencies(/home/zr/code/src/install/costmap_queue/share/colcon-core/packages/costmap_queue)
[79.828s] INFO:colcon.colcon_ros.task.ament_cmake.build:Building ROS package in '/home/zr/code/src/nav_ws_gazebo/src/gac_navigation2/gac_nav2_behaviors' with build type 'ament_cmake'
[79.828s] INFO:colcon.colcon_cmake.task.cmake.build:Building CMake package in '/home/zr/code/src/nav_ws_gazebo/src/gac_navigation2/gac_nav2_behaviors'
[79.829s] INFO:colcon.colcon_core.shell:Skip shell extension 'powershell' for command environment: Not usable outside of PowerShell
[79.829s] DEBUG:colcon.colcon_core.shell:Skip shell extension 'dsv' for command environment
[79.882s] DEBUG:colcon.colcon_core.event_handler.log_command:Invoking command in '/home/zr/code/src/build/gac_nav2_behaviors': AMENT_PREFIX_PATH=/home/zr/code/src/install/gac_nav2_core:/home/zr/code/src/install/gac_nav2_costmap_2d:/home/zr/code/src/install/nav2_map_server:/home/zr/code/src/install/nav2_lifecycle_manager:/home/zr/code/src/install/gac_nav2_behavior_tree:/home/zr/code/src/install/nav2_util:/home/zr/code/src/install/gac_nav2_voxel_grid:${AMENT_PREFIX_PATH} CMAKE_PREFIX_PATH=/home/zr/code/src/install/gac_nav2_core:/home/zr/code/src/install/gac_nav2_costmap_2d:/home/zr/code/src/install/nav2_map_server:/home/zr/code/src/install/nav2_lifecycle_manager:/home/zr/code/src/install/gac_nav2_behavior_tree:/home/zr/code/src/install/nav2_util:/home/zr/code/src/install/gac_nav2_voxel_grid:/opt/ros/humble LD_LIBRARY_PATH=/home/zr/code/src/install/gac_nav2_costmap_2d/lib:/home/zr/code/src/install/nav2_map_server/lib:/home/zr/code/src/install/nav2_lifecycle_manager/lib:/home/zr/code/src/install/gac_nav2_behavior_tree/lib:/home/zr/code/src/install/nav2_util/lib:/home/zr/code/src/install/gac_nav2_voxel_grid/lib:${LD_LIBRARY_PATH} /usr/bin/cmake /home/zr/code/src/nav_ws_gazebo/src/gac_navigation2/gac_nav2_behaviors -DBUILD_TESTING=OFF -DCMAKE_C_COMPILER_LAUNCHER=ccache -DCMAKE_CXX_COMPILER_LAUNCHER=ccache -DAMENT_CMAKE_SYMLINK_INSTALL=1 -DCMAKE_INSTALL_PREFIX=/home/zr/code/src/install/gac_nav2_behaviors
[80.922s] DEBUG:colcon.colcon_core.event_handler.log_command:Invoked command in '/home/zr/code/src/build/gac_nav2_collision_monitor' returned '0': AMENT_PREFIX_PATH=/home/zr/code/src/install/gac_nav2_costmap_2d:/home/zr/code/src/install/nav2_map_server:/home/zr/code/src/install/nav2_lifecycle_manager:/home/zr/code/src/install/nav2_util:/home/zr/code/src/install/gac_nav2_voxel_grid:${AMENT_PREFIX_PATH} CMAKE_PREFIX_PATH=/home/zr/code/src/install/gac_nav2_costmap_2d:/home/zr/code/src/install/nav2_map_server:/home/zr/code/src/install/nav2_lifecycle_manager:/home/zr/code/src/install/nav2_util:/home/zr/code/src/install/gac_nav2_voxel_grid:/opt/ros/humble LD_LIBRARY_PATH=/home/zr/code/src/install/gac_nav2_costmap_2d/lib:/home/zr/code/src/install/nav2_map_server/lib:/home/zr/code/src/install/nav2_lifecycle_manager/lib:/home/zr/code/src/install/nav2_util/lib:/home/zr/code/src/install/gac_nav2_voxel_grid/lib:${LD_LIBRARY_PATH} /usr/bin/cmake --build /home/zr/code/src/build/gac_nav2_collision_monitor -- -j16 -l16
[80.924s] DEBUG:colcon.colcon_core.event_handler.log_command:Invoking command in '/home/zr/code/src/build/gac_nav2_collision_monitor': AMENT_PREFIX_PATH=/home/zr/code/src/install/gac_nav2_costmap_2d:/home/zr/code/src/install/nav2_map_server:/home/zr/code/src/install/nav2_lifecycle_manager:/home/zr/code/src/install/nav2_util:/home/zr/code/src/install/gac_nav2_voxel_grid:${AMENT_PREFIX_PATH} CMAKE_PREFIX_PATH=/home/zr/code/src/install/gac_nav2_costmap_2d:/home/zr/code/src/install/nav2_map_server:/home/zr/code/src/install/nav2_lifecycle_manager:/home/zr/code/src/install/nav2_util:/home/zr/code/src/install/gac_nav2_voxel_grid:/opt/ros/humble LD_LIBRARY_PATH=/home/zr/code/src/install/gac_nav2_costmap_2d/lib:/home/zr/code/src/install/nav2_map_server/lib:/home/zr/code/src/install/nav2_lifecycle_manager/lib:/home/zr/code/src/install/nav2_util/lib:/home/zr/code/src/install/gac_nav2_voxel_grid/lib:${LD_LIBRARY_PATH} /usr/bin/cmake --install /home/zr/code/src/build/gac_nav2_collision_monitor
[81.289s] Level 1:colcon.colcon_core.environment:create_environment_scripts_only(gac_nav2_collision_monitor)
[81.289s] Level 1:colcon.colcon_core.environment:checking '/home/zr/code/src/install/gac_nav2_collision_monitor' for CMake module files
[81.290s] DEBUG:colcon.colcon_core.event_handler.log_command:Invoked command in '/home/zr/code/src/build/gac_nav2_collision_monitor' returned '0': AMENT_PREFIX_PATH=/home/zr/code/src/install/gac_nav2_costmap_2d:/home/zr/code/src/install/nav2_map_server:/home/zr/code/src/install/nav2_lifecycle_manager:/home/zr/code/src/install/nav2_util:/home/zr/code/src/install/gac_nav2_voxel_grid:${AMENT_PREFIX_PATH} CMAKE_PREFIX_PATH=/home/zr/code/src/install/gac_nav2_costmap_2d:/home/zr/code/src/install/nav2_map_server:/home/zr/code/src/install/nav2_lifecycle_manager:/home/zr/code/src/install/nav2_util:/home/zr/code/src/install/gac_nav2_voxel_grid:/opt/ros/humble LD_LIBRARY_PATH=/home/zr/code/src/install/gac_nav2_costmap_2d/lib:/home/zr/code/src/install/nav2_map_server/lib:/home/zr/code/src/install/nav2_lifecycle_manager/lib:/home/zr/code/src/install/nav2_util/lib:/home/zr/code/src/install/gac_nav2_voxel_grid/lib:${LD_LIBRARY_PATH} /usr/bin/cmake --install /home/zr/code/src/build/gac_nav2_collision_monitor
[81.290s] Level 1:colcon.colcon_core.environment:checking '/home/zr/code/src/install/gac_nav2_collision_monitor' for CMake config files
[81.291s] Level 1:colcon.colcon_core.shell:create_environment_hook('gac_nav2_collision_monitor', 'cmake_prefix_path')
[81.291s] INFO:colcon.colcon_core.shell:Creating environment hook '/home/zr/code/src/install/gac_nav2_collision_monitor/share/gac_nav2_collision_monitor/hook/cmake_prefix_path.ps1'
[81.291s] INFO:colcon.colcon_core.shell:Creating environment descriptor '/home/zr/code/src/install/gac_nav2_collision_monitor/share/gac_nav2_collision_monitor/hook/cmake_prefix_path.dsv'
[81.292s] INFO:colcon.colcon_core.shell:Creating environment hook '/home/zr/code/src/install/gac_nav2_collision_monitor/share/gac_nav2_collision_monitor/hook/cmake_prefix_path.sh'
[81.292s] Level 1:colcon.colcon_core.environment:checking '/home/zr/code/src/install/gac_nav2_collision_monitor/lib'
[81.292s] Level 1:colcon.colcon_core.shell:create_environment_hook('gac_nav2_collision_monitor', 'ld_library_path_lib')
[81.292s] INFO:colcon.colcon_core.shell:Creating environment hook '/home/zr/code/src/install/gac_nav2_collision_monitor/share/gac_nav2_collision_monitor/hook/ld_library_path_lib.ps1'
[81.292s] INFO:colcon.colcon_core.shell:Creating environment descriptor '/home/zr/code/src/install/gac_nav2_collision_monitor/share/gac_nav2_collision_monitor/hook/ld_library_path_lib.dsv'
[81.293s] INFO:colcon.colcon_core.shell:Creating environment hook '/home/zr/code/src/install/gac_nav2_collision_monitor/share/gac_nav2_collision_monitor/hook/ld_library_path_lib.sh'
[81.293s] Level 1:colcon.colcon_core.environment:checking '/home/zr/code/src/install/gac_nav2_collision_monitor/bin'
[81.293s] Level 1:colcon.colcon_core.environment:checking '/home/zr/code/src/install/gac_nav2_collision_monitor/lib/pkgconfig/gac_nav2_collision_monitor.pc'
[81.293s] Level 1:colcon.colcon_core.environment:checking '/home/zr/code/src/install/gac_nav2_collision_monitor/lib/python3.10/site-packages'
[81.293s] Level 1:colcon.colcon_core.environment:checking '/home/zr/code/src/install/gac_nav2_collision_monitor/bin'
[81.293s] INFO:colcon.colcon_core.shell:Creating package script '/home/zr/code/src/install/gac_nav2_collision_monitor/share/gac_nav2_collision_monitor/package.ps1'
[81.294s] INFO:colcon.colcon_core.shell:Creating package descriptor '/home/zr/code/src/install/gac_nav2_collision_monitor/share/gac_nav2_collision_monitor/package.dsv'
[81.294s] INFO:colcon.colcon_core.shell:Creating package script '/home/zr/code/src/install/gac_nav2_collision_monitor/share/gac_nav2_collision_monitor/package.sh'
[81.295s] INFO:colcon.colcon_core.shell:Creating package script '/home/zr/code/src/install/gac_nav2_collision_monitor/share/gac_nav2_collision_monitor/package.bash'
[81.295s] INFO:colcon.colcon_core.shell:Creating package script '/home/zr/code/src/install/gac_nav2_collision_monitor/share/gac_nav2_collision_monitor/package.zsh'
[81.296s] Level 1:colcon.colcon_core.environment:create_file_with_runtime_dependencies(/home/zr/code/src/install/gac_nav2_collision_monitor/share/colcon-core/packages/gac_nav2_collision_monitor)
[81.296s] Level 1:colcon.colcon_core.environment:create_environment_scripts_only(gac_nav2_collision_monitor)
[81.296s] Level 1:colcon.colcon_core.environment:checking '/home/zr/code/src/install/gac_nav2_collision_monitor' for CMake module files
[81.297s] Level 1:colcon.colcon_core.environment:checking '/home/zr/code/src/install/gac_nav2_collision_monitor' for CMake config files
[81.298s] Level 1:colcon.colcon_core.shell:create_environment_hook('gac_nav2_collision_monitor', 'cmake_prefix_path')
[81.298s] INFO:colcon.colcon_core.shell:Creating environment hook '/home/zr/code/src/install/gac_nav2_collision_monitor/share/gac_nav2_collision_monitor/hook/cmake_prefix_path.ps1'
[81.298s] INFO:colcon.colcon_core.shell:Creating environment descriptor '/home/zr/code/src/install/gac_nav2_collision_monitor/share/gac_nav2_collision_monitor/hook/cmake_prefix_path.dsv'
[81.299s] INFO:colcon.colcon_core.shell:Creating environment hook '/home/zr/code/src/install/gac_nav2_collision_monitor/share/gac_nav2_collision_monitor/hook/cmake_prefix_path.sh'
[81.299s] Level 1:colcon.colcon_core.environment:checking '/home/zr/code/src/install/gac_nav2_collision_monitor/lib'
[81.299s] Level 1:colcon.colcon_core.shell:create_environment_hook('gac_nav2_collision_monitor', 'ld_library_path_lib')
[81.299s] INFO:colcon.colcon_core.shell:Creating environment hook '/home/zr/code/src/install/gac_nav2_collision_monitor/share/gac_nav2_collision_monitor/hook/ld_library_path_lib.ps1'
[81.300s] INFO:colcon.colcon_core.shell:Creating environment descriptor '/home/zr/code/src/install/gac_nav2_collision_monitor/share/gac_nav2_collision_monitor/hook/ld_library_path_lib.dsv'
[81.300s] INFO:colcon.colcon_core.shell:Creating environment hook '/home/zr/code/src/install/gac_nav2_collision_monitor/share/gac_nav2_collision_monitor/hook/ld_library_path_lib.sh'
[81.300s] Level 1:colcon.colcon_core.environment:checking '/home/zr/code/src/install/gac_nav2_collision_monitor/bin'
[81.300s] Level 1:colcon.colcon_core.environment:checking '/home/zr/code/src/install/gac_nav2_collision_monitor/lib/pkgconfig/gac_nav2_collision_monitor.pc'
[81.300s] Level 1:colcon.colcon_core.environment:checking '/home/zr/code/src/install/gac_nav2_collision_monitor/lib/python3.10/site-packages'
[81.300s] Level 1:colcon.colcon_core.environment:checking '/home/zr/code/src/install/gac_nav2_collision_monitor/bin'
[81.301s] INFO:colcon.colcon_core.shell:Creating package script '/home/zr/code/src/install/gac_nav2_collision_monitor/share/gac_nav2_collision_monitor/package.ps1'
[81.301s] INFO:colcon.colcon_core.shell:Creating package descriptor '/home/zr/code/src/install/gac_nav2_collision_monitor/share/gac_nav2_collision_monitor/package.dsv'
[81.301s] INFO:colcon.colcon_core.shell:Creating package script '/home/zr/code/src/install/gac_nav2_collision_monitor/share/gac_nav2_collision_monitor/package.sh'
[81.302s] INFO:colcon.colcon_core.shell:Creating package script '/home/zr/code/src/install/gac_nav2_collision_monitor/share/gac_nav2_collision_monitor/package.bash'
[81.302s] INFO:colcon.colcon_core.shell:Creating package script '/home/zr/code/src/install/gac_nav2_collision_monitor/share/gac_nav2_collision_monitor/package.zsh'
[81.302s] Level 1:colcon.colcon_core.environment:create_file_with_runtime_dependencies(/home/zr/code/src/install/gac_nav2_collision_monitor/share/colcon-core/packages/gac_nav2_collision_monitor)
[81.303s] INFO:colcon.colcon_ros.task.ament_cmake.build:Building ROS package in '/home/zr/code/src/nav_ws_gazebo/src/gac_navigation2/gac_nav2_bt_navigator' with build type 'ament_cmake'
[81.303s] INFO:colcon.colcon_cmake.task.cmake.build:Building CMake package in '/home/zr/code/src/nav_ws_gazebo/src/gac_navigation2/gac_nav2_bt_navigator'
[81.303s] INFO:colcon.colcon_core.shell:Skip shell extension 'powershell' for command environment: Not usable outside of PowerShell
[81.303s] DEBUG:colcon.colcon_core.shell:Skip shell extension 'dsv' for command environment
[81.332s] DEBUG:colcon.colcon_core.event_handler.log_command:Invoking command in '/home/zr/code/src/build/gac_nav2_bt_navigator': AMENT_PREFIX_PATH=/home/zr/code/src/install/gac_nav2_core:/home/zr/code/src/install/gac_nav2_costmap_2d:/home/zr/code/src/install/nav2_map_server:/home/zr/code/src/install/nav2_lifecycle_manager:/home/zr/code/src/install/gac_nav2_behavior_tree:/home/zr/code/src/install/nav2_util:/home/zr/code/src/install/gac_nav2_voxel_grid:${AMENT_PREFIX_PATH} CMAKE_PREFIX_PATH=/home/zr/code/src/install/gac_nav2_core:/home/zr/code/src/install/gac_nav2_costmap_2d:/home/zr/code/src/install/nav2_map_server:/home/zr/code/src/install/nav2_lifecycle_manager:/home/zr/code/src/install/gac_nav2_behavior_tree:/home/zr/code/src/install/nav2_util:/home/zr/code/src/install/gac_nav2_voxel_grid:/opt/ros/humble LD_LIBRARY_PATH=/home/zr/code/src/install/gac_nav2_costmap_2d/lib:/home/zr/code/src/install/nav2_map_server/lib:/home/zr/code/src/install/nav2_lifecycle_manager/lib:/home/zr/code/src/install/gac_nav2_behavior_tree/lib:/home/zr/code/src/install/nav2_util/lib:/home/zr/code/src/install/gac_nav2_voxel_grid/lib:${LD_LIBRARY_PATH} /usr/bin/cmake /home/zr/code/src/nav_ws_gazebo/src/gac_navigation2/gac_nav2_bt_navigator -DBUILD_TESTING=OFF -DCMAKE_C_COMPILER_LAUNCHER=ccache -DCMAKE_CXX_COMPILER_LAUNCHER=ccache -DAMENT_CMAKE_SYMLINK_INSTALL=1 -DCMAKE_INSTALL_PREFIX=/home/zr/code/src/install/gac_nav2_bt_navigator
[81.383s] DEBUG:colcon.colcon_core.event_handler.log_command:Invoked command in '/home/zr/code/src/build/dwb_core' returned '0': AMENT_PREFIX_PATH=/home/zr/code/src/install/gac_nav2_core:/home/zr/code/src/install/gac_nav2_costmap_2d:/home/zr/code/src/install/nav_2d_utils:/home/zr/code/src/install/nav2_map_server:/home/zr/code/src/install/nav2_lifecycle_manager:/home/zr/code/src/install/dwb_msgs:/home/zr/code/src/install/nav_2d_msgs:/home/zr/code/src/install/nav2_util:/home/zr/code/src/install/gac_nav2_voxel_grid:${AMENT_PREFIX_PATH} CMAKE_PREFIX_PATH=/home/zr/code/src/install/gac_nav2_core:/home/zr/code/src/install/gac_nav2_costmap_2d:/home/zr/code/src/install/nav_2d_utils:/home/zr/code/src/install/nav2_map_server:/home/zr/code/src/install/nav2_lifecycle_manager:/home/zr/code/src/install/dwb_msgs:/home/zr/code/src/install/nav_2d_msgs:/home/zr/code/src/install/nav2_util:/home/zr/code/src/install/gac_nav2_voxel_grid:/opt/ros/humble LD_LIBRARY_PATH=/home/zr/code/src/install/gac_nav2_costmap_2d/lib:/home/zr/code/src/install/nav_2d_utils/lib:/home/zr/code/src/install/nav2_map_server/lib:/home/zr/code/src/install/nav2_lifecycle_manager/lib:/home/zr/code/src/install/dwb_msgs/lib:/home/zr/code/src/install/nav_2d_msgs/lib:/home/zr/code/src/install/nav2_util/lib:/home/zr/code/src/install/gac_nav2_voxel_grid/lib:${LD_LIBRARY_PATH} PYTHONPATH=/home/zr/code/src/install/dwb_msgs/local/lib/python3.10/dist-packages:/home/zr/code/src/install/nav_2d_msgs/local/lib/python3.10/dist-packages:${PYTHONPATH} /usr/bin/cmake /home/zr/code/src/nav_ws_gazebo/src/gac_navigation2/nav2_dwb_controller/dwb_core -DBUILD_TESTING=OFF -DCMAKE_C_COMPILER_LAUNCHER=ccache -DCMAKE_CXX_COMPILER_LAUNCHER=ccache -DAMENT_CMAKE_SYMLINK_INSTALL=1 -DCMAKE_INSTALL_PREFIX=/home/zr/code/src/install/dwb_core
[81.384s] DEBUG:colcon.colcon_core.event_handler.log_command:Invoking command in '/home/zr/code/src/build/dwb_core': AMENT_PREFIX_PATH=/home/zr/code/src/install/gac_nav2_core:/home/zr/code/src/install/gac_nav2_costmap_2d:/home/zr/code/src/install/nav_2d_utils:/home/zr/code/src/install/nav2_map_server:/home/zr/code/src/install/nav2_lifecycle_manager:/home/zr/code/src/install/dwb_msgs:/home/zr/code/src/install/nav_2d_msgs:/home/zr/code/src/install/nav2_util:/home/zr/code/src/install/gac_nav2_voxel_grid:${AMENT_PREFIX_PATH} CMAKE_PREFIX_PATH=/home/zr/code/src/install/gac_nav2_core:/home/zr/code/src/install/gac_nav2_costmap_2d:/home/zr/code/src/install/nav_2d_utils:/home/zr/code/src/install/nav2_map_server:/home/zr/code/src/install/nav2_lifecycle_manager:/home/zr/code/src/install/dwb_msgs:/home/zr/code/src/install/nav_2d_msgs:/home/zr/code/src/install/nav2_util:/home/zr/code/src/install/gac_nav2_voxel_grid:/opt/ros/humble LD_LIBRARY_PATH=/home/zr/code/src/install/gac_nav2_costmap_2d/lib:/home/zr/code/src/install/nav_2d_utils/lib:/home/zr/code/src/install/nav2_map_server/lib:/home/zr/code/src/install/nav2_lifecycle_manager/lib:/home/zr/code/src/install/dwb_msgs/lib:/home/zr/code/src/install/nav_2d_msgs/lib:/home/zr/code/src/install/nav2_util/lib:/home/zr/code/src/install/gac_nav2_voxel_grid/lib:${LD_LIBRARY_PATH} PYTHONPATH=/home/zr/code/src/install/dwb_msgs/local/lib/python3.10/dist-packages:/home/zr/code/src/install/nav_2d_msgs/local/lib/python3.10/dist-packages:${PYTHONPATH} /usr/bin/cmake --build /home/zr/code/src/build/dwb_core -- -j16 -l16
[82.040s] DEBUG:colcon.colcon_core.event_handler.log_command:Invoked command in '/home/zr/code/src/build/gac_nav2_controller' returned '0': AMENT_PREFIX_PATH=/home/zr/code/src/install/gac_nav2_core:/home/zr/code/src/install/gac_nav2_costmap_2d:/home/zr/code/src/install/nav_2d_utils:/home/zr/code/src/install/nav2_map_server:/home/zr/code/src/install/nav2_lifecycle_manager:/home/zr/code/src/install/nav_2d_msgs:/home/zr/code/src/install/nav2_util:/home/zr/code/src/install/gac_nav2_voxel_grid:${AMENT_PREFIX_PATH} CMAKE_PREFIX_PATH=/home/zr/code/src/install/gac_nav2_core:/home/zr/code/src/install/gac_nav2_costmap_2d:/home/zr/code/src/install/nav_2d_utils:/home/zr/code/src/install/nav2_map_server:/home/zr/code/src/install/nav2_lifecycle_manager:/home/zr/code/src/install/nav_2d_msgs:/home/zr/code/src/install/nav2_util:/home/zr/code/src/install/gac_nav2_voxel_grid:/opt/ros/humble LD_LIBRARY_PATH=/home/zr/code/src/install/gac_nav2_costmap_2d/lib:/home/zr/code/src/install/nav_2d_utils/lib:/home/zr/code/src/install/nav2_map_server/lib:/home/zr/code/src/install/nav2_lifecycle_manager/lib:/home/zr/code/src/install/nav_2d_msgs/lib:/home/zr/code/src/install/nav2_util/lib:/home/zr/code/src/install/gac_nav2_voxel_grid/lib:${LD_LIBRARY_PATH} PYTHONPATH=/home/zr/code/src/install/nav_2d_msgs/local/lib/python3.10/dist-packages:${PYTHONPATH} /usr/bin/cmake /home/zr/code/src/nav_ws_gazebo/src/gac_navigation2/gac_nav2_controller -DBUILD_TESTING=OFF -DCMAKE_C_COMPILER_LAUNCHER=ccache -DCMAKE_CXX_COMPILER_LAUNCHER=ccache -DAMENT_CMAKE_SYMLINK_INSTALL=1 -DCMAKE_INSTALL_PREFIX=/home/zr/code/src/install/gac_nav2_controller
[82.041s] DEBUG:colcon.colcon_core.event_handler.log_command:Invoking command in '/home/zr/code/src/build/gac_nav2_controller': AMENT_PREFIX_PATH=/home/zr/code/src/install/gac_nav2_core:/home/zr/code/src/install/gac_nav2_costmap_2d:/home/zr/code/src/install/nav_2d_utils:/home/zr/code/src/install/nav2_map_server:/home/zr/code/src/install/nav2_lifecycle_manager:/home/zr/code/src/install/nav_2d_msgs:/home/zr/code/src/install/nav2_util:/home/zr/code/src/install/gac_nav2_voxel_grid:${AMENT_PREFIX_PATH} CMAKE_PREFIX_PATH=/home/zr/code/src/install/gac_nav2_core:/home/zr/code/src/install/gac_nav2_costmap_2d:/home/zr/code/src/install/nav_2d_utils:/home/zr/code/src/install/nav2_map_server:/home/zr/code/src/install/nav2_lifecycle_manager:/home/zr/code/src/install/nav_2d_msgs:/home/zr/code/src/install/nav2_util:/home/zr/code/src/install/gac_nav2_voxel_grid:/opt/ros/humble LD_LIBRARY_PATH=/home/zr/code/src/install/gac_nav2_costmap_2d/lib:/home/zr/code/src/install/nav_2d_utils/lib:/home/zr/code/src/install/nav2_map_server/lib:/home/zr/code/src/install/nav2_lifecycle_manager/lib:/home/zr/code/src/install/nav_2d_msgs/lib:/home/zr/code/src/install/nav2_util/lib:/home/zr/code/src/install/gac_nav2_voxel_grid/lib:${LD_LIBRARY_PATH} PYTHONPATH=/home/zr/code/src/install/nav_2d_msgs/local/lib/python3.10/dist-packages:${PYTHONPATH} /usr/bin/cmake --build /home/zr/code/src/build/gac_nav2_controller -- -j16 -l16
[82.981s] DEBUG:colcon.colcon_core.event_handler.log_command:Invoked command in '/home/zr/code/src/build/gac_nav2_behaviors' returned '0': AMENT_PREFIX_PATH=/home/zr/code/src/install/gac_nav2_core:/home/zr/code/src/install/gac_nav2_costmap_2d:/home/zr/code/src/install/nav2_map_server:/home/zr/code/src/install/nav2_lifecycle_manager:/home/zr/code/src/install/gac_nav2_behavior_tree:/home/zr/code/src/install/nav2_util:/home/zr/code/src/install/gac_nav2_voxel_grid:${AMENT_PREFIX_PATH} CMAKE_PREFIX_PATH=/home/zr/code/src/install/gac_nav2_core:/home/zr/code/src/install/gac_nav2_costmap_2d:/home/zr/code/src/install/nav2_map_server:/home/zr/code/src/install/nav2_lifecycle_manager:/home/zr/code/src/install/gac_nav2_behavior_tree:/home/zr/code/src/install/nav2_util:/home/zr/code/src/install/gac_nav2_voxel_grid:/opt/ros/humble LD_LIBRARY_PATH=/home/zr/code/src/install/gac_nav2_costmap_2d/lib:/home/zr/code/src/install/nav2_map_server/lib:/home/zr/code/src/install/nav2_lifecycle_manager/lib:/home/zr/code/src/install/gac_nav2_behavior_tree/lib:/home/zr/code/src/install/nav2_util/lib:/home/zr/code/src/install/gac_nav2_voxel_grid/lib:${LD_LIBRARY_PATH} /usr/bin/cmake /home/zr/code/src/nav_ws_gazebo/src/gac_navigation2/gac_nav2_behaviors -DBUILD_TESTING=OFF -DCMAKE_C_COMPILER_LAUNCHER=ccache -DCMAKE_CXX_COMPILER_LAUNCHER=ccache -DAMENT_CMAKE_SYMLINK_INSTALL=1 -DCMAKE_INSTALL_PREFIX=/home/zr/code/src/install/gac_nav2_behaviors
[82.983s] DEBUG:colcon.colcon_core.event_handler.log_command:Invoking command in '/home/zr/code/src/build/gac_nav2_behaviors': AMENT_PREFIX_PATH=/home/zr/code/src/install/gac_nav2_core:/home/zr/code/src/install/gac_nav2_costmap_2d:/home/zr/code/src/install/nav2_map_server:/home/zr/code/src/install/nav2_lifecycle_manager:/home/zr/code/src/install/gac_nav2_behavior_tree:/home/zr/code/src/install/nav2_util:/home/zr/code/src/install/gac_nav2_voxel_grid:${AMENT_PREFIX_PATH} CMAKE_PREFIX_PATH=/home/zr/code/src/install/gac_nav2_core:/home/zr/code/src/install/gac_nav2_costmap_2d:/home/zr/code/src/install/nav2_map_server:/home/zr/code/src/install/nav2_lifecycle_manager:/home/zr/code/src/install/gac_nav2_behavior_tree:/home/zr/code/src/install/nav2_util:/home/zr/code/src/install/gac_nav2_voxel_grid:/opt/ros/humble LD_LIBRARY_PATH=/home/zr/code/src/install/gac_nav2_costmap_2d/lib:/home/zr/code/src/install/nav2_map_server/lib:/home/zr/code/src/install/nav2_lifecycle_manager/lib:/home/zr/code/src/install/gac_nav2_behavior_tree/lib:/home/zr/code/src/install/nav2_util/lib:/home/zr/code/src/install/gac_nav2_voxel_grid/lib:${LD_LIBRARY_PATH} /usr/bin/cmake --build /home/zr/code/src/build/gac_nav2_behaviors -- -j16 -l16
[83.673s] DEBUG:colcon.colcon_core.event_handler.log_command:Invoked command in '/home/zr/code/src/build/gac_nav2_bt_navigator' returned '0': AMENT_PREFIX_PATH=/home/zr/code/src/install/gac_nav2_core:/home/zr/code/src/install/gac_nav2_costmap_2d:/home/zr/code/src/install/nav2_map_server:/home/zr/code/src/install/nav2_lifecycle_manager:/home/zr/code/src/install/gac_nav2_behavior_tree:/home/zr/code/src/install/nav2_util:/home/zr/code/src/install/gac_nav2_voxel_grid:${AMENT_PREFIX_PATH} CMAKE_PREFIX_PATH=/home/zr/code/src/install/gac_nav2_core:/home/zr/code/src/install/gac_nav2_costmap_2d:/home/zr/code/src/install/nav2_map_server:/home/zr/code/src/install/nav2_lifecycle_manager:/home/zr/code/src/install/gac_nav2_behavior_tree:/home/zr/code/src/install/nav2_util:/home/zr/code/src/install/gac_nav2_voxel_grid:/opt/ros/humble LD_LIBRARY_PATH=/home/zr/code/src/install/gac_nav2_costmap_2d/lib:/home/zr/code/src/install/nav2_map_server/lib:/home/zr/code/src/install/nav2_lifecycle_manager/lib:/home/zr/code/src/install/gac_nav2_behavior_tree/lib:/home/zr/code/src/install/nav2_util/lib:/home/zr/code/src/install/gac_nav2_voxel_grid/lib:${LD_LIBRARY_PATH} /usr/bin/cmake /home/zr/code/src/nav_ws_gazebo/src/gac_navigation2/gac_nav2_bt_navigator -DBUILD_TESTING=OFF -DCMAKE_C_COMPILER_LAUNCHER=ccache -DCMAKE_CXX_COMPILER_LAUNCHER=ccache -DAMENT_CMAKE_SYMLINK_INSTALL=1 -DCMAKE_INSTALL_PREFIX=/home/zr/code/src/install/gac_nav2_bt_navigator
[83.674s] DEBUG:colcon.colcon_core.event_handler.log_command:Invoking command in '/home/zr/code/src/build/gac_nav2_bt_navigator': AMENT_PREFIX_PATH=/home/zr/code/src/install/gac_nav2_core:/home/zr/code/src/install/gac_nav2_costmap_2d:/home/zr/code/src/install/nav2_map_server:/home/zr/code/src/install/nav2_lifecycle_manager:/home/zr/code/src/install/gac_nav2_behavior_tree:/home/zr/code/src/install/nav2_util:/home/zr/code/src/install/gac_nav2_voxel_grid:${AMENT_PREFIX_PATH} CMAKE_PREFIX_PATH=/home/zr/code/src/install/gac_nav2_core:/home/zr/code/src/install/gac_nav2_costmap_2d:/home/zr/code/src/install/nav2_map_server:/home/zr/code/src/install/nav2_lifecycle_manager:/home/zr/code/src/install/gac_nav2_behavior_tree:/home/zr/code/src/install/nav2_util:/home/zr/code/src/install/gac_nav2_voxel_grid:/opt/ros/humble LD_LIBRARY_PATH=/home/zr/code/src/install/gac_nav2_costmap_2d/lib:/home/zr/code/src/install/nav2_map_server/lib:/home/zr/code/src/install/nav2_lifecycle_manager/lib:/home/zr/code/src/install/gac_nav2_behavior_tree/lib:/home/zr/code/src/install/nav2_util/lib:/home/zr/code/src/install/gac_nav2_voxel_grid/lib:${LD_LIBRARY_PATH} /usr/bin/cmake --build /home/zr/code/src/build/gac_nav2_bt_navigator -- -j16 -l16
[98.374s] DEBUG:colcon.colcon_core.event_handler.log_command:Invoked command in '/home/zr/code/src/build/dwb_core' returned '0': AMENT_PREFIX_PATH=/home/zr/code/src/install/gac_nav2_core:/home/zr/code/src/install/gac_nav2_costmap_2d:/home/zr/code/src/install/nav_2d_utils:/home/zr/code/src/install/nav2_map_server:/home/zr/code/src/install/nav2_lifecycle_manager:/home/zr/code/src/install/dwb_msgs:/home/zr/code/src/install/nav_2d_msgs:/home/zr/code/src/install/nav2_util:/home/zr/code/src/install/gac_nav2_voxel_grid:${AMENT_PREFIX_PATH} CMAKE_PREFIX_PATH=/home/zr/code/src/install/gac_nav2_core:/home/zr/code/src/install/gac_nav2_costmap_2d:/home/zr/code/src/install/nav_2d_utils:/home/zr/code/src/install/nav2_map_server:/home/zr/code/src/install/nav2_lifecycle_manager:/home/zr/code/src/install/dwb_msgs:/home/zr/code/src/install/nav_2d_msgs:/home/zr/code/src/install/nav2_util:/home/zr/code/src/install/gac_nav2_voxel_grid:/opt/ros/humble LD_LIBRARY_PATH=/home/zr/code/src/install/gac_nav2_costmap_2d/lib:/home/zr/code/src/install/nav_2d_utils/lib:/home/zr/code/src/install/nav2_map_server/lib:/home/zr/code/src/install/nav2_lifecycle_manager/lib:/home/zr/code/src/install/dwb_msgs/lib:/home/zr/code/src/install/nav_2d_msgs/lib:/home/zr/code/src/install/nav2_util/lib:/home/zr/code/src/install/gac_nav2_voxel_grid/lib:${LD_LIBRARY_PATH} PYTHONPATH=/home/zr/code/src/install/dwb_msgs/local/lib/python3.10/dist-packages:/home/zr/code/src/install/nav_2d_msgs/local/lib/python3.10/dist-packages:${PYTHONPATH} /usr/bin/cmake --build /home/zr/code/src/build/dwb_core -- -j16 -l16
[98.376s] DEBUG:colcon.colcon_core.event_handler.log_command:Invoking command in '/home/zr/code/src/build/dwb_core': AMENT_PREFIX_PATH=/home/zr/code/src/install/gac_nav2_core:/home/zr/code/src/install/gac_nav2_costmap_2d:/home/zr/code/src/install/nav_2d_utils:/home/zr/code/src/install/nav2_map_server:/home/zr/code/src/install/nav2_lifecycle_manager:/home/zr/code/src/install/dwb_msgs:/home/zr/code/src/install/nav_2d_msgs:/home/zr/code/src/install/nav2_util:/home/zr/code/src/install/gac_nav2_voxel_grid:${AMENT_PREFIX_PATH} CMAKE_PREFIX_PATH=/home/zr/code/src/install/gac_nav2_core:/home/zr/code/src/install/gac_nav2_costmap_2d:/home/zr/code/src/install/nav_2d_utils:/home/zr/code/src/install/nav2_map_server:/home/zr/code/src/install/nav2_lifecycle_manager:/home/zr/code/src/install/dwb_msgs:/home/zr/code/src/install/nav_2d_msgs:/home/zr/code/src/install/nav2_util:/home/zr/code/src/install/gac_nav2_voxel_grid:/opt/ros/humble LD_LIBRARY_PATH=/home/zr/code/src/install/gac_nav2_costmap_2d/lib:/home/zr/code/src/install/nav_2d_utils/lib:/home/zr/code/src/install/nav2_map_server/lib:/home/zr/code/src/install/nav2_lifecycle_manager/lib:/home/zr/code/src/install/dwb_msgs/lib:/home/zr/code/src/install/nav_2d_msgs/lib:/home/zr/code/src/install/nav2_util/lib:/home/zr/code/src/install/gac_nav2_voxel_grid/lib:${LD_LIBRARY_PATH} PYTHONPATH=/home/zr/code/src/install/dwb_msgs/local/lib/python3.10/dist-packages:/home/zr/code/src/install/nav_2d_msgs/local/lib/python3.10/dist-packages:${PYTHONPATH} /usr/bin/cmake --install /home/zr/code/src/build/dwb_core
[98.733s] Level 1:colcon.colcon_core.environment:create_environment_scripts_only(dwb_core)
[98.733s] Level 1:colcon.colcon_core.environment:checking '/home/zr/code/src/install/dwb_core' for CMake module files
[98.734s] DEBUG:colcon.colcon_core.event_handler.log_command:Invoked command in '/home/zr/code/src/build/dwb_core' returned '0': AMENT_PREFIX_PATH=/home/zr/code/src/install/gac_nav2_core:/home/zr/code/src/install/gac_nav2_costmap_2d:/home/zr/code/src/install/nav_2d_utils:/home/zr/code/src/install/nav2_map_server:/home/zr/code/src/install/nav2_lifecycle_manager:/home/zr/code/src/install/dwb_msgs:/home/zr/code/src/install/nav_2d_msgs:/home/zr/code/src/install/nav2_util:/home/zr/code/src/install/gac_nav2_voxel_grid:${AMENT_PREFIX_PATH} CMAKE_PREFIX_PATH=/home/zr/code/src/install/gac_nav2_core:/home/zr/code/src/install/gac_nav2_costmap_2d:/home/zr/code/src/install/nav_2d_utils:/home/zr/code/src/install/nav2_map_server:/home/zr/code/src/install/nav2_lifecycle_manager:/home/zr/code/src/install/dwb_msgs:/home/zr/code/src/install/nav_2d_msgs:/home/zr/code/src/install/nav2_util:/home/zr/code/src/install/gac_nav2_voxel_grid:/opt/ros/humble LD_LIBRARY_PATH=/home/zr/code/src/install/gac_nav2_costmap_2d/lib:/home/zr/code/src/install/nav_2d_utils/lib:/home/zr/code/src/install/nav2_map_server/lib:/home/zr/code/src/install/nav2_lifecycle_manager/lib:/home/zr/code/src/install/dwb_msgs/lib:/home/zr/code/src/install/nav_2d_msgs/lib:/home/zr/code/src/install/nav2_util/lib:/home/zr/code/src/install/gac_nav2_voxel_grid/lib:${LD_LIBRARY_PATH} PYTHONPATH=/home/zr/code/src/install/dwb_msgs/local/lib/python3.10/dist-packages:/home/zr/code/src/install/nav_2d_msgs/local/lib/python3.10/dist-packages:${PYTHONPATH} /usr/bin/cmake --install /home/zr/code/src/build/dwb_core
[98.734s] Level 1:colcon.colcon_core.environment:checking '/home/zr/code/src/install/dwb_core' for CMake config files
[98.735s] Level 1:colcon.colcon_core.shell:create_environment_hook('dwb_core', 'cmake_prefix_path')
[98.735s] INFO:colcon.colcon_core.shell:Creating environment hook '/home/zr/code/src/install/dwb_core/share/dwb_core/hook/cmake_prefix_path.ps1'
[98.735s] INFO:colcon.colcon_core.shell:Creating environment descriptor '/home/zr/code/src/install/dwb_core/share/dwb_core/hook/cmake_prefix_path.dsv'
[98.736s] INFO:colcon.colcon_core.shell:Creating environment hook '/home/zr/code/src/install/dwb_core/share/dwb_core/hook/cmake_prefix_path.sh'
[98.736s] Level 1:colcon.colcon_core.environment:checking '/home/zr/code/src/install/dwb_core/lib'
[98.736s] Level 1:colcon.colcon_core.shell:create_environment_hook('dwb_core', 'ld_library_path_lib')
[98.736s] INFO:colcon.colcon_core.shell:Creating environment hook '/home/zr/code/src/install/dwb_core/share/dwb_core/hook/ld_library_path_lib.ps1'
[98.736s] INFO:colcon.colcon_core.shell:Creating environment descriptor '/home/zr/code/src/install/dwb_core/share/dwb_core/hook/ld_library_path_lib.dsv'
[98.737s] INFO:colcon.colcon_core.shell:Creating environment hook '/home/zr/code/src/install/dwb_core/share/dwb_core/hook/ld_library_path_lib.sh'
[98.737s] Level 1:colcon.colcon_core.environment:checking '/home/zr/code/src/install/dwb_core/bin'
[98.737s] Level 1:colcon.colcon_core.environment:checking '/home/zr/code/src/install/dwb_core/lib/pkgconfig/dwb_core.pc'
[98.737s] Level 1:colcon.colcon_core.environment:checking '/home/zr/code/src/install/dwb_core/lib/python3.10/site-packages'
[98.737s] Level 1:colcon.colcon_core.environment:checking '/home/zr/code/src/install/dwb_core/bin'
[98.738s] INFO:colcon.colcon_core.shell:Creating package script '/home/zr/code/src/install/dwb_core/share/dwb_core/package.ps1'
[98.738s] INFO:colcon.colcon_core.shell:Creating package descriptor '/home/zr/code/src/install/dwb_core/share/dwb_core/package.dsv'
[98.739s] INFO:colcon.colcon_core.shell:Creating package script '/home/zr/code/src/install/dwb_core/share/dwb_core/package.sh'
[98.739s] INFO:colcon.colcon_core.shell:Creating package script '/home/zr/code/src/install/dwb_core/share/dwb_core/package.bash'
[98.739s] INFO:colcon.colcon_core.shell:Creating package script '/home/zr/code/src/install/dwb_core/share/dwb_core/package.zsh'
[98.739s] Level 1:colcon.colcon_core.environment:create_file_with_runtime_dependencies(/home/zr/code/src/install/dwb_core/share/colcon-core/packages/dwb_core)
[98.740s] Level 1:colcon.colcon_core.environment:create_environment_scripts_only(dwb_core)
[98.740s] Level 1:colcon.colcon_core.environment:checking '/home/zr/code/src/install/dwb_core' for CMake module files
[98.741s] Level 1:colcon.colcon_core.environment:checking '/home/zr/code/src/install/dwb_core' for CMake config files
[98.741s] Level 1:colcon.colcon_core.shell:create_environment_hook('dwb_core', 'cmake_prefix_path')
[98.741s] INFO:colcon.colcon_core.shell:Creating environment hook '/home/zr/code/src/install/dwb_core/share/dwb_core/hook/cmake_prefix_path.ps1'
[98.741s] INFO:colcon.colcon_core.shell:Creating environment descriptor '/home/zr/code/src/install/dwb_core/share/dwb_core/hook/cmake_prefix_path.dsv'
[98.742s] INFO:colcon.colcon_core.shell:Creating environment hook '/home/zr/code/src/install/dwb_core/share/dwb_core/hook/cmake_prefix_path.sh'
[98.742s] Level 1:colcon.colcon_core.environment:checking '/home/zr/code/src/install/dwb_core/lib'
[98.742s] Level 1:colcon.colcon_core.shell:create_environment_hook('dwb_core', 'ld_library_path_lib')
[98.742s] INFO:colcon.colcon_core.shell:Creating environment hook '/home/zr/code/src/install/dwb_core/share/dwb_core/hook/ld_library_path_lib.ps1'
[98.743s] INFO:colcon.colcon_core.shell:Creating environment descriptor '/home/zr/code/src/install/dwb_core/share/dwb_core/hook/ld_library_path_lib.dsv'
[98.743s] INFO:colcon.colcon_core.shell:Creating environment hook '/home/zr/code/src/install/dwb_core/share/dwb_core/hook/ld_library_path_lib.sh'
[98.744s] Level 1:colcon.colcon_core.environment:checking '/home/zr/code/src/install/dwb_core/bin'
[98.744s] Level 1:colcon.colcon_core.environment:checking '/home/zr/code/src/install/dwb_core/lib/pkgconfig/dwb_core.pc'
[98.744s] Level 1:colcon.colcon_core.environment:checking '/home/zr/code/src/install/dwb_core/lib/python3.10/site-packages'
[98.744s] Level 1:colcon.colcon_core.environment:checking '/home/zr/code/src/install/dwb_core/bin'
[98.744s] INFO:colcon.colcon_core.shell:Creating package script '/home/zr/code/src/install/dwb_core/share/dwb_core/package.ps1'
[98.745s] INFO:colcon.colcon_core.shell:Creating package descriptor '/home/zr/code/src/install/dwb_core/share/dwb_core/package.dsv'
[98.745s] INFO:colcon.colcon_core.shell:Creating package script '/home/zr/code/src/install/dwb_core/share/dwb_core/package.sh'
[98.746s] INFO:colcon.colcon_core.shell:Creating package script '/home/zr/code/src/install/dwb_core/share/dwb_core/package.bash'
[98.746s] INFO:colcon.colcon_core.shell:Creating package script '/home/zr/code/src/install/dwb_core/share/dwb_core/package.zsh'
[98.746s] Level 1:colcon.colcon_core.environment:create_file_with_runtime_dependencies(/home/zr/code/src/install/dwb_core/share/colcon-core/packages/dwb_core)
[98.747s] INFO:colcon.colcon_ros.task.ament_cmake.build:Building ROS package in '/home/zr/code/src/nav_ws_gazebo/src/gac_navigation2/gac_nav2_planner' with build type 'ament_cmake'
[98.747s] INFO:colcon.colcon_cmake.task.cmake.build:Building CMake package in '/home/zr/code/src/nav_ws_gazebo/src/gac_navigation2/gac_nav2_planner'
[98.747s] INFO:colcon.colcon_core.shell:Skip shell extension 'powershell' for command environment: Not usable outside of PowerShell
[98.747s] DEBUG:colcon.colcon_core.shell:Skip shell extension 'dsv' for command environment
[98.776s] DEBUG:colcon.colcon_core.event_handler.log_command:Invoking command in '/home/zr/code/src/build/gac_nav2_planner': AMENT_PREFIX_PATH=/home/zr/code/src/install/gac_nav2_core:/home/zr/code/src/install/gac_nav2_costmap_2d:/home/zr/code/src/install/nav2_map_server:/home/zr/code/src/install/nav2_lifecycle_manager:/home/zr/code/src/install/nav2_util:/home/zr/code/src/install/gac_nav2_voxel_grid:${AMENT_PREFIX_PATH} CMAKE_PREFIX_PATH=/home/zr/code/src/install/gac_nav2_core:/home/zr/code/src/install/gac_nav2_costmap_2d:/home/zr/code/src/install/nav2_map_server:/home/zr/code/src/install/nav2_lifecycle_manager:/home/zr/code/src/install/nav2_util:/home/zr/code/src/install/gac_nav2_voxel_grid:/opt/ros/humble LD_LIBRARY_PATH=/home/zr/code/src/install/gac_nav2_costmap_2d/lib:/home/zr/code/src/install/nav2_map_server/lib:/home/zr/code/src/install/nav2_lifecycle_manager/lib:/home/zr/code/src/install/nav2_util/lib:/home/zr/code/src/install/gac_nav2_voxel_grid/lib:${LD_LIBRARY_PATH} /usr/bin/cmake /home/zr/code/src/nav_ws_gazebo/src/gac_navigation2/gac_nav2_planner -DBUILD_TESTING=OFF -DCMAKE_C_COMPILER_LAUNCHER=ccache -DCMAKE_CXX_COMPILER_LAUNCHER=ccache -DAMENT_CMAKE_SYMLINK_INSTALL=1 -DCMAKE_INSTALL_PREFIX=/home/zr/code/src/install/gac_nav2_planner
[100.795s] DEBUG:colcon.colcon_core.event_handler.log_command:Invoked command in '/home/zr/code/src/build/gac_nav2_planner' returned '0': AMENT_PREFIX_PATH=/home/zr/code/src/install/gac_nav2_core:/home/zr/code/src/install/gac_nav2_costmap_2d:/home/zr/code/src/install/nav2_map_server:/home/zr/code/src/install/nav2_lifecycle_manager:/home/zr/code/src/install/nav2_util:/home/zr/code/src/install/gac_nav2_voxel_grid:${AMENT_PREFIX_PATH} CMAKE_PREFIX_PATH=/home/zr/code/src/install/gac_nav2_core:/home/zr/code/src/install/gac_nav2_costmap_2d:/home/zr/code/src/install/nav2_map_server:/home/zr/code/src/install/nav2_lifecycle_manager:/home/zr/code/src/install/nav2_util:/home/zr/code/src/install/gac_nav2_voxel_grid:/opt/ros/humble LD_LIBRARY_PATH=/home/zr/code/src/install/gac_nav2_costmap_2d/lib:/home/zr/code/src/install/nav2_map_server/lib:/home/zr/code/src/install/nav2_lifecycle_manager/lib:/home/zr/code/src/install/nav2_util/lib:/home/zr/code/src/install/gac_nav2_voxel_grid/lib:${LD_LIBRARY_PATH} /usr/bin/cmake /home/zr/code/src/nav_ws_gazebo/src/gac_navigation2/gac_nav2_planner -DBUILD_TESTING=OFF -DCMAKE_C_COMPILER_LAUNCHER=ccache -DCMAKE_CXX_COMPILER_LAUNCHER=ccache -DAMENT_CMAKE_SYMLINK_INSTALL=1 -DCMAKE_INSTALL_PREFIX=/home/zr/code/src/install/gac_nav2_planner
[100.797s] DEBUG:colcon.colcon_core.event_handler.log_command:Invoking command in '/home/zr/code/src/build/gac_nav2_planner': AMENT_PREFIX_PATH=/home/zr/code/src/install/gac_nav2_core:/home/zr/code/src/install/gac_nav2_costmap_2d:/home/zr/code/src/install/nav2_map_server:/home/zr/code/src/install/nav2_lifecycle_manager:/home/zr/code/src/install/nav2_util:/home/zr/code/src/install/gac_nav2_voxel_grid:${AMENT_PREFIX_PATH} CMAKE_PREFIX_PATH=/home/zr/code/src/install/gac_nav2_core:/home/zr/code/src/install/gac_nav2_costmap_2d:/home/zr/code/src/install/nav2_map_server:/home/zr/code/src/install/nav2_lifecycle_manager:/home/zr/code/src/install/nav2_util:/home/zr/code/src/install/gac_nav2_voxel_grid:/opt/ros/humble LD_LIBRARY_PATH=/home/zr/code/src/install/gac_nav2_costmap_2d/lib:/home/zr/code/src/install/nav2_map_server/lib:/home/zr/code/src/install/nav2_lifecycle_manager/lib:/home/zr/code/src/install/nav2_util/lib:/home/zr/code/src/install/gac_nav2_voxel_grid/lib:${LD_LIBRARY_PATH} /usr/bin/cmake --build /home/zr/code/src/build/gac_nav2_planner -- -j16 -l16
[105.557s] DEBUG:colcon.colcon_core.event_handler.log_command:Invoked command in '/home/zr/code/src/build/gac_nav2_behaviors' returned '0': AMENT_PREFIX_PATH=/home/zr/code/src/install/gac_nav2_core:/home/zr/code/src/install/gac_nav2_costmap_2d:/home/zr/code/src/install/nav2_map_server:/home/zr/code/src/install/nav2_lifecycle_manager:/home/zr/code/src/install/gac_nav2_behavior_tree:/home/zr/code/src/install/nav2_util:/home/zr/code/src/install/gac_nav2_voxel_grid:${AMENT_PREFIX_PATH} CMAKE_PREFIX_PATH=/home/zr/code/src/install/gac_nav2_core:/home/zr/code/src/install/gac_nav2_costmap_2d:/home/zr/code/src/install/nav2_map_server:/home/zr/code/src/install/nav2_lifecycle_manager:/home/zr/code/src/install/gac_nav2_behavior_tree:/home/zr/code/src/install/nav2_util:/home/zr/code/src/install/gac_nav2_voxel_grid:/opt/ros/humble LD_LIBRARY_PATH=/home/zr/code/src/install/gac_nav2_costmap_2d/lib:/home/zr/code/src/install/nav2_map_server/lib:/home/zr/code/src/install/nav2_lifecycle_manager/lib:/home/zr/code/src/install/gac_nav2_behavior_tree/lib:/home/zr/code/src/install/nav2_util/lib:/home/zr/code/src/install/gac_nav2_voxel_grid/lib:${LD_LIBRARY_PATH} /usr/bin/cmake --build /home/zr/code/src/build/gac_nav2_behaviors -- -j16 -l16
[105.559s] DEBUG:colcon.colcon_core.event_handler.log_command:Invoking command in '/home/zr/code/src/build/gac_nav2_behaviors': AMENT_PREFIX_PATH=/home/zr/code/src/install/gac_nav2_core:/home/zr/code/src/install/gac_nav2_costmap_2d:/home/zr/code/src/install/nav2_map_server:/home/zr/code/src/install/nav2_lifecycle_manager:/home/zr/code/src/install/gac_nav2_behavior_tree:/home/zr/code/src/install/nav2_util:/home/zr/code/src/install/gac_nav2_voxel_grid:${AMENT_PREFIX_PATH} CMAKE_PREFIX_PATH=/home/zr/code/src/install/gac_nav2_core:/home/zr/code/src/install/gac_nav2_costmap_2d:/home/zr/code/src/install/nav2_map_server:/home/zr/code/src/install/nav2_lifecycle_manager:/home/zr/code/src/install/gac_nav2_behavior_tree:/home/zr/code/src/install/nav2_util:/home/zr/code/src/install/gac_nav2_voxel_grid:/opt/ros/humble LD_LIBRARY_PATH=/home/zr/code/src/install/gac_nav2_costmap_2d/lib:/home/zr/code/src/install/nav2_map_server/lib:/home/zr/code/src/install/nav2_lifecycle_manager/lib:/home/zr/code/src/install/gac_nav2_behavior_tree/lib:/home/zr/code/src/install/nav2_util/lib:/home/zr/code/src/install/gac_nav2_voxel_grid/lib:${LD_LIBRARY_PATH} /usr/bin/cmake --install /home/zr/code/src/build/gac_nav2_behaviors
[106.042s] Level 1:colcon.colcon_core.environment:create_environment_scripts_only(gac_nav2_behaviors)
[106.043s] Level 1:colcon.colcon_core.environment:checking '/home/zr/code/src/install/gac_nav2_behaviors' for CMake module files
[106.043s] DEBUG:colcon.colcon_core.event_handler.log_command:Invoked command in '/home/zr/code/src/build/gac_nav2_behaviors' returned '0': AMENT_PREFIX_PATH=/home/zr/code/src/install/gac_nav2_core:/home/zr/code/src/install/gac_nav2_costmap_2d:/home/zr/code/src/install/nav2_map_server:/home/zr/code/src/install/nav2_lifecycle_manager:/home/zr/code/src/install/gac_nav2_behavior_tree:/home/zr/code/src/install/nav2_util:/home/zr/code/src/install/gac_nav2_voxel_grid:${AMENT_PREFIX_PATH} CMAKE_PREFIX_PATH=/home/zr/code/src/install/gac_nav2_core:/home/zr/code/src/install/gac_nav2_costmap_2d:/home/zr/code/src/install/nav2_map_server:/home/zr/code/src/install/nav2_lifecycle_manager:/home/zr/code/src/install/gac_nav2_behavior_tree:/home/zr/code/src/install/nav2_util:/home/zr/code/src/install/gac_nav2_voxel_grid:/opt/ros/humble LD_LIBRARY_PATH=/home/zr/code/src/install/gac_nav2_costmap_2d/lib:/home/zr/code/src/install/nav2_map_server/lib:/home/zr/code/src/install/nav2_lifecycle_manager/lib:/home/zr/code/src/install/gac_nav2_behavior_tree/lib:/home/zr/code/src/install/nav2_util/lib:/home/zr/code/src/install/gac_nav2_voxel_grid/lib:${LD_LIBRARY_PATH} /usr/bin/cmake --install /home/zr/code/src/build/gac_nav2_behaviors
[106.044s] Level 1:colcon.colcon_core.environment:checking '/home/zr/code/src/install/gac_nav2_behaviors' for CMake config files
[106.044s] Level 1:colcon.colcon_core.shell:create_environment_hook('gac_nav2_behaviors', 'cmake_prefix_path')
[106.044s] INFO:colcon.colcon_core.shell:Creating environment hook '/home/zr/code/src/install/gac_nav2_behaviors/share/gac_nav2_behaviors/hook/cmake_prefix_path.ps1'
[106.045s] INFO:colcon.colcon_core.shell:Creating environment descriptor '/home/zr/code/src/install/gac_nav2_behaviors/share/gac_nav2_behaviors/hook/cmake_prefix_path.dsv'
[106.045s] INFO:colcon.colcon_core.shell:Creating environment hook '/home/zr/code/src/install/gac_nav2_behaviors/share/gac_nav2_behaviors/hook/cmake_prefix_path.sh'
[106.046s] Level 1:colcon.colcon_core.environment:checking '/home/zr/code/src/install/gac_nav2_behaviors/lib'
[106.046s] Level 1:colcon.colcon_core.shell:create_environment_hook('gac_nav2_behaviors', 'ld_library_path_lib')
[106.046s] INFO:colcon.colcon_core.shell:Creating environment hook '/home/zr/code/src/install/gac_nav2_behaviors/share/gac_nav2_behaviors/hook/ld_library_path_lib.ps1'
[106.046s] INFO:colcon.colcon_core.shell:Creating environment descriptor '/home/zr/code/src/install/gac_nav2_behaviors/share/gac_nav2_behaviors/hook/ld_library_path_lib.dsv'
[106.047s] INFO:colcon.colcon_core.shell:Creating environment hook '/home/zr/code/src/install/gac_nav2_behaviors/share/gac_nav2_behaviors/hook/ld_library_path_lib.sh'
[106.047s] Level 1:colcon.colcon_core.environment:checking '/home/zr/code/src/install/gac_nav2_behaviors/bin'
[106.047s] Level 1:colcon.colcon_core.environment:checking '/home/zr/code/src/install/gac_nav2_behaviors/lib/pkgconfig/gac_nav2_behaviors.pc'
[106.047s] Level 1:colcon.colcon_core.environment:checking '/home/zr/code/src/install/gac_nav2_behaviors/lib/python3.10/site-packages'
[106.048s] Level 1:colcon.colcon_core.environment:checking '/home/zr/code/src/install/gac_nav2_behaviors/bin'
[106.048s] INFO:colcon.colcon_core.shell:Creating package script '/home/zr/code/src/install/gac_nav2_behaviors/share/gac_nav2_behaviors/package.ps1'
[106.049s] INFO:colcon.colcon_core.shell:Creating package descriptor '/home/zr/code/src/install/gac_nav2_behaviors/share/gac_nav2_behaviors/package.dsv'
[106.049s] INFO:colcon.colcon_core.shell:Creating package script '/home/zr/code/src/install/gac_nav2_behaviors/share/gac_nav2_behaviors/package.sh'
[106.050s] INFO:colcon.colcon_core.shell:Creating package script '/home/zr/code/src/install/gac_nav2_behaviors/share/gac_nav2_behaviors/package.bash'
[106.050s] INFO:colcon.colcon_core.shell:Creating package script '/home/zr/code/src/install/gac_nav2_behaviors/share/gac_nav2_behaviors/package.zsh'
[106.050s] Level 1:colcon.colcon_core.environment:create_file_with_runtime_dependencies(/home/zr/code/src/install/gac_nav2_behaviors/share/colcon-core/packages/gac_nav2_behaviors)
[106.051s] Level 1:colcon.colcon_core.environment:create_environment_scripts_only(gac_nav2_behaviors)
[106.051s] Level 1:colcon.colcon_core.environment:checking '/home/zr/code/src/install/gac_nav2_behaviors' for CMake module files
[106.052s] Level 1:colcon.colcon_core.environment:checking '/home/zr/code/src/install/gac_nav2_behaviors' for CMake config files
[106.053s] Level 1:colcon.colcon_core.shell:create_environment_hook('gac_nav2_behaviors', 'cmake_prefix_path')
[106.053s] INFO:colcon.colcon_core.shell:Creating environment hook '/home/zr/code/src/install/gac_nav2_behaviors/share/gac_nav2_behaviors/hook/cmake_prefix_path.ps1'
[106.053s] INFO:colcon.colcon_core.shell:Creating environment descriptor '/home/zr/code/src/install/gac_nav2_behaviors/share/gac_nav2_behaviors/hook/cmake_prefix_path.dsv'
[106.053s] INFO:colcon.colcon_core.shell:Creating environment hook '/home/zr/code/src/install/gac_nav2_behaviors/share/gac_nav2_behaviors/hook/cmake_prefix_path.sh'
[106.054s] Level 1:colcon.colcon_core.environment:checking '/home/zr/code/src/install/gac_nav2_behaviors/lib'
[106.054s] Level 1:colcon.colcon_core.shell:create_environment_hook('gac_nav2_behaviors', 'ld_library_path_lib')
[106.054s] INFO:colcon.colcon_core.shell:Creating environment hook '/home/zr/code/src/install/gac_nav2_behaviors/share/gac_nav2_behaviors/hook/ld_library_path_lib.ps1'
[106.054s] INFO:colcon.colcon_core.shell:Creating environment descriptor '/home/zr/code/src/install/gac_nav2_behaviors/share/gac_nav2_behaviors/hook/ld_library_path_lib.dsv'
[106.055s] INFO:colcon.colcon_core.shell:Creating environment hook '/home/zr/code/src/install/gac_nav2_behaviors/share/gac_nav2_behaviors/hook/ld_library_path_lib.sh'
[106.055s] Level 1:colcon.colcon_core.environment:checking '/home/zr/code/src/install/gac_nav2_behaviors/bin'
[106.056s] Level 1:colcon.colcon_core.environment:checking '/home/zr/code/src/install/gac_nav2_behaviors/lib/pkgconfig/gac_nav2_behaviors.pc'
[106.056s] Level 1:colcon.colcon_core.environment:checking '/home/zr/code/src/install/gac_nav2_behaviors/lib/python3.10/site-packages'
[106.056s] Level 1:colcon.colcon_core.environment:checking '/home/zr/code/src/install/gac_nav2_behaviors/bin'
[106.057s] INFO:colcon.colcon_core.shell:Creating package script '/home/zr/code/src/install/gac_nav2_behaviors/share/gac_nav2_behaviors/package.ps1'
[106.057s] INFO:colcon.colcon_core.shell:Creating package descriptor '/home/zr/code/src/install/gac_nav2_behaviors/share/gac_nav2_behaviors/package.dsv'
[106.058s] INFO:colcon.colcon_core.shell:Creating package script '/home/zr/code/src/install/gac_nav2_behaviors/share/gac_nav2_behaviors/package.sh'
[106.058s] INFO:colcon.colcon_core.shell:Creating package script '/home/zr/code/src/install/gac_nav2_behaviors/share/gac_nav2_behaviors/package.bash'
[106.058s] INFO:colcon.colcon_core.shell:Creating package script '/home/zr/code/src/install/gac_nav2_behaviors/share/gac_nav2_behaviors/package.zsh'
[106.058s] Level 1:colcon.colcon_core.environment:create_file_with_runtime_dependencies(/home/zr/code/src/install/gac_nav2_behaviors/share/colcon-core/packages/gac_nav2_behaviors)
[106.059s] INFO:colcon.colcon_ros.task.ament_cmake.build:Building ROS package in '/home/zr/code/src/nav_ws_gazebo/src/gac_navigation2/gac_nav2_smoother' with build type 'ament_cmake'
[106.059s] INFO:colcon.colcon_cmake.task.cmake.build:Building CMake package in '/home/zr/code/src/nav_ws_gazebo/src/gac_navigation2/gac_nav2_smoother'
[106.059s] INFO:colcon.colcon_core.shell:Skip shell extension 'powershell' for command environment: Not usable outside of PowerShell
[106.059s] DEBUG:colcon.colcon_core.shell:Skip shell extension 'dsv' for command environment
[106.092s] DEBUG:colcon.colcon_core.event_handler.log_command:Invoking command in '/home/zr/code/src/build/gac_nav2_smoother': AMENT_PREFIX_PATH=/home/zr/code/src/install/gac_nav2_core:/home/zr/code/src/install/gac_nav2_costmap_2d:/home/zr/code/src/install/nav_2d_utils:/home/zr/code/src/install/nav2_map_server:/home/zr/code/src/install/nav2_lifecycle_manager:/home/zr/code/src/install/nav_2d_msgs:/home/zr/code/src/install/nav2_util:/home/zr/code/src/install/gac_nav2_voxel_grid:${AMENT_PREFIX_PATH} CMAKE_PREFIX_PATH=/home/zr/code/src/install/gac_nav2_core:/home/zr/code/src/install/gac_nav2_costmap_2d:/home/zr/code/src/install/nav_2d_utils:/home/zr/code/src/install/nav2_map_server:/home/zr/code/src/install/nav2_lifecycle_manager:/home/zr/code/src/install/nav_2d_msgs:/home/zr/code/src/install/nav2_util:/home/zr/code/src/install/gac_nav2_voxel_grid:/opt/ros/humble LD_LIBRARY_PATH=/home/zr/code/src/install/gac_nav2_costmap_2d/lib:/home/zr/code/src/install/nav_2d_utils/lib:/home/zr/code/src/install/nav2_map_server/lib:/home/zr/code/src/install/nav2_lifecycle_manager/lib:/home/zr/code/src/install/nav_2d_msgs/lib:/home/zr/code/src/install/nav2_util/lib:/home/zr/code/src/install/gac_nav2_voxel_grid/lib:${LD_LIBRARY_PATH} PYTHONPATH=/home/zr/code/src/install/nav_2d_msgs/local/lib/python3.10/dist-packages:${PYTHONPATH} /usr/bin/cmake /home/zr/code/src/nav_ws_gazebo/src/gac_navigation2/gac_nav2_smoother -DBUILD_TESTING=OFF -DCMAKE_C_COMPILER_LAUNCHER=ccache -DCMAKE_CXX_COMPILER_LAUNCHER=ccache -DAMENT_CMAKE_SYMLINK_INSTALL=1 -DCMAKE_INSTALL_PREFIX=/home/zr/code/src/install/gac_nav2_smoother
[108.504s] DEBUG:colcon.colcon_core.event_handler.log_command:Invoked command in '/home/zr/code/src/build/gac_nav2_smoother' returned '0': AMENT_PREFIX_PATH=/home/zr/code/src/install/gac_nav2_core:/home/zr/code/src/install/gac_nav2_costmap_2d:/home/zr/code/src/install/nav_2d_utils:/home/zr/code/src/install/nav2_map_server:/home/zr/code/src/install/nav2_lifecycle_manager:/home/zr/code/src/install/nav_2d_msgs:/home/zr/code/src/install/nav2_util:/home/zr/code/src/install/gac_nav2_voxel_grid:${AMENT_PREFIX_PATH} CMAKE_PREFIX_PATH=/home/zr/code/src/install/gac_nav2_core:/home/zr/code/src/install/gac_nav2_costmap_2d:/home/zr/code/src/install/nav_2d_utils:/home/zr/code/src/install/nav2_map_server:/home/zr/code/src/install/nav2_lifecycle_manager:/home/zr/code/src/install/nav_2d_msgs:/home/zr/code/src/install/nav2_util:/home/zr/code/src/install/gac_nav2_voxel_grid:/opt/ros/humble LD_LIBRARY_PATH=/home/zr/code/src/install/gac_nav2_costmap_2d/lib:/home/zr/code/src/install/nav_2d_utils/lib:/home/zr/code/src/install/nav2_map_server/lib:/home/zr/code/src/install/nav2_lifecycle_manager/lib:/home/zr/code/src/install/nav_2d_msgs/lib:/home/zr/code/src/install/nav2_util/lib:/home/zr/code/src/install/gac_nav2_voxel_grid/lib:${LD_LIBRARY_PATH} PYTHONPATH=/home/zr/code/src/install/nav_2d_msgs/local/lib/python3.10/dist-packages:${PYTHONPATH} /usr/bin/cmake /home/zr/code/src/nav_ws_gazebo/src/gac_navigation2/gac_nav2_smoother -DBUILD_TESTING=OFF -DCMAKE_C_COMPILER_LAUNCHER=ccache -DCMAKE_CXX_COMPILER_LAUNCHER=ccache -DAMENT_CMAKE_SYMLINK_INSTALL=1 -DCMAKE_INSTALL_PREFIX=/home/zr/code/src/install/gac_nav2_smoother
[108.505s] DEBUG:colcon.colcon_core.event_handler.log_command:Invoking command in '/home/zr/code/src/build/gac_nav2_smoother': AMENT_PREFIX_PATH=/home/zr/code/src/install/gac_nav2_core:/home/zr/code/src/install/gac_nav2_costmap_2d:/home/zr/code/src/install/nav_2d_utils:/home/zr/code/src/install/nav2_map_server:/home/zr/code/src/install/nav2_lifecycle_manager:/home/zr/code/src/install/nav_2d_msgs:/home/zr/code/src/install/nav2_util:/home/zr/code/src/install/gac_nav2_voxel_grid:${AMENT_PREFIX_PATH} CMAKE_PREFIX_PATH=/home/zr/code/src/install/gac_nav2_core:/home/zr/code/src/install/gac_nav2_costmap_2d:/home/zr/code/src/install/nav_2d_utils:/home/zr/code/src/install/nav2_map_server:/home/zr/code/src/install/nav2_lifecycle_manager:/home/zr/code/src/install/nav_2d_msgs:/home/zr/code/src/install/nav2_util:/home/zr/code/src/install/gac_nav2_voxel_grid:/opt/ros/humble LD_LIBRARY_PATH=/home/zr/code/src/install/gac_nav2_costmap_2d/lib:/home/zr/code/src/install/nav_2d_utils/lib:/home/zr/code/src/install/nav2_map_server/lib:/home/zr/code/src/install/nav2_lifecycle_manager/lib:/home/zr/code/src/install/nav_2d_msgs/lib:/home/zr/code/src/install/nav2_util/lib:/home/zr/code/src/install/gac_nav2_voxel_grid/lib:${LD_LIBRARY_PATH} PYTHONPATH=/home/zr/code/src/install/nav_2d_msgs/local/lib/python3.10/dist-packages:${PYTHONPATH} /usr/bin/cmake --build /home/zr/code/src/build/gac_nav2_smoother -- -j16 -l16
[116.795s] DEBUG:colcon.colcon_core.event_handler.log_command:Invoked command in '/home/zr/code/src/build/gac_nav2_bt_navigator' returned '0': AMENT_PREFIX_PATH=/home/zr/code/src/install/gac_nav2_core:/home/zr/code/src/install/gac_nav2_costmap_2d:/home/zr/code/src/install/nav2_map_server:/home/zr/code/src/install/nav2_lifecycle_manager:/home/zr/code/src/install/gac_nav2_behavior_tree:/home/zr/code/src/install/nav2_util:/home/zr/code/src/install/gac_nav2_voxel_grid:${AMENT_PREFIX_PATH} CMAKE_PREFIX_PATH=/home/zr/code/src/install/gac_nav2_core:/home/zr/code/src/install/gac_nav2_costmap_2d:/home/zr/code/src/install/nav2_map_server:/home/zr/code/src/install/nav2_lifecycle_manager:/home/zr/code/src/install/gac_nav2_behavior_tree:/home/zr/code/src/install/nav2_util:/home/zr/code/src/install/gac_nav2_voxel_grid:/opt/ros/humble LD_LIBRARY_PATH=/home/zr/code/src/install/gac_nav2_costmap_2d/lib:/home/zr/code/src/install/nav2_map_server/lib:/home/zr/code/src/install/nav2_lifecycle_manager/lib:/home/zr/code/src/install/gac_nav2_behavior_tree/lib:/home/zr/code/src/install/nav2_util/lib:/home/zr/code/src/install/gac_nav2_voxel_grid/lib:${LD_LIBRARY_PATH} /usr/bin/cmake --build /home/zr/code/src/build/gac_nav2_bt_navigator -- -j16 -l16
[116.796s] DEBUG:colcon.colcon_core.event_handler.log_command:Invoking command in '/home/zr/code/src/build/gac_nav2_bt_navigator': AMENT_PREFIX_PATH=/home/zr/code/src/install/gac_nav2_core:/home/zr/code/src/install/gac_nav2_costmap_2d:/home/zr/code/src/install/nav2_map_server:/home/zr/code/src/install/nav2_lifecycle_manager:/home/zr/code/src/install/gac_nav2_behavior_tree:/home/zr/code/src/install/nav2_util:/home/zr/code/src/install/gac_nav2_voxel_grid:${AMENT_PREFIX_PATH} CMAKE_PREFIX_PATH=/home/zr/code/src/install/gac_nav2_core:/home/zr/code/src/install/gac_nav2_costmap_2d:/home/zr/code/src/install/nav2_map_server:/home/zr/code/src/install/nav2_lifecycle_manager:/home/zr/code/src/install/gac_nav2_behavior_tree:/home/zr/code/src/install/nav2_util:/home/zr/code/src/install/gac_nav2_voxel_grid:/opt/ros/humble LD_LIBRARY_PATH=/home/zr/code/src/install/gac_nav2_costmap_2d/lib:/home/zr/code/src/install/nav2_map_server/lib:/home/zr/code/src/install/nav2_lifecycle_manager/lib:/home/zr/code/src/install/gac_nav2_behavior_tree/lib:/home/zr/code/src/install/nav2_util/lib:/home/zr/code/src/install/gac_nav2_voxel_grid/lib:${LD_LIBRARY_PATH} /usr/bin/cmake --install /home/zr/code/src/build/gac_nav2_bt_navigator
[117.263s] Level 1:colcon.colcon_core.environment:create_environment_scripts_only(gac_nav2_bt_navigator)
[117.263s] Level 1:colcon.colcon_core.environment:checking '/home/zr/code/src/install/gac_nav2_bt_navigator' for CMake module files
[117.264s] DEBUG:colcon.colcon_core.event_handler.log_command:Invoked command in '/home/zr/code/src/build/gac_nav2_bt_navigator' returned '0': AMENT_PREFIX_PATH=/home/zr/code/src/install/gac_nav2_core:/home/zr/code/src/install/gac_nav2_costmap_2d:/home/zr/code/src/install/nav2_map_server:/home/zr/code/src/install/nav2_lifecycle_manager:/home/zr/code/src/install/gac_nav2_behavior_tree:/home/zr/code/src/install/nav2_util:/home/zr/code/src/install/gac_nav2_voxel_grid:${AMENT_PREFIX_PATH} CMAKE_PREFIX_PATH=/home/zr/code/src/install/gac_nav2_core:/home/zr/code/src/install/gac_nav2_costmap_2d:/home/zr/code/src/install/nav2_map_server:/home/zr/code/src/install/nav2_lifecycle_manager:/home/zr/code/src/install/gac_nav2_behavior_tree:/home/zr/code/src/install/nav2_util:/home/zr/code/src/install/gac_nav2_voxel_grid:/opt/ros/humble LD_LIBRARY_PATH=/home/zr/code/src/install/gac_nav2_costmap_2d/lib:/home/zr/code/src/install/nav2_map_server/lib:/home/zr/code/src/install/nav2_lifecycle_manager/lib:/home/zr/code/src/install/gac_nav2_behavior_tree/lib:/home/zr/code/src/install/nav2_util/lib:/home/zr/code/src/install/gac_nav2_voxel_grid/lib:${LD_LIBRARY_PATH} /usr/bin/cmake --install /home/zr/code/src/build/gac_nav2_bt_navigator
[117.264s] Level 1:colcon.colcon_core.environment:checking '/home/zr/code/src/install/gac_nav2_bt_navigator' for CMake config files
[117.265s] Level 1:colcon.colcon_core.shell:create_environment_hook('gac_nav2_bt_navigator', 'cmake_prefix_path')
[117.265s] INFO:colcon.colcon_core.shell:Creating environment hook '/home/zr/code/src/install/gac_nav2_bt_navigator/share/gac_nav2_bt_navigator/hook/cmake_prefix_path.ps1'
[117.266s] INFO:colcon.colcon_core.shell:Creating environment descriptor '/home/zr/code/src/install/gac_nav2_bt_navigator/share/gac_nav2_bt_navigator/hook/cmake_prefix_path.dsv'
[117.266s] INFO:colcon.colcon_core.shell:Creating environment hook '/home/zr/code/src/install/gac_nav2_bt_navigator/share/gac_nav2_bt_navigator/hook/cmake_prefix_path.sh'
[117.267s] Level 1:colcon.colcon_core.environment:checking '/home/zr/code/src/install/gac_nav2_bt_navigator/lib'
[117.267s] Level 1:colcon.colcon_core.shell:create_environment_hook('gac_nav2_bt_navigator', 'ld_library_path_lib')
[117.267s] INFO:colcon.colcon_core.shell:Creating environment hook '/home/zr/code/src/install/gac_nav2_bt_navigator/share/gac_nav2_bt_navigator/hook/ld_library_path_lib.ps1'
[117.267s] INFO:colcon.colcon_core.shell:Creating environment descriptor '/home/zr/code/src/install/gac_nav2_bt_navigator/share/gac_nav2_bt_navigator/hook/ld_library_path_lib.dsv'
[117.268s] INFO:colcon.colcon_core.shell:Creating environment hook '/home/zr/code/src/install/gac_nav2_bt_navigator/share/gac_nav2_bt_navigator/hook/ld_library_path_lib.sh'
[117.268s] Level 1:colcon.colcon_core.environment:checking '/home/zr/code/src/install/gac_nav2_bt_navigator/bin'
[117.268s] Level 1:colcon.colcon_core.environment:checking '/home/zr/code/src/install/gac_nav2_bt_navigator/lib/pkgconfig/gac_nav2_bt_navigator.pc'
[117.268s] Level 1:colcon.colcon_core.environment:checking '/home/zr/code/src/install/gac_nav2_bt_navigator/lib/python3.10/site-packages'
[117.268s] Level 1:colcon.colcon_core.environment:checking '/home/zr/code/src/install/gac_nav2_bt_navigator/bin'
[117.269s] INFO:colcon.colcon_core.shell:Creating package script '/home/zr/code/src/install/gac_nav2_bt_navigator/share/gac_nav2_bt_navigator/package.ps1'
[117.269s] INFO:colcon.colcon_core.shell:Creating package descriptor '/home/zr/code/src/install/gac_nav2_bt_navigator/share/gac_nav2_bt_navigator/package.dsv'
[117.269s] INFO:colcon.colcon_core.shell:Creating package script '/home/zr/code/src/install/gac_nav2_bt_navigator/share/gac_nav2_bt_navigator/package.sh'
[117.270s] INFO:colcon.colcon_core.shell:Creating package script '/home/zr/code/src/install/gac_nav2_bt_navigator/share/gac_nav2_bt_navigator/package.bash'
[117.270s] INFO:colcon.colcon_core.shell:Creating package script '/home/zr/code/src/install/gac_nav2_bt_navigator/share/gac_nav2_bt_navigator/package.zsh'
[117.270s] Level 1:colcon.colcon_core.environment:create_file_with_runtime_dependencies(/home/zr/code/src/install/gac_nav2_bt_navigator/share/colcon-core/packages/gac_nav2_bt_navigator)
[117.271s] Level 1:colcon.colcon_core.environment:create_environment_scripts_only(gac_nav2_bt_navigator)
[117.271s] Level 1:colcon.colcon_core.environment:checking '/home/zr/code/src/install/gac_nav2_bt_navigator' for CMake module files
[117.271s] Level 1:colcon.colcon_core.environment:checking '/home/zr/code/src/install/gac_nav2_bt_navigator' for CMake config files
[117.272s] Level 1:colcon.colcon_core.shell:create_environment_hook('gac_nav2_bt_navigator', 'cmake_prefix_path')
[117.272s] INFO:colcon.colcon_core.shell:Creating environment hook '/home/zr/code/src/install/gac_nav2_bt_navigator/share/gac_nav2_bt_navigator/hook/cmake_prefix_path.ps1'
[117.272s] INFO:colcon.colcon_core.shell:Creating environment descriptor '/home/zr/code/src/install/gac_nav2_bt_navigator/share/gac_nav2_bt_navigator/hook/cmake_prefix_path.dsv'
[117.273s] INFO:colcon.colcon_core.shell:Creating environment hook '/home/zr/code/src/install/gac_nav2_bt_navigator/share/gac_nav2_bt_navigator/hook/cmake_prefix_path.sh'
[117.273s] Level 1:colcon.colcon_core.environment:checking '/home/zr/code/src/install/gac_nav2_bt_navigator/lib'
[117.273s] Level 1:colcon.colcon_core.shell:create_environment_hook('gac_nav2_bt_navigator', 'ld_library_path_lib')
[117.273s] INFO:colcon.colcon_core.shell:Creating environment hook '/home/zr/code/src/install/gac_nav2_bt_navigator/share/gac_nav2_bt_navigator/hook/ld_library_path_lib.ps1'
[117.274s] INFO:colcon.colcon_core.shell:Creating environment descriptor '/home/zr/code/src/install/gac_nav2_bt_navigator/share/gac_nav2_bt_navigator/hook/ld_library_path_lib.dsv'
[117.274s] INFO:colcon.colcon_core.shell:Creating environment hook '/home/zr/code/src/install/gac_nav2_bt_navigator/share/gac_nav2_bt_navigator/hook/ld_library_path_lib.sh'
[117.275s] Level 1:colcon.colcon_core.environment:checking '/home/zr/code/src/install/gac_nav2_bt_navigator/bin'
[117.275s] Level 1:colcon.colcon_core.environment:checking '/home/zr/code/src/install/gac_nav2_bt_navigator/lib/pkgconfig/gac_nav2_bt_navigator.pc'
[117.275s] Level 1:colcon.colcon_core.environment:checking '/home/zr/code/src/install/gac_nav2_bt_navigator/lib/python3.10/site-packages'
[117.275s] Level 1:colcon.colcon_core.environment:checking '/home/zr/code/src/install/gac_nav2_bt_navigator/bin'
[117.275s] INFO:colcon.colcon_core.shell:Creating package script '/home/zr/code/src/install/gac_nav2_bt_navigator/share/gac_nav2_bt_navigator/package.ps1'
[117.276s] INFO:colcon.colcon_core.shell:Creating package descriptor '/home/zr/code/src/install/gac_nav2_bt_navigator/share/gac_nav2_bt_navigator/package.dsv'
[117.276s] INFO:colcon.colcon_core.shell:Creating package script '/home/zr/code/src/install/gac_nav2_bt_navigator/share/gac_nav2_bt_navigator/package.sh'
[117.277s] INFO:colcon.colcon_core.shell:Creating package script '/home/zr/code/src/install/gac_nav2_bt_navigator/share/gac_nav2_bt_navigator/package.bash'
[117.277s] INFO:colcon.colcon_core.shell:Creating package script '/home/zr/code/src/install/gac_nav2_bt_navigator/share/gac_nav2_bt_navigator/package.zsh'
[117.277s] Level 1:colcon.colcon_core.environment:create_file_with_runtime_dependencies(/home/zr/code/src/install/gac_nav2_bt_navigator/share/colcon-core/packages/gac_nav2_bt_navigator)
[117.277s] INFO:colcon.colcon_ros.task.ament_cmake.build:Building ROS package in '/home/zr/code/src/nav_ws_gazebo/src/gac_navigation2/gac_nav2_waypoint_follower' with build type 'ament_cmake'
[117.278s] INFO:colcon.colcon_cmake.task.cmake.build:Building CMake package in '/home/zr/code/src/nav_ws_gazebo/src/gac_navigation2/gac_nav2_waypoint_follower'
[117.278s] INFO:colcon.colcon_core.shell:Skip shell extension 'powershell' for command environment: Not usable outside of PowerShell
[117.278s] DEBUG:colcon.colcon_core.shell:Skip shell extension 'dsv' for command environment
[117.302s] DEBUG:colcon.colcon_core.event_handler.log_command:Invoking command in '/home/zr/code/src/build/gac_nav2_waypoint_follower': AMENT_PREFIX_PATH=/home/zr/code/src/install/gac_nav2_core:/home/zr/code/src/install/gac_nav2_costmap_2d:/home/zr/code/src/install/nav2_map_server:/home/zr/code/src/install/nav2_lifecycle_manager:/home/zr/code/src/install/nav2_util:/home/zr/code/src/install/gac_nav2_voxel_grid:${AMENT_PREFIX_PATH} CMAKE_PREFIX_PATH=/home/zr/code/src/install/gac_nav2_core:/home/zr/code/src/install/gac_nav2_costmap_2d:/home/zr/code/src/install/nav2_map_server:/home/zr/code/src/install/nav2_lifecycle_manager:/home/zr/code/src/install/nav2_util:/home/zr/code/src/install/gac_nav2_voxel_grid:/opt/ros/humble LD_LIBRARY_PATH=/home/zr/code/src/install/gac_nav2_costmap_2d/lib:/home/zr/code/src/install/nav2_map_server/lib:/home/zr/code/src/install/nav2_lifecycle_manager/lib:/home/zr/code/src/install/nav2_util/lib:/home/zr/code/src/install/gac_nav2_voxel_grid/lib:${LD_LIBRARY_PATH} /usr/bin/cmake /home/zr/code/src/nav_ws_gazebo/src/gac_navigation2/gac_nav2_waypoint_follower -DBUILD_TESTING=OFF -DCMAKE_C_COMPILER_LAUNCHER=ccache -DCMAKE_CXX_COMPILER_LAUNCHER=ccache -DAMENT_CMAKE_SYMLINK_INSTALL=1 -DCMAKE_INSTALL_PREFIX=/home/zr/code/src/install/gac_nav2_waypoint_follower
[119.502s] DEBUG:colcon.colcon_core.event_handler.log_command:Invoked command in '/home/zr/code/src/build/gac_nav2_waypoint_follower' returned '0': AMENT_PREFIX_PATH=/home/zr/code/src/install/gac_nav2_core:/home/zr/code/src/install/gac_nav2_costmap_2d:/home/zr/code/src/install/nav2_map_server:/home/zr/code/src/install/nav2_lifecycle_manager:/home/zr/code/src/install/nav2_util:/home/zr/code/src/install/gac_nav2_voxel_grid:${AMENT_PREFIX_PATH} CMAKE_PREFIX_PATH=/home/zr/code/src/install/gac_nav2_core:/home/zr/code/src/install/gac_nav2_costmap_2d:/home/zr/code/src/install/nav2_map_server:/home/zr/code/src/install/nav2_lifecycle_manager:/home/zr/code/src/install/nav2_util:/home/zr/code/src/install/gac_nav2_voxel_grid:/opt/ros/humble LD_LIBRARY_PATH=/home/zr/code/src/install/gac_nav2_costmap_2d/lib:/home/zr/code/src/install/nav2_map_server/lib:/home/zr/code/src/install/nav2_lifecycle_manager/lib:/home/zr/code/src/install/nav2_util/lib:/home/zr/code/src/install/gac_nav2_voxel_grid/lib:${LD_LIBRARY_PATH} /usr/bin/cmake /home/zr/code/src/nav_ws_gazebo/src/gac_navigation2/gac_nav2_waypoint_follower -DBUILD_TESTING=OFF -DCMAKE_C_COMPILER_LAUNCHER=ccache -DCMAKE_CXX_COMPILER_LAUNCHER=ccache -DAMENT_CMAKE_SYMLINK_INSTALL=1 -DCMAKE_INSTALL_PREFIX=/home/zr/code/src/install/gac_nav2_waypoint_follower
[119.504s] DEBUG:colcon.colcon_core.event_handler.log_command:Invoking command in '/home/zr/code/src/build/gac_nav2_waypoint_follower': AMENT_PREFIX_PATH=/home/zr/code/src/install/gac_nav2_core:/home/zr/code/src/install/gac_nav2_costmap_2d:/home/zr/code/src/install/nav2_map_server:/home/zr/code/src/install/nav2_lifecycle_manager:/home/zr/code/src/install/nav2_util:/home/zr/code/src/install/gac_nav2_voxel_grid:${AMENT_PREFIX_PATH} CMAKE_PREFIX_PATH=/home/zr/code/src/install/gac_nav2_core:/home/zr/code/src/install/gac_nav2_costmap_2d:/home/zr/code/src/install/nav2_map_server:/home/zr/code/src/install/nav2_lifecycle_manager:/home/zr/code/src/install/nav2_util:/home/zr/code/src/install/gac_nav2_voxel_grid:/opt/ros/humble LD_LIBRARY_PATH=/home/zr/code/src/install/gac_nav2_costmap_2d/lib:/home/zr/code/src/install/nav2_map_server/lib:/home/zr/code/src/install/nav2_lifecycle_manager/lib:/home/zr/code/src/install/nav2_util/lib:/home/zr/code/src/install/gac_nav2_voxel_grid/lib:${LD_LIBRARY_PATH} /usr/bin/cmake --build /home/zr/code/src/build/gac_nav2_waypoint_follower -- -j16 -l16
[121.467s] DEBUG:colcon.colcon_core.event_handler.log_command:Invoked command in '/home/zr/code/src/build/gac_nav2_controller' returned '0': AMENT_PREFIX_PATH=/home/zr/code/src/install/gac_nav2_core:/home/zr/code/src/install/gac_nav2_costmap_2d:/home/zr/code/src/install/nav_2d_utils:/home/zr/code/src/install/nav2_map_server:/home/zr/code/src/install/nav2_lifecycle_manager:/home/zr/code/src/install/nav_2d_msgs:/home/zr/code/src/install/nav2_util:/home/zr/code/src/install/gac_nav2_voxel_grid:${AMENT_PREFIX_PATH} CMAKE_PREFIX_PATH=/home/zr/code/src/install/gac_nav2_core:/home/zr/code/src/install/gac_nav2_costmap_2d:/home/zr/code/src/install/nav_2d_utils:/home/zr/code/src/install/nav2_map_server:/home/zr/code/src/install/nav2_lifecycle_manager:/home/zr/code/src/install/nav_2d_msgs:/home/zr/code/src/install/nav2_util:/home/zr/code/src/install/gac_nav2_voxel_grid:/opt/ros/humble LD_LIBRARY_PATH=/home/zr/code/src/install/gac_nav2_costmap_2d/lib:/home/zr/code/src/install/nav_2d_utils/lib:/home/zr/code/src/install/nav2_map_server/lib:/home/zr/code/src/install/nav2_lifecycle_manager/lib:/home/zr/code/src/install/nav_2d_msgs/lib:/home/zr/code/src/install/nav2_util/lib:/home/zr/code/src/install/gac_nav2_voxel_grid/lib:${LD_LIBRARY_PATH} PYTHONPATH=/home/zr/code/src/install/nav_2d_msgs/local/lib/python3.10/dist-packages:${PYTHONPATH} /usr/bin/cmake --build /home/zr/code/src/build/gac_nav2_controller -- -j16 -l16
[121.469s] DEBUG:colcon.colcon_core.event_handler.log_command:Invoking command in '/home/zr/code/src/build/gac_nav2_controller': AMENT_PREFIX_PATH=/home/zr/code/src/install/gac_nav2_core:/home/zr/code/src/install/gac_nav2_costmap_2d:/home/zr/code/src/install/nav_2d_utils:/home/zr/code/src/install/nav2_map_server:/home/zr/code/src/install/nav2_lifecycle_manager:/home/zr/code/src/install/nav_2d_msgs:/home/zr/code/src/install/nav2_util:/home/zr/code/src/install/gac_nav2_voxel_grid:${AMENT_PREFIX_PATH} CMAKE_PREFIX_PATH=/home/zr/code/src/install/gac_nav2_core:/home/zr/code/src/install/gac_nav2_costmap_2d:/home/zr/code/src/install/nav_2d_utils:/home/zr/code/src/install/nav2_map_server:/home/zr/code/src/install/nav2_lifecycle_manager:/home/zr/code/src/install/nav_2d_msgs:/home/zr/code/src/install/nav2_util:/home/zr/code/src/install/gac_nav2_voxel_grid:/opt/ros/humble LD_LIBRARY_PATH=/home/zr/code/src/install/gac_nav2_costmap_2d/lib:/home/zr/code/src/install/nav_2d_utils/lib:/home/zr/code/src/install/nav2_map_server/lib:/home/zr/code/src/install/nav2_lifecycle_manager/lib:/home/zr/code/src/install/nav_2d_msgs/lib:/home/zr/code/src/install/nav2_util/lib:/home/zr/code/src/install/gac_nav2_voxel_grid/lib:${LD_LIBRARY_PATH} PYTHONPATH=/home/zr/code/src/install/nav_2d_msgs/local/lib/python3.10/dist-packages:${PYTHONPATH} /usr/bin/cmake --install /home/zr/code/src/build/gac_nav2_controller
[121.858s] Level 1:colcon.colcon_core.environment:create_environment_scripts_only(gac_nav2_controller)
[121.859s] Level 1:colcon.colcon_core.environment:checking '/home/zr/code/src/install/gac_nav2_controller' for CMake module files
[121.859s] DEBUG:colcon.colcon_core.event_handler.log_command:Invoked command in '/home/zr/code/src/build/gac_nav2_controller' returned '0': AMENT_PREFIX_PATH=/home/zr/code/src/install/gac_nav2_core:/home/zr/code/src/install/gac_nav2_costmap_2d:/home/zr/code/src/install/nav_2d_utils:/home/zr/code/src/install/nav2_map_server:/home/zr/code/src/install/nav2_lifecycle_manager:/home/zr/code/src/install/nav_2d_msgs:/home/zr/code/src/install/nav2_util:/home/zr/code/src/install/gac_nav2_voxel_grid:${AMENT_PREFIX_PATH} CMAKE_PREFIX_PATH=/home/zr/code/src/install/gac_nav2_core:/home/zr/code/src/install/gac_nav2_costmap_2d:/home/zr/code/src/install/nav_2d_utils:/home/zr/code/src/install/nav2_map_server:/home/zr/code/src/install/nav2_lifecycle_manager:/home/zr/code/src/install/nav_2d_msgs:/home/zr/code/src/install/nav2_util:/home/zr/code/src/install/gac_nav2_voxel_grid:/opt/ros/humble LD_LIBRARY_PATH=/home/zr/code/src/install/gac_nav2_costmap_2d/lib:/home/zr/code/src/install/nav_2d_utils/lib:/home/zr/code/src/install/nav2_map_server/lib:/home/zr/code/src/install/nav2_lifecycle_manager/lib:/home/zr/code/src/install/nav_2d_msgs/lib:/home/zr/code/src/install/nav2_util/lib:/home/zr/code/src/install/gac_nav2_voxel_grid/lib:${LD_LIBRARY_PATH} PYTHONPATH=/home/zr/code/src/install/nav_2d_msgs/local/lib/python3.10/dist-packages:${PYTHONPATH} /usr/bin/cmake --install /home/zr/code/src/build/gac_nav2_controller
[121.860s] Level 1:colcon.colcon_core.environment:checking '/home/zr/code/src/install/gac_nav2_controller' for CMake config files
[121.860s] Level 1:colcon.colcon_core.shell:create_environment_hook('gac_nav2_controller', 'cmake_prefix_path')
[121.861s] INFO:colcon.colcon_core.shell:Creating environment hook '/home/zr/code/src/install/gac_nav2_controller/share/gac_nav2_controller/hook/cmake_prefix_path.ps1'
[121.861s] INFO:colcon.colcon_core.shell:Creating environment descriptor '/home/zr/code/src/install/gac_nav2_controller/share/gac_nav2_controller/hook/cmake_prefix_path.dsv'
[121.861s] INFO:colcon.colcon_core.shell:Creating environment hook '/home/zr/code/src/install/gac_nav2_controller/share/gac_nav2_controller/hook/cmake_prefix_path.sh'
[121.862s] Level 1:colcon.colcon_core.environment:checking '/home/zr/code/src/install/gac_nav2_controller/lib'
[121.862s] Level 1:colcon.colcon_core.shell:create_environment_hook('gac_nav2_controller', 'ld_library_path_lib')
[121.862s] INFO:colcon.colcon_core.shell:Creating environment hook '/home/zr/code/src/install/gac_nav2_controller/share/gac_nav2_controller/hook/ld_library_path_lib.ps1'
[121.863s] INFO:colcon.colcon_core.shell:Creating environment descriptor '/home/zr/code/src/install/gac_nav2_controller/share/gac_nav2_controller/hook/ld_library_path_lib.dsv'
[121.863s] INFO:colcon.colcon_core.shell:Creating environment hook '/home/zr/code/src/install/gac_nav2_controller/share/gac_nav2_controller/hook/ld_library_path_lib.sh'
[121.863s] Level 1:colcon.colcon_core.environment:checking '/home/zr/code/src/install/gac_nav2_controller/bin'
[121.863s] Level 1:colcon.colcon_core.environment:checking '/home/zr/code/src/install/gac_nav2_controller/lib/pkgconfig/gac_nav2_controller.pc'
[121.863s] Level 1:colcon.colcon_core.environment:checking '/home/zr/code/src/install/gac_nav2_controller/lib/python3.10/site-packages'
[121.864s] Level 1:colcon.colcon_core.environment:checking '/home/zr/code/src/install/gac_nav2_controller/bin'
[121.864s] INFO:colcon.colcon_core.shell:Creating package script '/home/zr/code/src/install/gac_nav2_controller/share/gac_nav2_controller/package.ps1'
[121.865s] INFO:colcon.colcon_core.shell:Creating package descriptor '/home/zr/code/src/install/gac_nav2_controller/share/gac_nav2_controller/package.dsv'
[121.865s] INFO:colcon.colcon_core.shell:Creating package script '/home/zr/code/src/install/gac_nav2_controller/share/gac_nav2_controller/package.sh'
[121.865s] INFO:colcon.colcon_core.shell:Creating package script '/home/zr/code/src/install/gac_nav2_controller/share/gac_nav2_controller/package.bash'
[121.866s] INFO:colcon.colcon_core.shell:Creating package script '/home/zr/code/src/install/gac_nav2_controller/share/gac_nav2_controller/package.zsh'
[121.866s] Level 1:colcon.colcon_core.environment:create_file_with_runtime_dependencies(/home/zr/code/src/install/gac_nav2_controller/share/colcon-core/packages/gac_nav2_controller)
[121.866s] Level 1:colcon.colcon_core.environment:create_environment_scripts_only(gac_nav2_controller)
[121.867s] Level 1:colcon.colcon_core.environment:checking '/home/zr/code/src/install/gac_nav2_controller' for CMake module files
[121.867s] Level 1:colcon.colcon_core.environment:checking '/home/zr/code/src/install/gac_nav2_controller' for CMake config files
[121.867s] Level 1:colcon.colcon_core.shell:create_environment_hook('gac_nav2_controller', 'cmake_prefix_path')
[121.867s] INFO:colcon.colcon_core.shell:Creating environment hook '/home/zr/code/src/install/gac_nav2_controller/share/gac_nav2_controller/hook/cmake_prefix_path.ps1'
[121.868s] INFO:colcon.colcon_core.shell:Creating environment descriptor '/home/zr/code/src/install/gac_nav2_controller/share/gac_nav2_controller/hook/cmake_prefix_path.dsv'
[121.868s] INFO:colcon.colcon_core.shell:Creating environment hook '/home/zr/code/src/install/gac_nav2_controller/share/gac_nav2_controller/hook/cmake_prefix_path.sh'
[121.868s] Level 1:colcon.colcon_core.environment:checking '/home/zr/code/src/install/gac_nav2_controller/lib'
[121.869s] Level 1:colcon.colcon_core.shell:create_environment_hook('gac_nav2_controller', 'ld_library_path_lib')
[121.869s] INFO:colcon.colcon_core.shell:Creating environment hook '/home/zr/code/src/install/gac_nav2_controller/share/gac_nav2_controller/hook/ld_library_path_lib.ps1'
[121.869s] INFO:colcon.colcon_core.shell:Creating environment descriptor '/home/zr/code/src/install/gac_nav2_controller/share/gac_nav2_controller/hook/ld_library_path_lib.dsv'
[121.869s] INFO:colcon.colcon_core.shell:Creating environment hook '/home/zr/code/src/install/gac_nav2_controller/share/gac_nav2_controller/hook/ld_library_path_lib.sh'
[121.870s] Level 1:colcon.colcon_core.environment:checking '/home/zr/code/src/install/gac_nav2_controller/bin'
[121.870s] Level 1:colcon.colcon_core.environment:checking '/home/zr/code/src/install/gac_nav2_controller/lib/pkgconfig/gac_nav2_controller.pc'
[121.870s] Level 1:colcon.colcon_core.environment:checking '/home/zr/code/src/install/gac_nav2_controller/lib/python3.10/site-packages'
[121.870s] Level 1:colcon.colcon_core.environment:checking '/home/zr/code/src/install/gac_nav2_controller/bin'
[121.870s] INFO:colcon.colcon_core.shell:Creating package script '/home/zr/code/src/install/gac_nav2_controller/share/gac_nav2_controller/package.ps1'
[121.871s] INFO:colcon.colcon_core.shell:Creating package descriptor '/home/zr/code/src/install/gac_nav2_controller/share/gac_nav2_controller/package.dsv'
[121.871s] INFO:colcon.colcon_core.shell:Creating package script '/home/zr/code/src/install/gac_nav2_controller/share/gac_nav2_controller/package.sh'
[121.871s] INFO:colcon.colcon_core.shell:Creating package script '/home/zr/code/src/install/gac_nav2_controller/share/gac_nav2_controller/package.bash'
[121.872s] INFO:colcon.colcon_core.shell:Creating package script '/home/zr/code/src/install/gac_nav2_controller/share/gac_nav2_controller/package.zsh'
[121.872s] Level 1:colcon.colcon_core.environment:create_file_with_runtime_dependencies(/home/zr/code/src/install/gac_nav2_controller/share/colcon-core/packages/gac_nav2_controller)
[121.872s] INFO:colcon.colcon_ros.task.ament_cmake.build:Building ROS package in '/home/zr/code/src/nav_ws_gazebo/src/gac_navigation2/nav2_fixed_path_route' with build type 'ament_cmake'
[121.872s] INFO:colcon.colcon_cmake.task.cmake.build:Building CMake package in '/home/zr/code/src/nav_ws_gazebo/src/gac_navigation2/nav2_fixed_path_route'
[121.872s] INFO:colcon.colcon_core.shell:Skip shell extension 'powershell' for command environment: Not usable outside of PowerShell
[121.872s] DEBUG:colcon.colcon_core.shell:Skip shell extension 'dsv' for command environment
[121.897s] DEBUG:colcon.colcon_core.event_handler.log_command:Invoking command in '/home/zr/code/src/build/nav2_fixed_path_route': AMENT_PREFIX_PATH=/home/zr/code/src/install/gac_nav2_core:/home/zr/code/src/install/gac_nav2_costmap_2d:/home/zr/code/src/install/nav2_map_server:/home/zr/code/src/install/nav2_lifecycle_manager:/home/zr/code/src/install/nav2_util:/home/zr/code/src/install/gac_nav2_voxel_grid:${AMENT_PREFIX_PATH} CMAKE_PREFIX_PATH=/home/zr/code/src/install/gac_nav2_core:/home/zr/code/src/install/gac_nav2_costmap_2d:/home/zr/code/src/install/nav2_map_server:/home/zr/code/src/install/nav2_lifecycle_manager:/home/zr/code/src/install/nav2_util:/home/zr/code/src/install/gac_nav2_voxel_grid:/opt/ros/humble LD_LIBRARY_PATH=/home/zr/code/src/install/gac_nav2_costmap_2d/lib:/home/zr/code/src/install/nav2_map_server/lib:/home/zr/code/src/install/nav2_lifecycle_manager/lib:/home/zr/code/src/install/nav2_util/lib:/home/zr/code/src/install/gac_nav2_voxel_grid/lib:${LD_LIBRARY_PATH} /usr/bin/cmake /home/zr/code/src/nav_ws_gazebo/src/gac_navigation2/nav2_fixed_path_route -DBUILD_TESTING=OFF -DCMAKE_C_COMPILER_LAUNCHER=ccache -DCMAKE_CXX_COMPILER_LAUNCHER=ccache -DAMENT_CMAKE_SYMLINK_INSTALL=1 -DCMAKE_INSTALL_PREFIX=/home/zr/code/src/install/nav2_fixed_path_route
[124.258s] DEBUG:colcon.colcon_core.event_handler.log_command:Invoked command in '/home/zr/code/src/build/nav2_fixed_path_route' returned '0': AMENT_PREFIX_PATH=/home/zr/code/src/install/gac_nav2_core:/home/zr/code/src/install/gac_nav2_costmap_2d:/home/zr/code/src/install/nav2_map_server:/home/zr/code/src/install/nav2_lifecycle_manager:/home/zr/code/src/install/nav2_util:/home/zr/code/src/install/gac_nav2_voxel_grid:${AMENT_PREFIX_PATH} CMAKE_PREFIX_PATH=/home/zr/code/src/install/gac_nav2_core:/home/zr/code/src/install/gac_nav2_costmap_2d:/home/zr/code/src/install/nav2_map_server:/home/zr/code/src/install/nav2_lifecycle_manager:/home/zr/code/src/install/nav2_util:/home/zr/code/src/install/gac_nav2_voxel_grid:/opt/ros/humble LD_LIBRARY_PATH=/home/zr/code/src/install/gac_nav2_costmap_2d/lib:/home/zr/code/src/install/nav2_map_server/lib:/home/zr/code/src/install/nav2_lifecycle_manager/lib:/home/zr/code/src/install/nav2_util/lib:/home/zr/code/src/install/gac_nav2_voxel_grid/lib:${LD_LIBRARY_PATH} /usr/bin/cmake /home/zr/code/src/nav_ws_gazebo/src/gac_navigation2/nav2_fixed_path_route -DBUILD_TESTING=OFF -DCMAKE_C_COMPILER_LAUNCHER=ccache -DCMAKE_CXX_COMPILER_LAUNCHER=ccache -DAMENT_CMAKE_SYMLINK_INSTALL=1 -DCMAKE_INSTALL_PREFIX=/home/zr/code/src/install/nav2_fixed_path_route
[124.259s] DEBUG:colcon.colcon_core.event_handler.log_command:Invoking command in '/home/zr/code/src/build/nav2_fixed_path_route': AMENT_PREFIX_PATH=/home/zr/code/src/install/gac_nav2_core:/home/zr/code/src/install/gac_nav2_costmap_2d:/home/zr/code/src/install/nav2_map_server:/home/zr/code/src/install/nav2_lifecycle_manager:/home/zr/code/src/install/nav2_util:/home/zr/code/src/install/gac_nav2_voxel_grid:${AMENT_PREFIX_PATH} CMAKE_PREFIX_PATH=/home/zr/code/src/install/gac_nav2_core:/home/zr/code/src/install/gac_nav2_costmap_2d:/home/zr/code/src/install/nav2_map_server:/home/zr/code/src/install/nav2_lifecycle_manager:/home/zr/code/src/install/nav2_util:/home/zr/code/src/install/gac_nav2_voxel_grid:/opt/ros/humble LD_LIBRARY_PATH=/home/zr/code/src/install/gac_nav2_costmap_2d/lib:/home/zr/code/src/install/nav2_map_server/lib:/home/zr/code/src/install/nav2_lifecycle_manager/lib:/home/zr/code/src/install/nav2_util/lib:/home/zr/code/src/install/gac_nav2_voxel_grid/lib:${LD_LIBRARY_PATH} /usr/bin/cmake --build /home/zr/code/src/build/nav2_fixed_path_route -- -j16 -l16
[124.659s] DEBUG:colcon.colcon_core.event_handler.log_command:Invoked command in '/home/zr/code/src/build/gac_nav2_planner' returned '0': AMENT_PREFIX_PATH=/home/zr/code/src/install/gac_nav2_core:/home/zr/code/src/install/gac_nav2_costmap_2d:/home/zr/code/src/install/nav2_map_server:/home/zr/code/src/install/nav2_lifecycle_manager:/home/zr/code/src/install/nav2_util:/home/zr/code/src/install/gac_nav2_voxel_grid:${AMENT_PREFIX_PATH} CMAKE_PREFIX_PATH=/home/zr/code/src/install/gac_nav2_core:/home/zr/code/src/install/gac_nav2_costmap_2d:/home/zr/code/src/install/nav2_map_server:/home/zr/code/src/install/nav2_lifecycle_manager:/home/zr/code/src/install/nav2_util:/home/zr/code/src/install/gac_nav2_voxel_grid:/opt/ros/humble LD_LIBRARY_PATH=/home/zr/code/src/install/gac_nav2_costmap_2d/lib:/home/zr/code/src/install/nav2_map_server/lib:/home/zr/code/src/install/nav2_lifecycle_manager/lib:/home/zr/code/src/install/nav2_util/lib:/home/zr/code/src/install/gac_nav2_voxel_grid/lib:${LD_LIBRARY_PATH} /usr/bin/cmake --build /home/zr/code/src/build/gac_nav2_planner -- -j16 -l16
[124.661s] DEBUG:colcon.colcon_core.event_handler.log_command:Invoking command in '/home/zr/code/src/build/gac_nav2_planner': AMENT_PREFIX_PATH=/home/zr/code/src/install/gac_nav2_core:/home/zr/code/src/install/gac_nav2_costmap_2d:/home/zr/code/src/install/nav2_map_server:/home/zr/code/src/install/nav2_lifecycle_manager:/home/zr/code/src/install/nav2_util:/home/zr/code/src/install/gac_nav2_voxel_grid:${AMENT_PREFIX_PATH} CMAKE_PREFIX_PATH=/home/zr/code/src/install/gac_nav2_core:/home/zr/code/src/install/gac_nav2_costmap_2d:/home/zr/code/src/install/nav2_map_server:/home/zr/code/src/install/nav2_lifecycle_manager:/home/zr/code/src/install/nav2_util:/home/zr/code/src/install/gac_nav2_voxel_grid:/opt/ros/humble LD_LIBRARY_PATH=/home/zr/code/src/install/gac_nav2_costmap_2d/lib:/home/zr/code/src/install/nav2_map_server/lib:/home/zr/code/src/install/nav2_lifecycle_manager/lib:/home/zr/code/src/install/nav2_util/lib:/home/zr/code/src/install/gac_nav2_voxel_grid/lib:${LD_LIBRARY_PATH} /usr/bin/cmake --install /home/zr/code/src/build/gac_nav2_planner
[124.918s] Level 1:colcon.colcon_core.environment:create_environment_scripts_only(gac_nav2_planner)
[124.919s] Level 1:colcon.colcon_core.environment:checking '/home/zr/code/src/install/gac_nav2_planner' for CMake module files
[124.919s] DEBUG:colcon.colcon_core.event_handler.log_command:Invoked command in '/home/zr/code/src/build/gac_nav2_planner' returned '0': AMENT_PREFIX_PATH=/home/zr/code/src/install/gac_nav2_core:/home/zr/code/src/install/gac_nav2_costmap_2d:/home/zr/code/src/install/nav2_map_server:/home/zr/code/src/install/nav2_lifecycle_manager:/home/zr/code/src/install/nav2_util:/home/zr/code/src/install/gac_nav2_voxel_grid:${AMENT_PREFIX_PATH} CMAKE_PREFIX_PATH=/home/zr/code/src/install/gac_nav2_core:/home/zr/code/src/install/gac_nav2_costmap_2d:/home/zr/code/src/install/nav2_map_server:/home/zr/code/src/install/nav2_lifecycle_manager:/home/zr/code/src/install/nav2_util:/home/zr/code/src/install/gac_nav2_voxel_grid:/opt/ros/humble LD_LIBRARY_PATH=/home/zr/code/src/install/gac_nav2_costmap_2d/lib:/home/zr/code/src/install/nav2_map_server/lib:/home/zr/code/src/install/nav2_lifecycle_manager/lib:/home/zr/code/src/install/nav2_util/lib:/home/zr/code/src/install/gac_nav2_voxel_grid/lib:${LD_LIBRARY_PATH} /usr/bin/cmake --install /home/zr/code/src/build/gac_nav2_planner
[124.920s] Level 1:colcon.colcon_core.environment:checking '/home/zr/code/src/install/gac_nav2_planner' for CMake config files
[124.920s] Level 1:colcon.colcon_core.shell:create_environment_hook('gac_nav2_planner', 'cmake_prefix_path')
[124.920s] INFO:colcon.colcon_core.shell:Creating environment hook '/home/zr/code/src/install/gac_nav2_planner/share/gac_nav2_planner/hook/cmake_prefix_path.ps1'
[124.921s] INFO:colcon.colcon_core.shell:Creating environment descriptor '/home/zr/code/src/install/gac_nav2_planner/share/gac_nav2_planner/hook/cmake_prefix_path.dsv'
[124.921s] INFO:colcon.colcon_core.shell:Creating environment hook '/home/zr/code/src/install/gac_nav2_planner/share/gac_nav2_planner/hook/cmake_prefix_path.sh'
[124.921s] Level 1:colcon.colcon_core.environment:checking '/home/zr/code/src/install/gac_nav2_planner/lib'
[124.921s] Level 1:colcon.colcon_core.shell:create_environment_hook('gac_nav2_planner', 'ld_library_path_lib')
[124.922s] INFO:colcon.colcon_core.shell:Creating environment hook '/home/zr/code/src/install/gac_nav2_planner/share/gac_nav2_planner/hook/ld_library_path_lib.ps1'
[124.922s] INFO:colcon.colcon_core.shell:Creating environment descriptor '/home/zr/code/src/install/gac_nav2_planner/share/gac_nav2_planner/hook/ld_library_path_lib.dsv'
[124.922s] INFO:colcon.colcon_core.shell:Creating environment hook '/home/zr/code/src/install/gac_nav2_planner/share/gac_nav2_planner/hook/ld_library_path_lib.sh'
[124.922s] Level 1:colcon.colcon_core.environment:checking '/home/zr/code/src/install/gac_nav2_planner/bin'
[124.922s] Level 1:colcon.colcon_core.environment:checking '/home/zr/code/src/install/gac_nav2_planner/lib/pkgconfig/gac_nav2_planner.pc'
[124.922s] Level 1:colcon.colcon_core.environment:checking '/home/zr/code/src/install/gac_nav2_planner/lib/python3.10/site-packages'
[124.923s] Level 1:colcon.colcon_core.environment:checking '/home/zr/code/src/install/gac_nav2_planner/bin'
[124.923s] INFO:colcon.colcon_core.shell:Creating package script '/home/zr/code/src/install/gac_nav2_planner/share/gac_nav2_planner/package.ps1'
[124.923s] INFO:colcon.colcon_core.shell:Creating package descriptor '/home/zr/code/src/install/gac_nav2_planner/share/gac_nav2_planner/package.dsv'
[124.924s] INFO:colcon.colcon_core.shell:Creating package script '/home/zr/code/src/install/gac_nav2_planner/share/gac_nav2_planner/package.sh'
[124.924s] INFO:colcon.colcon_core.shell:Creating package script '/home/zr/code/src/install/gac_nav2_planner/share/gac_nav2_planner/package.bash'
[124.925s] INFO:colcon.colcon_core.shell:Creating package script '/home/zr/code/src/install/gac_nav2_planner/share/gac_nav2_planner/package.zsh'
[124.925s] Level 1:colcon.colcon_core.environment:create_file_with_runtime_dependencies(/home/zr/code/src/install/gac_nav2_planner/share/colcon-core/packages/gac_nav2_planner)
[124.925s] Level 1:colcon.colcon_core.environment:create_environment_scripts_only(gac_nav2_planner)
[124.925s] Level 1:colcon.colcon_core.environment:checking '/home/zr/code/src/install/gac_nav2_planner' for CMake module files
[124.926s] Level 1:colcon.colcon_core.environment:checking '/home/zr/code/src/install/gac_nav2_planner' for CMake config files
[124.926s] Level 1:colcon.colcon_core.shell:create_environment_hook('gac_nav2_planner', 'cmake_prefix_path')
[124.926s] INFO:colcon.colcon_core.shell:Creating environment hook '/home/zr/code/src/install/gac_nav2_planner/share/gac_nav2_planner/hook/cmake_prefix_path.ps1'
[124.927s] INFO:colcon.colcon_core.shell:Creating environment descriptor '/home/zr/code/src/install/gac_nav2_planner/share/gac_nav2_planner/hook/cmake_prefix_path.dsv'
[124.927s] INFO:colcon.colcon_core.shell:Creating environment hook '/home/zr/code/src/install/gac_nav2_planner/share/gac_nav2_planner/hook/cmake_prefix_path.sh'
[124.928s] Level 1:colcon.colcon_core.environment:checking '/home/zr/code/src/install/gac_nav2_planner/lib'
[124.928s] Level 1:colcon.colcon_core.shell:create_environment_hook('gac_nav2_planner', 'ld_library_path_lib')
[124.928s] INFO:colcon.colcon_core.shell:Creating environment hook '/home/zr/code/src/install/gac_nav2_planner/share/gac_nav2_planner/hook/ld_library_path_lib.ps1'
[124.929s] INFO:colcon.colcon_core.shell:Creating environment descriptor '/home/zr/code/src/install/gac_nav2_planner/share/gac_nav2_planner/hook/ld_library_path_lib.dsv'
[124.929s] INFO:colcon.colcon_core.shell:Creating environment hook '/home/zr/code/src/install/gac_nav2_planner/share/gac_nav2_planner/hook/ld_library_path_lib.sh'
[124.929s] Level 1:colcon.colcon_core.environment:checking '/home/zr/code/src/install/gac_nav2_planner/bin'
[124.929s] Level 1:colcon.colcon_core.environment:checking '/home/zr/code/src/install/gac_nav2_planner/lib/pkgconfig/gac_nav2_planner.pc'
[124.929s] Level 1:colcon.colcon_core.environment:checking '/home/zr/code/src/install/gac_nav2_planner/lib/python3.10/site-packages'
[124.930s] Level 1:colcon.colcon_core.environment:checking '/home/zr/code/src/install/gac_nav2_planner/bin'
[124.930s] INFO:colcon.colcon_core.shell:Creating package script '/home/zr/code/src/install/gac_nav2_planner/share/gac_nav2_planner/package.ps1'
[124.930s] INFO:colcon.colcon_core.shell:Creating package descriptor '/home/zr/code/src/install/gac_nav2_planner/share/gac_nav2_planner/package.dsv'
[124.931s] INFO:colcon.colcon_core.shell:Creating package script '/home/zr/code/src/install/gac_nav2_planner/share/gac_nav2_planner/package.sh'
[124.931s] INFO:colcon.colcon_core.shell:Creating package script '/home/zr/code/src/install/gac_nav2_planner/share/gac_nav2_planner/package.bash'
[124.931s] INFO:colcon.colcon_core.shell:Creating package script '/home/zr/code/src/install/gac_nav2_planner/share/gac_nav2_planner/package.zsh'
[124.932s] Level 1:colcon.colcon_core.environment:create_file_with_runtime_dependencies(/home/zr/code/src/install/gac_nav2_planner/share/colcon-core/packages/gac_nav2_planner)
[124.932s] INFO:colcon.colcon_ros.task.ament_cmake.build:Building ROS package in '/home/zr/code/src/nav_ws_gazebo/src/gac_navigation2/nav2_navfn_planner' with build type 'ament_cmake'
[124.932s] INFO:colcon.colcon_cmake.task.cmake.build:Building CMake package in '/home/zr/code/src/nav_ws_gazebo/src/gac_navigation2/nav2_navfn_planner'
[124.932s] INFO:colcon.colcon_core.shell:Skip shell extension 'powershell' for command environment: Not usable outside of PowerShell
[124.932s] DEBUG:colcon.colcon_core.shell:Skip shell extension 'dsv' for command environment
[124.958s] DEBUG:colcon.colcon_core.event_handler.log_command:Invoking command in '/home/zr/code/src/build/nav2_navfn_planner': AMENT_PREFIX_PATH=/home/zr/code/src/install/gac_nav2_core:/home/zr/code/src/install/gac_nav2_costmap_2d:/home/zr/code/src/install/nav2_map_server:/home/zr/code/src/install/nav2_lifecycle_manager:/home/zr/code/src/install/nav2_util:/home/zr/code/src/install/gac_nav2_voxel_grid:${AMENT_PREFIX_PATH} CMAKE_PREFIX_PATH=/home/zr/code/src/install/gac_nav2_core:/home/zr/code/src/install/gac_nav2_costmap_2d:/home/zr/code/src/install/nav2_map_server:/home/zr/code/src/install/nav2_lifecycle_manager:/home/zr/code/src/install/nav2_util:/home/zr/code/src/install/gac_nav2_voxel_grid:/opt/ros/humble LD_LIBRARY_PATH=/home/zr/code/src/install/gac_nav2_costmap_2d/lib:/home/zr/code/src/install/nav2_map_server/lib:/home/zr/code/src/install/nav2_lifecycle_manager/lib:/home/zr/code/src/install/nav2_util/lib:/home/zr/code/src/install/gac_nav2_voxel_grid/lib:${LD_LIBRARY_PATH} /usr/bin/cmake /home/zr/code/src/nav_ws_gazebo/src/gac_navigation2/nav2_navfn_planner -DBUILD_TESTING=OFF -DCMAKE_C_COMPILER_LAUNCHER=ccache -DCMAKE_CXX_COMPILER_LAUNCHER=ccache -DAMENT_CMAKE_SYMLINK_INSTALL=1 -DCMAKE_INSTALL_PREFIX=/home/zr/code/src/install/nav2_navfn_planner
[126.715s] DEBUG:colcon.colcon_core.event_handler.log_command:Invoked command in '/home/zr/code/src/build/nav2_navfn_planner' returned '0': AMENT_PREFIX_PATH=/home/zr/code/src/install/gac_nav2_core:/home/zr/code/src/install/gac_nav2_costmap_2d:/home/zr/code/src/install/nav2_map_server:/home/zr/code/src/install/nav2_lifecycle_manager:/home/zr/code/src/install/nav2_util:/home/zr/code/src/install/gac_nav2_voxel_grid:${AMENT_PREFIX_PATH} CMAKE_PREFIX_PATH=/home/zr/code/src/install/gac_nav2_core:/home/zr/code/src/install/gac_nav2_costmap_2d:/home/zr/code/src/install/nav2_map_server:/home/zr/code/src/install/nav2_lifecycle_manager:/home/zr/code/src/install/nav2_util:/home/zr/code/src/install/gac_nav2_voxel_grid:/opt/ros/humble LD_LIBRARY_PATH=/home/zr/code/src/install/gac_nav2_costmap_2d/lib:/home/zr/code/src/install/nav2_map_server/lib:/home/zr/code/src/install/nav2_lifecycle_manager/lib:/home/zr/code/src/install/nav2_util/lib:/home/zr/code/src/install/gac_nav2_voxel_grid/lib:${LD_LIBRARY_PATH} /usr/bin/cmake /home/zr/code/src/nav_ws_gazebo/src/gac_navigation2/nav2_navfn_planner -DBUILD_TESTING=OFF -DCMAKE_C_COMPILER_LAUNCHER=ccache -DCMAKE_CXX_COMPILER_LAUNCHER=ccache -DAMENT_CMAKE_SYMLINK_INSTALL=1 -DCMAKE_INSTALL_PREFIX=/home/zr/code/src/install/nav2_navfn_planner
[126.716s] DEBUG:colcon.colcon_core.event_handler.log_command:Invoking command in '/home/zr/code/src/build/nav2_navfn_planner': AMENT_PREFIX_PATH=/home/zr/code/src/install/gac_nav2_core:/home/zr/code/src/install/gac_nav2_costmap_2d:/home/zr/code/src/install/nav2_map_server:/home/zr/code/src/install/nav2_lifecycle_manager:/home/zr/code/src/install/nav2_util:/home/zr/code/src/install/gac_nav2_voxel_grid:${AMENT_PREFIX_PATH} CMAKE_PREFIX_PATH=/home/zr/code/src/install/gac_nav2_core:/home/zr/code/src/install/gac_nav2_costmap_2d:/home/zr/code/src/install/nav2_map_server:/home/zr/code/src/install/nav2_lifecycle_manager:/home/zr/code/src/install/nav2_util:/home/zr/code/src/install/gac_nav2_voxel_grid:/opt/ros/humble LD_LIBRARY_PATH=/home/zr/code/src/install/gac_nav2_costmap_2d/lib:/home/zr/code/src/install/nav2_map_server/lib:/home/zr/code/src/install/nav2_lifecycle_manager/lib:/home/zr/code/src/install/nav2_util/lib:/home/zr/code/src/install/gac_nav2_voxel_grid/lib:${LD_LIBRARY_PATH} /usr/bin/cmake --build /home/zr/code/src/build/nav2_navfn_planner -- -j16 -l16
[129.876s] DEBUG:colcon.colcon_core.event_handler.log_command:Invoked command in '/home/zr/code/src/build/gac_nav2_smoother' returned '0': AMENT_PREFIX_PATH=/home/zr/code/src/install/gac_nav2_core:/home/zr/code/src/install/gac_nav2_costmap_2d:/home/zr/code/src/install/nav_2d_utils:/home/zr/code/src/install/nav2_map_server:/home/zr/code/src/install/nav2_lifecycle_manager:/home/zr/code/src/install/nav_2d_msgs:/home/zr/code/src/install/nav2_util:/home/zr/code/src/install/gac_nav2_voxel_grid:${AMENT_PREFIX_PATH} CMAKE_PREFIX_PATH=/home/zr/code/src/install/gac_nav2_core:/home/zr/code/src/install/gac_nav2_costmap_2d:/home/zr/code/src/install/nav_2d_utils:/home/zr/code/src/install/nav2_map_server:/home/zr/code/src/install/nav2_lifecycle_manager:/home/zr/code/src/install/nav_2d_msgs:/home/zr/code/src/install/nav2_util:/home/zr/code/src/install/gac_nav2_voxel_grid:/opt/ros/humble LD_LIBRARY_PATH=/home/zr/code/src/install/gac_nav2_costmap_2d/lib:/home/zr/code/src/install/nav_2d_utils/lib:/home/zr/code/src/install/nav2_map_server/lib:/home/zr/code/src/install/nav2_lifecycle_manager/lib:/home/zr/code/src/install/nav_2d_msgs/lib:/home/zr/code/src/install/nav2_util/lib:/home/zr/code/src/install/gac_nav2_voxel_grid/lib:${LD_LIBRARY_PATH} PYTHONPATH=/home/zr/code/src/install/nav_2d_msgs/local/lib/python3.10/dist-packages:${PYTHONPATH} /usr/bin/cmake --build /home/zr/code/src/build/gac_nav2_smoother -- -j16 -l16
[129.878s] DEBUG:colcon.colcon_core.event_handler.log_command:Invoking command in '/home/zr/code/src/build/gac_nav2_smoother': AMENT_PREFIX_PATH=/home/zr/code/src/install/gac_nav2_core:/home/zr/code/src/install/gac_nav2_costmap_2d:/home/zr/code/src/install/nav_2d_utils:/home/zr/code/src/install/nav2_map_server:/home/zr/code/src/install/nav2_lifecycle_manager:/home/zr/code/src/install/nav_2d_msgs:/home/zr/code/src/install/nav2_util:/home/zr/code/src/install/gac_nav2_voxel_grid:${AMENT_PREFIX_PATH} CMAKE_PREFIX_PATH=/home/zr/code/src/install/gac_nav2_core:/home/zr/code/src/install/gac_nav2_costmap_2d:/home/zr/code/src/install/nav_2d_utils:/home/zr/code/src/install/nav2_map_server:/home/zr/code/src/install/nav2_lifecycle_manager:/home/zr/code/src/install/nav_2d_msgs:/home/zr/code/src/install/nav2_util:/home/zr/code/src/install/gac_nav2_voxel_grid:/opt/ros/humble LD_LIBRARY_PATH=/home/zr/code/src/install/gac_nav2_costmap_2d/lib:/home/zr/code/src/install/nav_2d_utils/lib:/home/zr/code/src/install/nav2_map_server/lib:/home/zr/code/src/install/nav2_lifecycle_manager/lib:/home/zr/code/src/install/nav_2d_msgs/lib:/home/zr/code/src/install/nav2_util/lib:/home/zr/code/src/install/gac_nav2_voxel_grid/lib:${LD_LIBRARY_PATH} PYTHONPATH=/home/zr/code/src/install/nav_2d_msgs/local/lib/python3.10/dist-packages:${PYTHONPATH} /usr/bin/cmake --install /home/zr/code/src/build/gac_nav2_smoother
[130.239s] Level 1:colcon.colcon_core.environment:create_environment_scripts_only(gac_nav2_smoother)
[130.240s] Level 1:colcon.colcon_core.environment:checking '/home/zr/code/src/install/gac_nav2_smoother' for CMake module files
[130.240s] DEBUG:colcon.colcon_core.event_handler.log_command:Invoked command in '/home/zr/code/src/build/gac_nav2_smoother' returned '0': AMENT_PREFIX_PATH=/home/zr/code/src/install/gac_nav2_core:/home/zr/code/src/install/gac_nav2_costmap_2d:/home/zr/code/src/install/nav_2d_utils:/home/zr/code/src/install/nav2_map_server:/home/zr/code/src/install/nav2_lifecycle_manager:/home/zr/code/src/install/nav_2d_msgs:/home/zr/code/src/install/nav2_util:/home/zr/code/src/install/gac_nav2_voxel_grid:${AMENT_PREFIX_PATH} CMAKE_PREFIX_PATH=/home/zr/code/src/install/gac_nav2_core:/home/zr/code/src/install/gac_nav2_costmap_2d:/home/zr/code/src/install/nav_2d_utils:/home/zr/code/src/install/nav2_map_server:/home/zr/code/src/install/nav2_lifecycle_manager:/home/zr/code/src/install/nav_2d_msgs:/home/zr/code/src/install/nav2_util:/home/zr/code/src/install/gac_nav2_voxel_grid:/opt/ros/humble LD_LIBRARY_PATH=/home/zr/code/src/install/gac_nav2_costmap_2d/lib:/home/zr/code/src/install/nav_2d_utils/lib:/home/zr/code/src/install/nav2_map_server/lib:/home/zr/code/src/install/nav2_lifecycle_manager/lib:/home/zr/code/src/install/nav_2d_msgs/lib:/home/zr/code/src/install/nav2_util/lib:/home/zr/code/src/install/gac_nav2_voxel_grid/lib:${LD_LIBRARY_PATH} PYTHONPATH=/home/zr/code/src/install/nav_2d_msgs/local/lib/python3.10/dist-packages:${PYTHONPATH} /usr/bin/cmake --install /home/zr/code/src/build/gac_nav2_smoother
[130.241s] Level 1:colcon.colcon_core.environment:checking '/home/zr/code/src/install/gac_nav2_smoother' for CMake config files
[130.241s] Level 1:colcon.colcon_core.shell:create_environment_hook('gac_nav2_smoother', 'cmake_prefix_path')
[130.241s] INFO:colcon.colcon_core.shell:Creating environment hook '/home/zr/code/src/install/gac_nav2_smoother/share/gac_nav2_smoother/hook/cmake_prefix_path.ps1'
[130.242s] INFO:colcon.colcon_core.shell:Creating environment descriptor '/home/zr/code/src/install/gac_nav2_smoother/share/gac_nav2_smoother/hook/cmake_prefix_path.dsv'
[130.242s] INFO:colcon.colcon_core.shell:Creating environment hook '/home/zr/code/src/install/gac_nav2_smoother/share/gac_nav2_smoother/hook/cmake_prefix_path.sh'
[130.242s] Level 1:colcon.colcon_core.environment:checking '/home/zr/code/src/install/gac_nav2_smoother/lib'
[130.242s] Level 1:colcon.colcon_core.shell:create_environment_hook('gac_nav2_smoother', 'ld_library_path_lib')
[130.242s] INFO:colcon.colcon_core.shell:Creating environment hook '/home/zr/code/src/install/gac_nav2_smoother/share/gac_nav2_smoother/hook/ld_library_path_lib.ps1'
[130.243s] INFO:colcon.colcon_core.shell:Creating environment descriptor '/home/zr/code/src/install/gac_nav2_smoother/share/gac_nav2_smoother/hook/ld_library_path_lib.dsv'
[130.243s] INFO:colcon.colcon_core.shell:Creating environment hook '/home/zr/code/src/install/gac_nav2_smoother/share/gac_nav2_smoother/hook/ld_library_path_lib.sh'
[130.243s] Level 1:colcon.colcon_core.environment:checking '/home/zr/code/src/install/gac_nav2_smoother/bin'
[130.243s] Level 1:colcon.colcon_core.environment:checking '/home/zr/code/src/install/gac_nav2_smoother/lib/pkgconfig/gac_nav2_smoother.pc'
[130.243s] Level 1:colcon.colcon_core.environment:checking '/home/zr/code/src/install/gac_nav2_smoother/lib/python3.10/site-packages'
[130.244s] Level 1:colcon.colcon_core.environment:checking '/home/zr/code/src/install/gac_nav2_smoother/bin'
[130.244s] INFO:colcon.colcon_core.shell:Creating package script '/home/zr/code/src/install/gac_nav2_smoother/share/gac_nav2_smoother/package.ps1'
[130.245s] INFO:colcon.colcon_core.shell:Creating package descriptor '/home/zr/code/src/install/gac_nav2_smoother/share/gac_nav2_smoother/package.dsv'
[130.245s] INFO:colcon.colcon_core.shell:Creating package script '/home/zr/code/src/install/gac_nav2_smoother/share/gac_nav2_smoother/package.sh'
[130.246s] INFO:colcon.colcon_core.shell:Creating package script '/home/zr/code/src/install/gac_nav2_smoother/share/gac_nav2_smoother/package.bash'
[130.246s] INFO:colcon.colcon_core.shell:Creating package script '/home/zr/code/src/install/gac_nav2_smoother/share/gac_nav2_smoother/package.zsh'
[130.246s] Level 1:colcon.colcon_core.environment:create_file_with_runtime_dependencies(/home/zr/code/src/install/gac_nav2_smoother/share/colcon-core/packages/gac_nav2_smoother)
[130.247s] Level 1:colcon.colcon_core.environment:create_environment_scripts_only(gac_nav2_smoother)
[130.247s] Level 1:colcon.colcon_core.environment:checking '/home/zr/code/src/install/gac_nav2_smoother' for CMake module files
[130.248s] Level 1:colcon.colcon_core.environment:checking '/home/zr/code/src/install/gac_nav2_smoother' for CMake config files
[130.248s] Level 1:colcon.colcon_core.shell:create_environment_hook('gac_nav2_smoother', 'cmake_prefix_path')
[130.248s] INFO:colcon.colcon_core.shell:Creating environment hook '/home/zr/code/src/install/gac_nav2_smoother/share/gac_nav2_smoother/hook/cmake_prefix_path.ps1'
[130.249s] INFO:colcon.colcon_core.shell:Creating environment descriptor '/home/zr/code/src/install/gac_nav2_smoother/share/gac_nav2_smoother/hook/cmake_prefix_path.dsv'
[130.249s] INFO:colcon.colcon_core.shell:Creating environment hook '/home/zr/code/src/install/gac_nav2_smoother/share/gac_nav2_smoother/hook/cmake_prefix_path.sh'
[130.250s] Level 1:colcon.colcon_core.environment:checking '/home/zr/code/src/install/gac_nav2_smoother/lib'
[130.250s] Level 1:colcon.colcon_core.shell:create_environment_hook('gac_nav2_smoother', 'ld_library_path_lib')
[130.250s] INFO:colcon.colcon_core.shell:Creating environment hook '/home/zr/code/src/install/gac_nav2_smoother/share/gac_nav2_smoother/hook/ld_library_path_lib.ps1'
[130.250s] INFO:colcon.colcon_core.shell:Creating environment descriptor '/home/zr/code/src/install/gac_nav2_smoother/share/gac_nav2_smoother/hook/ld_library_path_lib.dsv'
[130.251s] INFO:colcon.colcon_core.shell:Creating environment hook '/home/zr/code/src/install/gac_nav2_smoother/share/gac_nav2_smoother/hook/ld_library_path_lib.sh'
[130.251s] Level 1:colcon.colcon_core.environment:checking '/home/zr/code/src/install/gac_nav2_smoother/bin'
[130.251s] Level 1:colcon.colcon_core.environment:checking '/home/zr/code/src/install/gac_nav2_smoother/lib/pkgconfig/gac_nav2_smoother.pc'
[130.251s] Level 1:colcon.colcon_core.environment:checking '/home/zr/code/src/install/gac_nav2_smoother/lib/python3.10/site-packages'
[130.252s] Level 1:colcon.colcon_core.environment:checking '/home/zr/code/src/install/gac_nav2_smoother/bin'
[130.252s] INFO:colcon.colcon_core.shell:Creating package script '/home/zr/code/src/install/gac_nav2_smoother/share/gac_nav2_smoother/package.ps1'
[130.252s] INFO:colcon.colcon_core.shell:Creating package descriptor '/home/zr/code/src/install/gac_nav2_smoother/share/gac_nav2_smoother/package.dsv'
[130.253s] INFO:colcon.colcon_core.shell:Creating package script '/home/zr/code/src/install/gac_nav2_smoother/share/gac_nav2_smoother/package.sh'
[130.253s] INFO:colcon.colcon_core.shell:Creating package script '/home/zr/code/src/install/gac_nav2_smoother/share/gac_nav2_smoother/package.bash'
[130.254s] INFO:colcon.colcon_core.shell:Creating package script '/home/zr/code/src/install/gac_nav2_smoother/share/gac_nav2_smoother/package.zsh'
[130.254s] Level 1:colcon.colcon_core.environment:create_file_with_runtime_dependencies(/home/zr/code/src/install/gac_nav2_smoother/share/colcon-core/packages/gac_nav2_smoother)
[130.255s] INFO:colcon.colcon_ros.task.ament_cmake.build:Building ROS package in '/home/zr/code/src/nav_ws_gazebo/src/gac_navigation2/nav2_dwb_controller/dwb_critics' with build type 'ament_cmake'
[130.255s] INFO:colcon.colcon_cmake.task.cmake.build:Building CMake package in '/home/zr/code/src/nav_ws_gazebo/src/gac_navigation2/nav2_dwb_controller/dwb_critics'
[130.255s] INFO:colcon.colcon_core.shell:Skip shell extension 'powershell' for command environment: Not usable outside of PowerShell
[130.255s] DEBUG:colcon.colcon_core.shell:Skip shell extension 'dsv' for command environment
[130.303s] DEBUG:colcon.colcon_core.event_handler.log_command:Invoking command in '/home/zr/code/src/build/dwb_critics': AMENT_PREFIX_PATH=/home/zr/code/src/install/dwb_core:/home/zr/code/src/install/gac_nav2_core:/home/zr/code/src/install/costmap_queue:/home/zr/code/src/install/gac_nav2_costmap_2d:/home/zr/code/src/install/nav_2d_utils:/home/zr/code/src/install/nav2_map_server:/home/zr/code/src/install/nav2_lifecycle_manager:/home/zr/code/src/install/dwb_msgs:/home/zr/code/src/install/nav_2d_msgs:/home/zr/code/src/install/nav2_util:/home/zr/code/src/install/gac_nav2_voxel_grid:${AMENT_PREFIX_PATH} CMAKE_PREFIX_PATH=/home/zr/code/src/install/dwb_core:/home/zr/code/src/install/gac_nav2_core:/home/zr/code/src/install/costmap_queue:/home/zr/code/src/install/gac_nav2_costmap_2d:/home/zr/code/src/install/nav_2d_utils:/home/zr/code/src/install/nav2_map_server:/home/zr/code/src/install/nav2_lifecycle_manager:/home/zr/code/src/install/dwb_msgs:/home/zr/code/src/install/nav_2d_msgs:/home/zr/code/src/install/nav2_util:/home/zr/code/src/install/gac_nav2_voxel_grid:/opt/ros/humble LD_LIBRARY_PATH=/home/zr/code/src/install/dwb_core/lib:/home/zr/code/src/install/costmap_queue/lib:/home/zr/code/src/install/gac_nav2_costmap_2d/lib:/home/zr/code/src/install/nav_2d_utils/lib:/home/zr/code/src/install/nav2_map_server/lib:/home/zr/code/src/install/nav2_lifecycle_manager/lib:/home/zr/code/src/install/dwb_msgs/lib:/home/zr/code/src/install/nav_2d_msgs/lib:/home/zr/code/src/install/nav2_util/lib:/home/zr/code/src/install/gac_nav2_voxel_grid/lib:${LD_LIBRARY_PATH} PYTHONPATH=/home/zr/code/src/install/dwb_msgs/local/lib/python3.10/dist-packages:/home/zr/code/src/install/nav_2d_msgs/local/lib/python3.10/dist-packages:${PYTHONPATH} /usr/bin/cmake /home/zr/code/src/nav_ws_gazebo/src/gac_navigation2/nav2_dwb_controller/dwb_critics -DBUILD_TESTING=OFF -DCMAKE_C_COMPILER_LAUNCHER=ccache -DCMAKE_CXX_COMPILER_LAUNCHER=ccache -DAMENT_CMAKE_SYMLINK_INSTALL=1 -DCMAKE_INSTALL_PREFIX=/home/zr/code/src/install/dwb_critics
[132.617s] DEBUG:colcon.colcon_core.event_handler.log_command:Invoked command in '/home/zr/code/src/build/dwb_critics' returned '0': AMENT_PREFIX_PATH=/home/zr/code/src/install/dwb_core:/home/zr/code/src/install/gac_nav2_core:/home/zr/code/src/install/costmap_queue:/home/zr/code/src/install/gac_nav2_costmap_2d:/home/zr/code/src/install/nav_2d_utils:/home/zr/code/src/install/nav2_map_server:/home/zr/code/src/install/nav2_lifecycle_manager:/home/zr/code/src/install/dwb_msgs:/home/zr/code/src/install/nav_2d_msgs:/home/zr/code/src/install/nav2_util:/home/zr/code/src/install/gac_nav2_voxel_grid:${AMENT_PREFIX_PATH} CMAKE_PREFIX_PATH=/home/zr/code/src/install/dwb_core:/home/zr/code/src/install/gac_nav2_core:/home/zr/code/src/install/costmap_queue:/home/zr/code/src/install/gac_nav2_costmap_2d:/home/zr/code/src/install/nav_2d_utils:/home/zr/code/src/install/nav2_map_server:/home/zr/code/src/install/nav2_lifecycle_manager:/home/zr/code/src/install/dwb_msgs:/home/zr/code/src/install/nav_2d_msgs:/home/zr/code/src/install/nav2_util:/home/zr/code/src/install/gac_nav2_voxel_grid:/opt/ros/humble LD_LIBRARY_PATH=/home/zr/code/src/install/dwb_core/lib:/home/zr/code/src/install/costmap_queue/lib:/home/zr/code/src/install/gac_nav2_costmap_2d/lib:/home/zr/code/src/install/nav_2d_utils/lib:/home/zr/code/src/install/nav2_map_server/lib:/home/zr/code/src/install/nav2_lifecycle_manager/lib:/home/zr/code/src/install/dwb_msgs/lib:/home/zr/code/src/install/nav_2d_msgs/lib:/home/zr/code/src/install/nav2_util/lib:/home/zr/code/src/install/gac_nav2_voxel_grid/lib:${LD_LIBRARY_PATH} PYTHONPATH=/home/zr/code/src/install/dwb_msgs/local/lib/python3.10/dist-packages:/home/zr/code/src/install/nav_2d_msgs/local/lib/python3.10/dist-packages:${PYTHONPATH} /usr/bin/cmake /home/zr/code/src/nav_ws_gazebo/src/gac_navigation2/nav2_dwb_controller/dwb_critics -DBUILD_TESTING=OFF -DCMAKE_C_COMPILER_LAUNCHER=ccache -DCMAKE_CXX_COMPILER_LAUNCHER=ccache -DAMENT_CMAKE_SYMLINK_INSTALL=1 -DCMAKE_INSTALL_PREFIX=/home/zr/code/src/install/dwb_critics
[132.618s] DEBUG:colcon.colcon_core.event_handler.log_command:Invoking command in '/home/zr/code/src/build/dwb_critics': AMENT_PREFIX_PATH=/home/zr/code/src/install/dwb_core:/home/zr/code/src/install/gac_nav2_core:/home/zr/code/src/install/costmap_queue:/home/zr/code/src/install/gac_nav2_costmap_2d:/home/zr/code/src/install/nav_2d_utils:/home/zr/code/src/install/nav2_map_server:/home/zr/code/src/install/nav2_lifecycle_manager:/home/zr/code/src/install/dwb_msgs:/home/zr/code/src/install/nav_2d_msgs:/home/zr/code/src/install/nav2_util:/home/zr/code/src/install/gac_nav2_voxel_grid:${AMENT_PREFIX_PATH} CMAKE_PREFIX_PATH=/home/zr/code/src/install/dwb_core:/home/zr/code/src/install/gac_nav2_core:/home/zr/code/src/install/costmap_queue:/home/zr/code/src/install/gac_nav2_costmap_2d:/home/zr/code/src/install/nav_2d_utils:/home/zr/code/src/install/nav2_map_server:/home/zr/code/src/install/nav2_lifecycle_manager:/home/zr/code/src/install/dwb_msgs:/home/zr/code/src/install/nav_2d_msgs:/home/zr/code/src/install/nav2_util:/home/zr/code/src/install/gac_nav2_voxel_grid:/opt/ros/humble LD_LIBRARY_PATH=/home/zr/code/src/install/dwb_core/lib:/home/zr/code/src/install/costmap_queue/lib:/home/zr/code/src/install/gac_nav2_costmap_2d/lib:/home/zr/code/src/install/nav_2d_utils/lib:/home/zr/code/src/install/nav2_map_server/lib:/home/zr/code/src/install/nav2_lifecycle_manager/lib:/home/zr/code/src/install/dwb_msgs/lib:/home/zr/code/src/install/nav_2d_msgs/lib:/home/zr/code/src/install/nav2_util/lib:/home/zr/code/src/install/gac_nav2_voxel_grid/lib:${LD_LIBRARY_PATH} PYTHONPATH=/home/zr/code/src/install/dwb_msgs/local/lib/python3.10/dist-packages:/home/zr/code/src/install/nav_2d_msgs/local/lib/python3.10/dist-packages:${PYTHONPATH} /usr/bin/cmake --build /home/zr/code/src/build/dwb_critics -- -j16 -l16
[133.676s] DEBUG:colcon.colcon_core.event_handler.log_command:Invoked command in '/home/zr/code/src/build/nav2_navfn_planner' returned '0': AMENT_PREFIX_PATH=/home/zr/code/src/install/gac_nav2_core:/home/zr/code/src/install/gac_nav2_costmap_2d:/home/zr/code/src/install/nav2_map_server:/home/zr/code/src/install/nav2_lifecycle_manager:/home/zr/code/src/install/nav2_util:/home/zr/code/src/install/gac_nav2_voxel_grid:${AMENT_PREFIX_PATH} CMAKE_PREFIX_PATH=/home/zr/code/src/install/gac_nav2_core:/home/zr/code/src/install/gac_nav2_costmap_2d:/home/zr/code/src/install/nav2_map_server:/home/zr/code/src/install/nav2_lifecycle_manager:/home/zr/code/src/install/nav2_util:/home/zr/code/src/install/gac_nav2_voxel_grid:/opt/ros/humble LD_LIBRARY_PATH=/home/zr/code/src/install/gac_nav2_costmap_2d/lib:/home/zr/code/src/install/nav2_map_server/lib:/home/zr/code/src/install/nav2_lifecycle_manager/lib:/home/zr/code/src/install/nav2_util/lib:/home/zr/code/src/install/gac_nav2_voxel_grid/lib:${LD_LIBRARY_PATH} /usr/bin/cmake --build /home/zr/code/src/build/nav2_navfn_planner -- -j16 -l16
[133.677s] DEBUG:colcon.colcon_core.event_handler.log_command:Invoking command in '/home/zr/code/src/build/nav2_navfn_planner': AMENT_PREFIX_PATH=/home/zr/code/src/install/gac_nav2_core:/home/zr/code/src/install/gac_nav2_costmap_2d:/home/zr/code/src/install/nav2_map_server:/home/zr/code/src/install/nav2_lifecycle_manager:/home/zr/code/src/install/nav2_util:/home/zr/code/src/install/gac_nav2_voxel_grid:${AMENT_PREFIX_PATH} CMAKE_PREFIX_PATH=/home/zr/code/src/install/gac_nav2_core:/home/zr/code/src/install/gac_nav2_costmap_2d:/home/zr/code/src/install/nav2_map_server:/home/zr/code/src/install/nav2_lifecycle_manager:/home/zr/code/src/install/nav2_util:/home/zr/code/src/install/gac_nav2_voxel_grid:/opt/ros/humble LD_LIBRARY_PATH=/home/zr/code/src/install/gac_nav2_costmap_2d/lib:/home/zr/code/src/install/nav2_map_server/lib:/home/zr/code/src/install/nav2_lifecycle_manager/lib:/home/zr/code/src/install/nav2_util/lib:/home/zr/code/src/install/gac_nav2_voxel_grid/lib:${LD_LIBRARY_PATH} /usr/bin/cmake --install /home/zr/code/src/build/nav2_navfn_planner
[133.780s] DEBUG:colcon.colcon_core.event_handler.log_command:Invoked command in '/home/zr/code/src/build/nav2_fixed_path_route' returned '0': AMENT_PREFIX_PATH=/home/zr/code/src/install/gac_nav2_core:/home/zr/code/src/install/gac_nav2_costmap_2d:/home/zr/code/src/install/nav2_map_server:/home/zr/code/src/install/nav2_lifecycle_manager:/home/zr/code/src/install/nav2_util:/home/zr/code/src/install/gac_nav2_voxel_grid:${AMENT_PREFIX_PATH} CMAKE_PREFIX_PATH=/home/zr/code/src/install/gac_nav2_core:/home/zr/code/src/install/gac_nav2_costmap_2d:/home/zr/code/src/install/nav2_map_server:/home/zr/code/src/install/nav2_lifecycle_manager:/home/zr/code/src/install/nav2_util:/home/zr/code/src/install/gac_nav2_voxel_grid:/opt/ros/humble LD_LIBRARY_PATH=/home/zr/code/src/install/gac_nav2_costmap_2d/lib:/home/zr/code/src/install/nav2_map_server/lib:/home/zr/code/src/install/nav2_lifecycle_manager/lib:/home/zr/code/src/install/nav2_util/lib:/home/zr/code/src/install/gac_nav2_voxel_grid/lib:${LD_LIBRARY_PATH} /usr/bin/cmake --build /home/zr/code/src/build/nav2_fixed_path_route -- -j16 -l16
[133.781s] DEBUG:colcon.colcon_core.event_handler.log_command:Invoking command in '/home/zr/code/src/build/nav2_fixed_path_route': AMENT_PREFIX_PATH=/home/zr/code/src/install/gac_nav2_core:/home/zr/code/src/install/gac_nav2_costmap_2d:/home/zr/code/src/install/nav2_map_server:/home/zr/code/src/install/nav2_lifecycle_manager:/home/zr/code/src/install/nav2_util:/home/zr/code/src/install/gac_nav2_voxel_grid:${AMENT_PREFIX_PATH} CMAKE_PREFIX_PATH=/home/zr/code/src/install/gac_nav2_core:/home/zr/code/src/install/gac_nav2_costmap_2d:/home/zr/code/src/install/nav2_map_server:/home/zr/code/src/install/nav2_lifecycle_manager:/home/zr/code/src/install/nav2_util:/home/zr/code/src/install/gac_nav2_voxel_grid:/opt/ros/humble LD_LIBRARY_PATH=/home/zr/code/src/install/gac_nav2_costmap_2d/lib:/home/zr/code/src/install/nav2_map_server/lib:/home/zr/code/src/install/nav2_lifecycle_manager/lib:/home/zr/code/src/install/nav2_util/lib:/home/zr/code/src/install/gac_nav2_voxel_grid/lib:${LD_LIBRARY_PATH} /usr/bin/cmake --install /home/zr/code/src/build/nav2_fixed_path_route
[134.083s] Level 1:colcon.colcon_core.environment:create_environment_scripts_only(nav2_navfn_planner)
[134.083s] Level 1:colcon.colcon_core.environment:checking '/home/zr/code/src/install/nav2_navfn_planner' for CMake module files
[134.084s] DEBUG:colcon.colcon_core.event_handler.log_command:Invoked command in '/home/zr/code/src/build/nav2_navfn_planner' returned '0': AMENT_PREFIX_PATH=/home/zr/code/src/install/gac_nav2_core:/home/zr/code/src/install/gac_nav2_costmap_2d:/home/zr/code/src/install/nav2_map_server:/home/zr/code/src/install/nav2_lifecycle_manager:/home/zr/code/src/install/nav2_util:/home/zr/code/src/install/gac_nav2_voxel_grid:${AMENT_PREFIX_PATH} CMAKE_PREFIX_PATH=/home/zr/code/src/install/gac_nav2_core:/home/zr/code/src/install/gac_nav2_costmap_2d:/home/zr/code/src/install/nav2_map_server:/home/zr/code/src/install/nav2_lifecycle_manager:/home/zr/code/src/install/nav2_util:/home/zr/code/src/install/gac_nav2_voxel_grid:/opt/ros/humble LD_LIBRARY_PATH=/home/zr/code/src/install/gac_nav2_costmap_2d/lib:/home/zr/code/src/install/nav2_map_server/lib:/home/zr/code/src/install/nav2_lifecycle_manager/lib:/home/zr/code/src/install/nav2_util/lib:/home/zr/code/src/install/gac_nav2_voxel_grid/lib:${LD_LIBRARY_PATH} /usr/bin/cmake --install /home/zr/code/src/build/nav2_navfn_planner
[134.088s] Level 1:colcon.colcon_core.environment:checking '/home/zr/code/src/install/nav2_navfn_planner' for CMake config files
[134.088s] Level 1:colcon.colcon_core.shell:create_environment_hook('nav2_navfn_planner', 'cmake_prefix_path')
[134.089s] INFO:colcon.colcon_core.shell:Creating environment hook '/home/zr/code/src/install/nav2_navfn_planner/share/nav2_navfn_planner/hook/cmake_prefix_path.ps1'
[134.090s] INFO:colcon.colcon_core.shell:Creating environment descriptor '/home/zr/code/src/install/nav2_navfn_planner/share/nav2_navfn_planner/hook/cmake_prefix_path.dsv'
[134.090s] INFO:colcon.colcon_core.shell:Creating environment hook '/home/zr/code/src/install/nav2_navfn_planner/share/nav2_navfn_planner/hook/cmake_prefix_path.sh'
[134.091s] Level 1:colcon.colcon_core.environment:checking '/home/zr/code/src/install/nav2_navfn_planner/lib'
[134.091s] Level 1:colcon.colcon_core.shell:create_environment_hook('nav2_navfn_planner', 'ld_library_path_lib')
[134.091s] INFO:colcon.colcon_core.shell:Creating environment hook '/home/zr/code/src/install/nav2_navfn_planner/share/nav2_navfn_planner/hook/ld_library_path_lib.ps1'
[134.092s] INFO:colcon.colcon_core.shell:Creating environment descriptor '/home/zr/code/src/install/nav2_navfn_planner/share/nav2_navfn_planner/hook/ld_library_path_lib.dsv'
[134.092s] INFO:colcon.colcon_core.shell:Creating environment hook '/home/zr/code/src/install/nav2_navfn_planner/share/nav2_navfn_planner/hook/ld_library_path_lib.sh'
[134.093s] Level 1:colcon.colcon_core.environment:checking '/home/zr/code/src/install/nav2_navfn_planner/bin'
[134.093s] Level 1:colcon.colcon_core.environment:checking '/home/zr/code/src/install/nav2_navfn_planner/lib/pkgconfig/nav2_navfn_planner.pc'
[134.093s] Level 1:colcon.colcon_core.environment:checking '/home/zr/code/src/install/nav2_navfn_planner/lib/python3.10/site-packages'
[134.093s] Level 1:colcon.colcon_core.environment:checking '/home/zr/code/src/install/nav2_navfn_planner/bin'
[134.094s] INFO:colcon.colcon_core.shell:Creating package script '/home/zr/code/src/install/nav2_navfn_planner/share/nav2_navfn_planner/package.ps1'
[134.095s] INFO:colcon.colcon_core.shell:Creating package descriptor '/home/zr/code/src/install/nav2_navfn_planner/share/nav2_navfn_planner/package.dsv'
[134.098s] INFO:colcon.colcon_core.shell:Creating package script '/home/zr/code/src/install/nav2_navfn_planner/share/nav2_navfn_planner/package.sh'
[134.099s] INFO:colcon.colcon_core.shell:Creating package script '/home/zr/code/src/install/nav2_navfn_planner/share/nav2_navfn_planner/package.bash'
[134.100s] INFO:colcon.colcon_core.shell:Creating package script '/home/zr/code/src/install/nav2_navfn_planner/share/nav2_navfn_planner/package.zsh'
[134.101s] Level 1:colcon.colcon_core.environment:create_file_with_runtime_dependencies(/home/zr/code/src/install/nav2_navfn_planner/share/colcon-core/packages/nav2_navfn_planner)
[134.103s] Level 1:colcon.colcon_core.environment:create_environment_scripts_only(nav2_navfn_planner)
[134.104s] Level 1:colcon.colcon_core.environment:checking '/home/zr/code/src/install/nav2_navfn_planner' for CMake module files
[134.105s] Level 1:colcon.colcon_core.environment:checking '/home/zr/code/src/install/nav2_navfn_planner' for CMake config files
[134.107s] Level 1:colcon.colcon_core.shell:create_environment_hook('nav2_navfn_planner', 'cmake_prefix_path')
[134.107s] INFO:colcon.colcon_core.shell:Creating environment hook '/home/zr/code/src/install/nav2_navfn_planner/share/nav2_navfn_planner/hook/cmake_prefix_path.ps1'
[134.108s] INFO:colcon.colcon_core.shell:Creating environment descriptor '/home/zr/code/src/install/nav2_navfn_planner/share/nav2_navfn_planner/hook/cmake_prefix_path.dsv'
[134.110s] INFO:colcon.colcon_core.shell:Creating environment hook '/home/zr/code/src/install/nav2_navfn_planner/share/nav2_navfn_planner/hook/cmake_prefix_path.sh'
[134.112s] Level 1:colcon.colcon_core.environment:checking '/home/zr/code/src/install/nav2_navfn_planner/lib'
[134.113s] Level 1:colcon.colcon_core.shell:create_environment_hook('nav2_navfn_planner', 'ld_library_path_lib')
[134.113s] INFO:colcon.colcon_core.shell:Creating environment hook '/home/zr/code/src/install/nav2_navfn_planner/share/nav2_navfn_planner/hook/ld_library_path_lib.ps1'
[134.115s] INFO:colcon.colcon_core.shell:Creating environment descriptor '/home/zr/code/src/install/nav2_navfn_planner/share/nav2_navfn_planner/hook/ld_library_path_lib.dsv'
[134.116s] INFO:colcon.colcon_core.shell:Creating environment hook '/home/zr/code/src/install/nav2_navfn_planner/share/nav2_navfn_planner/hook/ld_library_path_lib.sh'
[134.117s] Level 1:colcon.colcon_core.environment:checking '/home/zr/code/src/install/nav2_navfn_planner/bin'
[134.117s] Level 1:colcon.colcon_core.environment:checking '/home/zr/code/src/install/nav2_navfn_planner/lib/pkgconfig/nav2_navfn_planner.pc'
[134.117s] Level 1:colcon.colcon_core.environment:checking '/home/zr/code/src/install/nav2_navfn_planner/lib/python3.10/site-packages'
[134.118s] Level 1:colcon.colcon_core.environment:checking '/home/zr/code/src/install/nav2_navfn_planner/bin'
[134.118s] INFO:colcon.colcon_core.shell:Creating package script '/home/zr/code/src/install/nav2_navfn_planner/share/nav2_navfn_planner/package.ps1'
[134.121s] INFO:colcon.colcon_core.shell:Creating package descriptor '/home/zr/code/src/install/nav2_navfn_planner/share/nav2_navfn_planner/package.dsv'
[134.124s] INFO:colcon.colcon_core.shell:Creating package script '/home/zr/code/src/install/nav2_navfn_planner/share/nav2_navfn_planner/package.sh'
[134.125s] INFO:colcon.colcon_core.shell:Creating package script '/home/zr/code/src/install/nav2_navfn_planner/share/nav2_navfn_planner/package.bash'
[134.125s] INFO:colcon.colcon_core.shell:Creating package script '/home/zr/code/src/install/nav2_navfn_planner/share/nav2_navfn_planner/package.zsh'
[134.128s] Level 1:colcon.colcon_core.environment:create_file_with_runtime_dependencies(/home/zr/code/src/install/nav2_navfn_planner/share/colcon-core/packages/nav2_navfn_planner)
[134.129s] INFO:colcon.colcon_ros.task.ament_cmake.build:Building ROS package in '/home/zr/code/src/nav_ws_gazebo/src/gac_navigation2/nav2_dwb_controller/dwb_plugins' with build type 'ament_cmake'
[134.130s] INFO:colcon.colcon_cmake.task.cmake.build:Building CMake package in '/home/zr/code/src/nav_ws_gazebo/src/gac_navigation2/nav2_dwb_controller/dwb_plugins'
[134.130s] INFO:colcon.colcon_core.shell:Skip shell extension 'powershell' for command environment: Not usable outside of PowerShell
[134.130s] DEBUG:colcon.colcon_core.shell:Skip shell extension 'dsv' for command environment
[134.192s] DEBUG:colcon.colcon_core.event_handler.log_command:Invoking command in '/home/zr/code/src/build/dwb_plugins': AMENT_PREFIX_PATH=/home/zr/code/src/install/dwb_core:/home/zr/code/src/install/gac_nav2_core:/home/zr/code/src/install/gac_nav2_costmap_2d:/home/zr/code/src/install/nav_2d_utils:/home/zr/code/src/install/nav2_map_server:/home/zr/code/src/install/nav2_lifecycle_manager:/home/zr/code/src/install/dwb_msgs:/home/zr/code/src/install/nav_2d_msgs:/home/zr/code/src/install/nav2_util:/home/zr/code/src/install/gac_nav2_voxel_grid:${AMENT_PREFIX_PATH} CMAKE_PREFIX_PATH=/home/zr/code/src/install/dwb_core:/home/zr/code/src/install/gac_nav2_core:/home/zr/code/src/install/gac_nav2_costmap_2d:/home/zr/code/src/install/nav_2d_utils:/home/zr/code/src/install/nav2_map_server:/home/zr/code/src/install/nav2_lifecycle_manager:/home/zr/code/src/install/dwb_msgs:/home/zr/code/src/install/nav_2d_msgs:/home/zr/code/src/install/nav2_util:/home/zr/code/src/install/gac_nav2_voxel_grid:/opt/ros/humble LD_LIBRARY_PATH=/home/zr/code/src/install/dwb_core/lib:/home/zr/code/src/install/gac_nav2_costmap_2d/lib:/home/zr/code/src/install/nav_2d_utils/lib:/home/zr/code/src/install/nav2_map_server/lib:/home/zr/code/src/install/nav2_lifecycle_manager/lib:/home/zr/code/src/install/dwb_msgs/lib:/home/zr/code/src/install/nav_2d_msgs/lib:/home/zr/code/src/install/nav2_util/lib:/home/zr/code/src/install/gac_nav2_voxel_grid/lib:${LD_LIBRARY_PATH} PYTHONPATH=/home/zr/code/src/install/dwb_msgs/local/lib/python3.10/dist-packages:/home/zr/code/src/install/nav_2d_msgs/local/lib/python3.10/dist-packages:${PYTHONPATH} /usr/bin/cmake /home/zr/code/src/nav_ws_gazebo/src/gac_navigation2/nav2_dwb_controller/dwb_plugins -DBUILD_TESTING=OFF -DCMAKE_C_COMPILER_LAUNCHER=ccache -DCMAKE_CXX_COMPILER_LAUNCHER=ccache -DAMENT_CMAKE_SYMLINK_INSTALL=1 -DCMAKE_INSTALL_PREFIX=/home/zr/code/src/install/dwb_plugins
[134.222s] Level 1:colcon.colcon_core.environment:create_environment_scripts_only(nav2_fixed_path_route)
[134.222s] Level 1:colcon.colcon_core.environment:checking '/home/zr/code/src/install/nav2_fixed_path_route' for CMake module files
[134.223s] DEBUG:colcon.colcon_core.event_handler.log_command:Invoked command in '/home/zr/code/src/build/nav2_fixed_path_route' returned '0': AMENT_PREFIX_PATH=/home/zr/code/src/install/gac_nav2_core:/home/zr/code/src/install/gac_nav2_costmap_2d:/home/zr/code/src/install/nav2_map_server:/home/zr/code/src/install/nav2_lifecycle_manager:/home/zr/code/src/install/nav2_util:/home/zr/code/src/install/gac_nav2_voxel_grid:${AMENT_PREFIX_PATH} CMAKE_PREFIX_PATH=/home/zr/code/src/install/gac_nav2_core:/home/zr/code/src/install/gac_nav2_costmap_2d:/home/zr/code/src/install/nav2_map_server:/home/zr/code/src/install/nav2_lifecycle_manager:/home/zr/code/src/install/nav2_util:/home/zr/code/src/install/gac_nav2_voxel_grid:/opt/ros/humble LD_LIBRARY_PATH=/home/zr/code/src/install/gac_nav2_costmap_2d/lib:/home/zr/code/src/install/nav2_map_server/lib:/home/zr/code/src/install/nav2_lifecycle_manager/lib:/home/zr/code/src/install/nav2_util/lib:/home/zr/code/src/install/gac_nav2_voxel_grid/lib:${LD_LIBRARY_PATH} /usr/bin/cmake --install /home/zr/code/src/build/nav2_fixed_path_route
[134.224s] Level 1:colcon.colcon_core.environment:checking '/home/zr/code/src/install/nav2_fixed_path_route' for CMake config files
[134.226s] Level 1:colcon.colcon_core.shell:create_environment_hook('nav2_fixed_path_route', 'cmake_prefix_path')
[134.226s] INFO:colcon.colcon_core.shell:Creating environment hook '/home/zr/code/src/install/nav2_fixed_path_route/share/nav2_fixed_path_route/hook/cmake_prefix_path.ps1'
[134.227s] INFO:colcon.colcon_core.shell:Creating environment descriptor '/home/zr/code/src/install/nav2_fixed_path_route/share/nav2_fixed_path_route/hook/cmake_prefix_path.dsv'
[134.228s] INFO:colcon.colcon_core.shell:Creating environment hook '/home/zr/code/src/install/nav2_fixed_path_route/share/nav2_fixed_path_route/hook/cmake_prefix_path.sh'
[134.228s] Level 1:colcon.colcon_core.environment:checking '/home/zr/code/src/install/nav2_fixed_path_route/lib'
[134.229s] Level 1:colcon.colcon_core.shell:create_environment_hook('nav2_fixed_path_route', 'ld_library_path_lib')
[134.229s] INFO:colcon.colcon_core.shell:Creating environment hook '/home/zr/code/src/install/nav2_fixed_path_route/share/nav2_fixed_path_route/hook/ld_library_path_lib.ps1'
[134.230s] INFO:colcon.colcon_core.shell:Creating environment descriptor '/home/zr/code/src/install/nav2_fixed_path_route/share/nav2_fixed_path_route/hook/ld_library_path_lib.dsv'
[134.230s] INFO:colcon.colcon_core.shell:Creating environment hook '/home/zr/code/src/install/nav2_fixed_path_route/share/nav2_fixed_path_route/hook/ld_library_path_lib.sh'
[134.231s] Level 1:colcon.colcon_core.environment:checking '/home/zr/code/src/install/nav2_fixed_path_route/bin'
[134.231s] Level 1:colcon.colcon_core.environment:checking '/home/zr/code/src/install/nav2_fixed_path_route/lib/pkgconfig/nav2_fixed_path_route.pc'
[134.232s] Level 1:colcon.colcon_core.environment:checking '/home/zr/code/src/install/nav2_fixed_path_route/lib/python3.10/site-packages'
[134.232s] Level 1:colcon.colcon_core.environment:checking '/home/zr/code/src/install/nav2_fixed_path_route/bin'
[134.233s] INFO:colcon.colcon_core.shell:Creating package script '/home/zr/code/src/install/nav2_fixed_path_route/share/nav2_fixed_path_route/package.ps1'
[134.234s] INFO:colcon.colcon_core.shell:Creating package descriptor '/home/zr/code/src/install/nav2_fixed_path_route/share/nav2_fixed_path_route/package.dsv'
[134.235s] INFO:colcon.colcon_core.shell:Creating package script '/home/zr/code/src/install/nav2_fixed_path_route/share/nav2_fixed_path_route/package.sh'
[134.236s] INFO:colcon.colcon_core.shell:Creating package script '/home/zr/code/src/install/nav2_fixed_path_route/share/nav2_fixed_path_route/package.bash'
[134.236s] INFO:colcon.colcon_core.shell:Creating package script '/home/zr/code/src/install/nav2_fixed_path_route/share/nav2_fixed_path_route/package.zsh'
[134.237s] Level 1:colcon.colcon_core.environment:create_file_with_runtime_dependencies(/home/zr/code/src/install/nav2_fixed_path_route/share/colcon-core/packages/nav2_fixed_path_route)
[134.238s] Level 1:colcon.colcon_core.environment:create_environment_scripts_only(nav2_fixed_path_route)
[134.238s] Level 1:colcon.colcon_core.environment:checking '/home/zr/code/src/install/nav2_fixed_path_route' for CMake module files
[134.239s] Level 1:colcon.colcon_core.environment:checking '/home/zr/code/src/install/nav2_fixed_path_route' for CMake config files
[134.239s] Level 1:colcon.colcon_core.shell:create_environment_hook('nav2_fixed_path_route', 'cmake_prefix_path')
[134.240s] INFO:colcon.colcon_core.shell:Creating environment hook '/home/zr/code/src/install/nav2_fixed_path_route/share/nav2_fixed_path_route/hook/cmake_prefix_path.ps1'
[134.241s] INFO:colcon.colcon_core.shell:Creating environment descriptor '/home/zr/code/src/install/nav2_fixed_path_route/share/nav2_fixed_path_route/hook/cmake_prefix_path.dsv'
[134.241s] INFO:colcon.colcon_core.shell:Creating environment hook '/home/zr/code/src/install/nav2_fixed_path_route/share/nav2_fixed_path_route/hook/cmake_prefix_path.sh'
[134.242s] Level 1:colcon.colcon_core.environment:checking '/home/zr/code/src/install/nav2_fixed_path_route/lib'
[134.242s] Level 1:colcon.colcon_core.shell:create_environment_hook('nav2_fixed_path_route', 'ld_library_path_lib')
[134.243s] INFO:colcon.colcon_core.shell:Creating environment hook '/home/zr/code/src/install/nav2_fixed_path_route/share/nav2_fixed_path_route/hook/ld_library_path_lib.ps1'
[134.243s] INFO:colcon.colcon_core.shell:Creating environment descriptor '/home/zr/code/src/install/nav2_fixed_path_route/share/nav2_fixed_path_route/hook/ld_library_path_lib.dsv'
[134.244s] INFO:colcon.colcon_core.shell:Creating environment hook '/home/zr/code/src/install/nav2_fixed_path_route/share/nav2_fixed_path_route/hook/ld_library_path_lib.sh'
[134.244s] Level 1:colcon.colcon_core.environment:checking '/home/zr/code/src/install/nav2_fixed_path_route/bin'
[134.244s] Level 1:colcon.colcon_core.environment:checking '/home/zr/code/src/install/nav2_fixed_path_route/lib/pkgconfig/nav2_fixed_path_route.pc'
[134.245s] Level 1:colcon.colcon_core.environment:checking '/home/zr/code/src/install/nav2_fixed_path_route/lib/python3.10/site-packages'
[134.245s] Level 1:colcon.colcon_core.environment:checking '/home/zr/code/src/install/nav2_fixed_path_route/bin'
[134.245s] INFO:colcon.colcon_core.shell:Creating package script '/home/zr/code/src/install/nav2_fixed_path_route/share/nav2_fixed_path_route/package.ps1'
[134.247s] INFO:colcon.colcon_core.shell:Creating package descriptor '/home/zr/code/src/install/nav2_fixed_path_route/share/nav2_fixed_path_route/package.dsv'
[134.248s] INFO:colcon.colcon_core.shell:Creating package script '/home/zr/code/src/install/nav2_fixed_path_route/share/nav2_fixed_path_route/package.sh'
[134.248s] INFO:colcon.colcon_core.shell:Creating package script '/home/zr/code/src/install/nav2_fixed_path_route/share/nav2_fixed_path_route/package.bash'
[134.249s] INFO:colcon.colcon_core.shell:Creating package script '/home/zr/code/src/install/nav2_fixed_path_route/share/nav2_fixed_path_route/package.zsh'
[134.250s] Level 1:colcon.colcon_core.environment:create_file_with_runtime_dependencies(/home/zr/code/src/install/nav2_fixed_path_route/share/colcon-core/packages/nav2_fixed_path_route)
[134.251s] INFO:colcon.colcon_ros.task.ament_cmake.build:Building ROS package in '/home/zr/code/src/nav_ws_gazebo/src/gac_navigation2/nav2_regulated_pure_pursuit_controller' with build type 'ament_cmake'
[134.251s] INFO:colcon.colcon_cmake.task.cmake.build:Building CMake package in '/home/zr/code/src/nav_ws_gazebo/src/gac_navigation2/nav2_regulated_pure_pursuit_controller'
[134.251s] INFO:colcon.colcon_core.shell:Skip shell extension 'powershell' for command environment: Not usable outside of PowerShell
[134.251s] DEBUG:colcon.colcon_core.shell:Skip shell extension 'dsv' for command environment
[134.315s] DEBUG:colcon.colcon_core.event_handler.log_command:Invoking command in '/home/zr/code/src/build/nav2_regulated_pure_pursuit_controller': AMENT_PREFIX_PATH=/home/zr/code/src/install/gac_nav2_controller:/home/zr/code/src/install/gac_nav2_core:/home/zr/code/src/install/gac_nav2_costmap_2d:/home/zr/code/src/install/nav_2d_utils:/home/zr/code/src/install/nav2_map_server:/home/zr/code/src/install/nav2_lifecycle_manager:/home/zr/code/src/install/nav_2d_msgs:/home/zr/code/src/install/nav2_util:/home/zr/code/src/install/gac_nav2_voxel_grid:${AMENT_PREFIX_PATH} CMAKE_PREFIX_PATH=/home/zr/code/src/install/gac_nav2_controller:/home/zr/code/src/install/gac_nav2_core:/home/zr/code/src/install/gac_nav2_costmap_2d:/home/zr/code/src/install/nav_2d_utils:/home/zr/code/src/install/nav2_map_server:/home/zr/code/src/install/nav2_lifecycle_manager:/home/zr/code/src/install/nav_2d_msgs:/home/zr/code/src/install/nav2_util:/home/zr/code/src/install/gac_nav2_voxel_grid:/opt/ros/humble LD_LIBRARY_PATH=/home/zr/code/src/install/gac_nav2_controller/lib:/home/zr/code/src/install/gac_nav2_costmap_2d/lib:/home/zr/code/src/install/nav_2d_utils/lib:/home/zr/code/src/install/nav2_map_server/lib:/home/zr/code/src/install/nav2_lifecycle_manager/lib:/home/zr/code/src/install/nav_2d_msgs/lib:/home/zr/code/src/install/nav2_util/lib:/home/zr/code/src/install/gac_nav2_voxel_grid/lib:${LD_LIBRARY_PATH} PYTHONPATH=/home/zr/code/src/install/nav_2d_msgs/local/lib/python3.10/dist-packages:${PYTHONPATH} /usr/bin/cmake /home/zr/code/src/nav_ws_gazebo/src/gac_navigation2/nav2_regulated_pure_pursuit_controller -DBUILD_TESTING=OFF -DCMAKE_C_COMPILER_LAUNCHER=ccache -DCMAKE_CXX_COMPILER_LAUNCHER=ccache -DAMENT_CMAKE_SYMLINK_INSTALL=1 -DCMAKE_INSTALL_PREFIX=/home/zr/code/src/install/nav2_regulated_pure_pursuit_controller
[137.747s] DEBUG:colcon.colcon_core.event_handler.log_command:Invoked command in '/home/zr/code/src/build/nav2_regulated_pure_pursuit_controller' returned '0': AMENT_PREFIX_PATH=/home/zr/code/src/install/gac_nav2_controller:/home/zr/code/src/install/gac_nav2_core:/home/zr/code/src/install/gac_nav2_costmap_2d:/home/zr/code/src/install/nav_2d_utils:/home/zr/code/src/install/nav2_map_server:/home/zr/code/src/install/nav2_lifecycle_manager:/home/zr/code/src/install/nav_2d_msgs:/home/zr/code/src/install/nav2_util:/home/zr/code/src/install/gac_nav2_voxel_grid:${AMENT_PREFIX_PATH} CMAKE_PREFIX_PATH=/home/zr/code/src/install/gac_nav2_controller:/home/zr/code/src/install/gac_nav2_core:/home/zr/code/src/install/gac_nav2_costmap_2d:/home/zr/code/src/install/nav_2d_utils:/home/zr/code/src/install/nav2_map_server:/home/zr/code/src/install/nav2_lifecycle_manager:/home/zr/code/src/install/nav_2d_msgs:/home/zr/code/src/install/nav2_util:/home/zr/code/src/install/gac_nav2_voxel_grid:/opt/ros/humble LD_LIBRARY_PATH=/home/zr/code/src/install/gac_nav2_controller/lib:/home/zr/code/src/install/gac_nav2_costmap_2d/lib:/home/zr/code/src/install/nav_2d_utils/lib:/home/zr/code/src/install/nav2_map_server/lib:/home/zr/code/src/install/nav2_lifecycle_manager/lib:/home/zr/code/src/install/nav_2d_msgs/lib:/home/zr/code/src/install/nav2_util/lib:/home/zr/code/src/install/gac_nav2_voxel_grid/lib:${LD_LIBRARY_PATH} PYTHONPATH=/home/zr/code/src/install/nav_2d_msgs/local/lib/python3.10/dist-packages:${PYTHONPATH} /usr/bin/cmake /home/zr/code/src/nav_ws_gazebo/src/gac_navigation2/nav2_regulated_pure_pursuit_controller -DBUILD_TESTING=OFF -DCMAKE_C_COMPILER_LAUNCHER=ccache -DCMAKE_CXX_COMPILER_LAUNCHER=ccache -DAMENT_CMAKE_SYMLINK_INSTALL=1 -DCMAKE_INSTALL_PREFIX=/home/zr/code/src/install/nav2_regulated_pure_pursuit_controller
[137.748s] DEBUG:colcon.colcon_core.event_handler.log_command:Invoking command in '/home/zr/code/src/build/nav2_regulated_pure_pursuit_controller': AMENT_PREFIX_PATH=/home/zr/code/src/install/gac_nav2_controller:/home/zr/code/src/install/gac_nav2_core:/home/zr/code/src/install/gac_nav2_costmap_2d:/home/zr/code/src/install/nav_2d_utils:/home/zr/code/src/install/nav2_map_server:/home/zr/code/src/install/nav2_lifecycle_manager:/home/zr/code/src/install/nav_2d_msgs:/home/zr/code/src/install/nav2_util:/home/zr/code/src/install/gac_nav2_voxel_grid:${AMENT_PREFIX_PATH} CMAKE_PREFIX_PATH=/home/zr/code/src/install/gac_nav2_controller:/home/zr/code/src/install/gac_nav2_core:/home/zr/code/src/install/gac_nav2_costmap_2d:/home/zr/code/src/install/nav_2d_utils:/home/zr/code/src/install/nav2_map_server:/home/zr/code/src/install/nav2_lifecycle_manager:/home/zr/code/src/install/nav_2d_msgs:/home/zr/code/src/install/nav2_util:/home/zr/code/src/install/gac_nav2_voxel_grid:/opt/ros/humble LD_LIBRARY_PATH=/home/zr/code/src/install/gac_nav2_controller/lib:/home/zr/code/src/install/gac_nav2_costmap_2d/lib:/home/zr/code/src/install/nav_2d_utils/lib:/home/zr/code/src/install/nav2_map_server/lib:/home/zr/code/src/install/nav2_lifecycle_manager/lib:/home/zr/code/src/install/nav_2d_msgs/lib:/home/zr/code/src/install/nav2_util/lib:/home/zr/code/src/install/gac_nav2_voxel_grid/lib:${LD_LIBRARY_PATH} PYTHONPATH=/home/zr/code/src/install/nav_2d_msgs/local/lib/python3.10/dist-packages:${PYTHONPATH} /usr/bin/cmake --build /home/zr/code/src/build/nav2_regulated_pure_pursuit_controller -- -j16 -l16
[137.829s] DEBUG:colcon.colcon_core.event_handler.log_command:Invoked command in '/home/zr/code/src/build/dwb_plugins' returned '0': AMENT_PREFIX_PATH=/home/zr/code/src/install/dwb_core:/home/zr/code/src/install/gac_nav2_core:/home/zr/code/src/install/gac_nav2_costmap_2d:/home/zr/code/src/install/nav_2d_utils:/home/zr/code/src/install/nav2_map_server:/home/zr/code/src/install/nav2_lifecycle_manager:/home/zr/code/src/install/dwb_msgs:/home/zr/code/src/install/nav_2d_msgs:/home/zr/code/src/install/nav2_util:/home/zr/code/src/install/gac_nav2_voxel_grid:${AMENT_PREFIX_PATH} CMAKE_PREFIX_PATH=/home/zr/code/src/install/dwb_core:/home/zr/code/src/install/gac_nav2_core:/home/zr/code/src/install/gac_nav2_costmap_2d:/home/zr/code/src/install/nav_2d_utils:/home/zr/code/src/install/nav2_map_server:/home/zr/code/src/install/nav2_lifecycle_manager:/home/zr/code/src/install/dwb_msgs:/home/zr/code/src/install/nav_2d_msgs:/home/zr/code/src/install/nav2_util:/home/zr/code/src/install/gac_nav2_voxel_grid:/opt/ros/humble LD_LIBRARY_PATH=/home/zr/code/src/install/dwb_core/lib:/home/zr/code/src/install/gac_nav2_costmap_2d/lib:/home/zr/code/src/install/nav_2d_utils/lib:/home/zr/code/src/install/nav2_map_server/lib:/home/zr/code/src/install/nav2_lifecycle_manager/lib:/home/zr/code/src/install/dwb_msgs/lib:/home/zr/code/src/install/nav_2d_msgs/lib:/home/zr/code/src/install/nav2_util/lib:/home/zr/code/src/install/gac_nav2_voxel_grid/lib:${LD_LIBRARY_PATH} PYTHONPATH=/home/zr/code/src/install/dwb_msgs/local/lib/python3.10/dist-packages:/home/zr/code/src/install/nav_2d_msgs/local/lib/python3.10/dist-packages:${PYTHONPATH} /usr/bin/cmake /home/zr/code/src/nav_ws_gazebo/src/gac_navigation2/nav2_dwb_controller/dwb_plugins -DBUILD_TESTING=OFF -DCMAKE_C_COMPILER_LAUNCHER=ccache -DCMAKE_CXX_COMPILER_LAUNCHER=ccache -DAMENT_CMAKE_SYMLINK_INSTALL=1 -DCMAKE_INSTALL_PREFIX=/home/zr/code/src/install/dwb_plugins
[137.830s] DEBUG:colcon.colcon_core.event_handler.log_command:Invoking command in '/home/zr/code/src/build/dwb_plugins': AMENT_PREFIX_PATH=/home/zr/code/src/install/dwb_core:/home/zr/code/src/install/gac_nav2_core:/home/zr/code/src/install/gac_nav2_costmap_2d:/home/zr/code/src/install/nav_2d_utils:/home/zr/code/src/install/nav2_map_server:/home/zr/code/src/install/nav2_lifecycle_manager:/home/zr/code/src/install/dwb_msgs:/home/zr/code/src/install/nav_2d_msgs:/home/zr/code/src/install/nav2_util:/home/zr/code/src/install/gac_nav2_voxel_grid:${AMENT_PREFIX_PATH} CMAKE_PREFIX_PATH=/home/zr/code/src/install/dwb_core:/home/zr/code/src/install/gac_nav2_core:/home/zr/code/src/install/gac_nav2_costmap_2d:/home/zr/code/src/install/nav_2d_utils:/home/zr/code/src/install/nav2_map_server:/home/zr/code/src/install/nav2_lifecycle_manager:/home/zr/code/src/install/dwb_msgs:/home/zr/code/src/install/nav_2d_msgs:/home/zr/code/src/install/nav2_util:/home/zr/code/src/install/gac_nav2_voxel_grid:/opt/ros/humble LD_LIBRARY_PATH=/home/zr/code/src/install/dwb_core/lib:/home/zr/code/src/install/gac_nav2_costmap_2d/lib:/home/zr/code/src/install/nav_2d_utils/lib:/home/zr/code/src/install/nav2_map_server/lib:/home/zr/code/src/install/nav2_lifecycle_manager/lib:/home/zr/code/src/install/dwb_msgs/lib:/home/zr/code/src/install/nav_2d_msgs/lib:/home/zr/code/src/install/nav2_util/lib:/home/zr/code/src/install/gac_nav2_voxel_grid/lib:${LD_LIBRARY_PATH} PYTHONPATH=/home/zr/code/src/install/dwb_msgs/local/lib/python3.10/dist-packages:/home/zr/code/src/install/nav_2d_msgs/local/lib/python3.10/dist-packages:${PYTHONPATH} /usr/bin/cmake --build /home/zr/code/src/build/dwb_plugins -- -j16 -l16
[139.496s] DEBUG:colcon.colcon_core.event_handler.log_command:Invoked command in '/home/zr/code/src/build/dwb_plugins' returned '0': AMENT_PREFIX_PATH=/home/zr/code/src/install/dwb_core:/home/zr/code/src/install/gac_nav2_core:/home/zr/code/src/install/gac_nav2_costmap_2d:/home/zr/code/src/install/nav_2d_utils:/home/zr/code/src/install/nav2_map_server:/home/zr/code/src/install/nav2_lifecycle_manager:/home/zr/code/src/install/dwb_msgs:/home/zr/code/src/install/nav_2d_msgs:/home/zr/code/src/install/nav2_util:/home/zr/code/src/install/gac_nav2_voxel_grid:${AMENT_PREFIX_PATH} CMAKE_PREFIX_PATH=/home/zr/code/src/install/dwb_core:/home/zr/code/src/install/gac_nav2_core:/home/zr/code/src/install/gac_nav2_costmap_2d:/home/zr/code/src/install/nav_2d_utils:/home/zr/code/src/install/nav2_map_server:/home/zr/code/src/install/nav2_lifecycle_manager:/home/zr/code/src/install/dwb_msgs:/home/zr/code/src/install/nav_2d_msgs:/home/zr/code/src/install/nav2_util:/home/zr/code/src/install/gac_nav2_voxel_grid:/opt/ros/humble LD_LIBRARY_PATH=/home/zr/code/src/install/dwb_core/lib:/home/zr/code/src/install/gac_nav2_costmap_2d/lib:/home/zr/code/src/install/nav_2d_utils/lib:/home/zr/code/src/install/nav2_map_server/lib:/home/zr/code/src/install/nav2_lifecycle_manager/lib:/home/zr/code/src/install/dwb_msgs/lib:/home/zr/code/src/install/nav_2d_msgs/lib:/home/zr/code/src/install/nav2_util/lib:/home/zr/code/src/install/gac_nav2_voxel_grid/lib:${LD_LIBRARY_PATH} PYTHONPATH=/home/zr/code/src/install/dwb_msgs/local/lib/python3.10/dist-packages:/home/zr/code/src/install/nav_2d_msgs/local/lib/python3.10/dist-packages:${PYTHONPATH} /usr/bin/cmake --build /home/zr/code/src/build/dwb_plugins -- -j16 -l16
[139.496s] DEBUG:colcon.colcon_core.event_handler.log_command:Invoking command in '/home/zr/code/src/build/dwb_plugins': AMENT_PREFIX_PATH=/home/zr/code/src/install/dwb_core:/home/zr/code/src/install/gac_nav2_core:/home/zr/code/src/install/gac_nav2_costmap_2d:/home/zr/code/src/install/nav_2d_utils:/home/zr/code/src/install/nav2_map_server:/home/zr/code/src/install/nav2_lifecycle_manager:/home/zr/code/src/install/dwb_msgs:/home/zr/code/src/install/nav_2d_msgs:/home/zr/code/src/install/nav2_util:/home/zr/code/src/install/gac_nav2_voxel_grid:${AMENT_PREFIX_PATH} CMAKE_PREFIX_PATH=/home/zr/code/src/install/dwb_core:/home/zr/code/src/install/gac_nav2_core:/home/zr/code/src/install/gac_nav2_costmap_2d:/home/zr/code/src/install/nav_2d_utils:/home/zr/code/src/install/nav2_map_server:/home/zr/code/src/install/nav2_lifecycle_manager:/home/zr/code/src/install/dwb_msgs:/home/zr/code/src/install/nav_2d_msgs:/home/zr/code/src/install/nav2_util:/home/zr/code/src/install/gac_nav2_voxel_grid:/opt/ros/humble LD_LIBRARY_PATH=/home/zr/code/src/install/dwb_core/lib:/home/zr/code/src/install/gac_nav2_costmap_2d/lib:/home/zr/code/src/install/nav_2d_utils/lib:/home/zr/code/src/install/nav2_map_server/lib:/home/zr/code/src/install/nav2_lifecycle_manager/lib:/home/zr/code/src/install/dwb_msgs/lib:/home/zr/code/src/install/nav_2d_msgs/lib:/home/zr/code/src/install/nav2_util/lib:/home/zr/code/src/install/gac_nav2_voxel_grid/lib:${LD_LIBRARY_PATH} PYTHONPATH=/home/zr/code/src/install/dwb_msgs/local/lib/python3.10/dist-packages:/home/zr/code/src/install/nav_2d_msgs/local/lib/python3.10/dist-packages:${PYTHONPATH} /usr/bin/cmake --install /home/zr/code/src/build/dwb_plugins
[139.593s] DEBUG:colcon.colcon_core.event_handler.log_command:Invoked command in '/home/zr/code/src/build/gac_nav2_waypoint_follower' returned '0': AMENT_PREFIX_PATH=/home/zr/code/src/install/gac_nav2_core:/home/zr/code/src/install/gac_nav2_costmap_2d:/home/zr/code/src/install/nav2_map_server:/home/zr/code/src/install/nav2_lifecycle_manager:/home/zr/code/src/install/nav2_util:/home/zr/code/src/install/gac_nav2_voxel_grid:${AMENT_PREFIX_PATH} CMAKE_PREFIX_PATH=/home/zr/code/src/install/gac_nav2_core:/home/zr/code/src/install/gac_nav2_costmap_2d:/home/zr/code/src/install/nav2_map_server:/home/zr/code/src/install/nav2_lifecycle_manager:/home/zr/code/src/install/nav2_util:/home/zr/code/src/install/gac_nav2_voxel_grid:/opt/ros/humble LD_LIBRARY_PATH=/home/zr/code/src/install/gac_nav2_costmap_2d/lib:/home/zr/code/src/install/nav2_map_server/lib:/home/zr/code/src/install/nav2_lifecycle_manager/lib:/home/zr/code/src/install/nav2_util/lib:/home/zr/code/src/install/gac_nav2_voxel_grid/lib:${LD_LIBRARY_PATH} /usr/bin/cmake --build /home/zr/code/src/build/gac_nav2_waypoint_follower -- -j16 -l16
[139.594s] DEBUG:colcon.colcon_core.event_handler.log_command:Invoking command in '/home/zr/code/src/build/gac_nav2_waypoint_follower': AMENT_PREFIX_PATH=/home/zr/code/src/install/gac_nav2_core:/home/zr/code/src/install/gac_nav2_costmap_2d:/home/zr/code/src/install/nav2_map_server:/home/zr/code/src/install/nav2_lifecycle_manager:/home/zr/code/src/install/nav2_util:/home/zr/code/src/install/gac_nav2_voxel_grid:${AMENT_PREFIX_PATH} CMAKE_PREFIX_PATH=/home/zr/code/src/install/gac_nav2_core:/home/zr/code/src/install/gac_nav2_costmap_2d:/home/zr/code/src/install/nav2_map_server:/home/zr/code/src/install/nav2_lifecycle_manager:/home/zr/code/src/install/nav2_util:/home/zr/code/src/install/gac_nav2_voxel_grid:/opt/ros/humble LD_LIBRARY_PATH=/home/zr/code/src/install/gac_nav2_costmap_2d/lib:/home/zr/code/src/install/nav2_map_server/lib:/home/zr/code/src/install/nav2_lifecycle_manager/lib:/home/zr/code/src/install/nav2_util/lib:/home/zr/code/src/install/gac_nav2_voxel_grid/lib:${LD_LIBRARY_PATH} /usr/bin/cmake --install /home/zr/code/src/build/gac_nav2_waypoint_follower
[140.050s] Level 1:colcon.colcon_core.environment:create_environment_scripts_only(dwb_plugins)
[140.050s] Level 1:colcon.colcon_core.environment:checking '/home/zr/code/src/install/dwb_plugins' for CMake module files
[140.050s] Level 1:colcon.colcon_core.environment:checking '/home/zr/code/src/install/dwb_plugins' for CMake config files
[140.051s] Level 1:colcon.colcon_core.shell:create_environment_hook('dwb_plugins', 'cmake_prefix_path')
[140.051s] INFO:colcon.colcon_core.shell:Creating environment hook '/home/zr/code/src/install/dwb_plugins/share/dwb_plugins/hook/cmake_prefix_path.ps1'
[140.052s] INFO:colcon.colcon_core.shell:Creating environment descriptor '/home/zr/code/src/install/dwb_plugins/share/dwb_plugins/hook/cmake_prefix_path.dsv'
[140.052s] INFO:colcon.colcon_core.shell:Creating environment hook '/home/zr/code/src/install/dwb_plugins/share/dwb_plugins/hook/cmake_prefix_path.sh'
[140.054s] Level 1:colcon.colcon_core.environment:checking '/home/zr/code/src/install/dwb_plugins/lib'
[140.054s] Level 1:colcon.colcon_core.shell:create_environment_hook('dwb_plugins', 'ld_library_path_lib')
[140.055s] INFO:colcon.colcon_core.shell:Creating environment hook '/home/zr/code/src/install/dwb_plugins/share/dwb_plugins/hook/ld_library_path_lib.ps1'
[140.055s] INFO:colcon.colcon_core.shell:Creating environment descriptor '/home/zr/code/src/install/dwb_plugins/share/dwb_plugins/hook/ld_library_path_lib.dsv'
[140.056s] INFO:colcon.colcon_core.shell:Creating environment hook '/home/zr/code/src/install/dwb_plugins/share/dwb_plugins/hook/ld_library_path_lib.sh'
[140.056s] Level 1:colcon.colcon_core.environment:checking '/home/zr/code/src/install/dwb_plugins/bin'
[140.056s] Level 1:colcon.colcon_core.environment:checking '/home/zr/code/src/install/dwb_plugins/lib/pkgconfig/dwb_plugins.pc'
[140.056s] Level 1:colcon.colcon_core.environment:checking '/home/zr/code/src/install/dwb_plugins/lib/python3.10/site-packages'
[140.057s] Level 1:colcon.colcon_core.environment:checking '/home/zr/code/src/install/dwb_plugins/bin'
[140.057s] INFO:colcon.colcon_core.shell:Creating package script '/home/zr/code/src/install/dwb_plugins/share/dwb_plugins/package.ps1'
[140.058s] INFO:colcon.colcon_core.shell:Creating package descriptor '/home/zr/code/src/install/dwb_plugins/share/dwb_plugins/package.dsv'
[140.058s] INFO:colcon.colcon_core.shell:Creating package script '/home/zr/code/src/install/dwb_plugins/share/dwb_plugins/package.sh'
[140.059s] INFO:colcon.colcon_core.shell:Creating package script '/home/zr/code/src/install/dwb_plugins/share/dwb_plugins/package.bash'
[140.059s] INFO:colcon.colcon_core.shell:Creating package script '/home/zr/code/src/install/dwb_plugins/share/dwb_plugins/package.zsh'
[140.060s] Level 1:colcon.colcon_core.environment:create_file_with_runtime_dependencies(/home/zr/code/src/install/dwb_plugins/share/colcon-core/packages/dwb_plugins)
[140.060s] Level 1:colcon.colcon_core.environment:create_environment_scripts_only(dwb_plugins)
[140.062s] Level 1:colcon.colcon_core.environment:checking '/home/zr/code/src/install/dwb_plugins' for CMake module files
[140.063s] Level 1:colcon.colcon_core.environment:checking '/home/zr/code/src/install/dwb_plugins' for CMake config files
[140.063s] Level 1:colcon.colcon_core.shell:create_environment_hook('dwb_plugins', 'cmake_prefix_path')
[140.064s] INFO:colcon.colcon_core.shell:Creating environment hook '/home/zr/code/src/install/dwb_plugins/share/dwb_plugins/hook/cmake_prefix_path.ps1'
[140.064s] INFO:colcon.colcon_core.shell:Creating environment descriptor '/home/zr/code/src/install/dwb_plugins/share/dwb_plugins/hook/cmake_prefix_path.dsv'
[140.065s] INFO:colcon.colcon_core.shell:Creating environment hook '/home/zr/code/src/install/dwb_plugins/share/dwb_plugins/hook/cmake_prefix_path.sh'
[140.065s] Level 1:colcon.colcon_core.environment:checking '/home/zr/code/src/install/dwb_plugins/lib'
[140.065s] Level 1:colcon.colcon_core.shell:create_environment_hook('dwb_plugins', 'ld_library_path_lib')
[140.066s] INFO:colcon.colcon_core.shell:Creating environment hook '/home/zr/code/src/install/dwb_plugins/share/dwb_plugins/hook/ld_library_path_lib.ps1'
[140.066s] DEBUG:colcon.colcon_core.event_handler.log_command:Invoked command in '/home/zr/code/src/build/dwb_plugins' returned '0': AMENT_PREFIX_PATH=/home/zr/code/src/install/dwb_core:/home/zr/code/src/install/gac_nav2_core:/home/zr/code/src/install/gac_nav2_costmap_2d:/home/zr/code/src/install/nav_2d_utils:/home/zr/code/src/install/nav2_map_server:/home/zr/code/src/install/nav2_lifecycle_manager:/home/zr/code/src/install/dwb_msgs:/home/zr/code/src/install/nav_2d_msgs:/home/zr/code/src/install/nav2_util:/home/zr/code/src/install/gac_nav2_voxel_grid:${AMENT_PREFIX_PATH} CMAKE_PREFIX_PATH=/home/zr/code/src/install/dwb_core:/home/zr/code/src/install/gac_nav2_core:/home/zr/code/src/install/gac_nav2_costmap_2d:/home/zr/code/src/install/nav_2d_utils:/home/zr/code/src/install/nav2_map_server:/home/zr/code/src/install/nav2_lifecycle_manager:/home/zr/code/src/install/dwb_msgs:/home/zr/code/src/install/nav_2d_msgs:/home/zr/code/src/install/nav2_util:/home/zr/code/src/install/gac_nav2_voxel_grid:/opt/ros/humble LD_LIBRARY_PATH=/home/zr/code/src/install/dwb_core/lib:/home/zr/code/src/install/gac_nav2_costmap_2d/lib:/home/zr/code/src/install/nav_2d_utils/lib:/home/zr/code/src/install/nav2_map_server/lib:/home/zr/code/src/install/nav2_lifecycle_manager/lib:/home/zr/code/src/install/dwb_msgs/lib:/home/zr/code/src/install/nav_2d_msgs/lib:/home/zr/code/src/install/nav2_util/lib:/home/zr/code/src/install/gac_nav2_voxel_grid/lib:${LD_LIBRARY_PATH} PYTHONPATH=/home/zr/code/src/install/dwb_msgs/local/lib/python3.10/dist-packages:/home/zr/code/src/install/nav_2d_msgs/local/lib/python3.10/dist-packages:${PYTHONPATH} /usr/bin/cmake --install /home/zr/code/src/build/dwb_plugins
[140.067s] INFO:colcon.colcon_core.shell:Creating environment descriptor '/home/zr/code/src/install/dwb_plugins/share/dwb_plugins/hook/ld_library_path_lib.dsv'
[140.067s] INFO:colcon.colcon_core.shell:Creating environment hook '/home/zr/code/src/install/dwb_plugins/share/dwb_plugins/hook/ld_library_path_lib.sh'
[140.068s] Level 1:colcon.colcon_core.environment:checking '/home/zr/code/src/install/dwb_plugins/bin'
[140.068s] Level 1:colcon.colcon_core.environment:checking '/home/zr/code/src/install/dwb_plugins/lib/pkgconfig/dwb_plugins.pc'
[140.068s] Level 1:colcon.colcon_core.environment:checking '/home/zr/code/src/install/dwb_plugins/lib/python3.10/site-packages'
[140.068s] Level 1:colcon.colcon_core.environment:checking '/home/zr/code/src/install/dwb_plugins/bin'
[140.069s] INFO:colcon.colcon_core.shell:Creating package script '/home/zr/code/src/install/dwb_plugins/share/dwb_plugins/package.ps1'
[140.069s] INFO:colcon.colcon_core.shell:Creating package descriptor '/home/zr/code/src/install/dwb_plugins/share/dwb_plugins/package.dsv'
[140.071s] INFO:colcon.colcon_core.shell:Creating package script '/home/zr/code/src/install/dwb_plugins/share/dwb_plugins/package.sh'
[140.072s] INFO:colcon.colcon_core.shell:Creating package script '/home/zr/code/src/install/dwb_plugins/share/dwb_plugins/package.bash'
[140.072s] INFO:colcon.colcon_core.shell:Creating package script '/home/zr/code/src/install/dwb_plugins/share/dwb_plugins/package.zsh'
[140.072s] Level 1:colcon.colcon_core.environment:create_file_with_runtime_dependencies(/home/zr/code/src/install/dwb_plugins/share/colcon-core/packages/dwb_plugins)
[140.183s] Level 1:colcon.colcon_core.environment:create_environment_scripts_only(gac_nav2_waypoint_follower)
[140.184s] Level 1:colcon.colcon_core.environment:checking '/home/zr/code/src/install/gac_nav2_waypoint_follower' for CMake module files
[140.185s] Level 1:colcon.colcon_core.environment:checking '/home/zr/code/src/install/gac_nav2_waypoint_follower' for CMake config files
[140.186s] Level 1:colcon.colcon_core.shell:create_environment_hook('gac_nav2_waypoint_follower', 'cmake_prefix_path')
[140.186s] INFO:colcon.colcon_core.shell:Creating environment hook '/home/zr/code/src/install/gac_nav2_waypoint_follower/share/gac_nav2_waypoint_follower/hook/cmake_prefix_path.ps1'
[140.184s] DEBUG:colcon.colcon_core.event_handler.log_command:Invoked command in '/home/zr/code/src/build/gac_nav2_waypoint_follower' returned '0': AMENT_PREFIX_PATH=/home/zr/code/src/install/gac_nav2_core:/home/zr/code/src/install/gac_nav2_costmap_2d:/home/zr/code/src/install/nav2_map_server:/home/zr/code/src/install/nav2_lifecycle_manager:/home/zr/code/src/install/nav2_util:/home/zr/code/src/install/gac_nav2_voxel_grid:${AMENT_PREFIX_PATH} CMAKE_PREFIX_PATH=/home/zr/code/src/install/gac_nav2_core:/home/zr/code/src/install/gac_nav2_costmap_2d:/home/zr/code/src/install/nav2_map_server:/home/zr/code/src/install/nav2_lifecycle_manager:/home/zr/code/src/install/nav2_util:/home/zr/code/src/install/gac_nav2_voxel_grid:/opt/ros/humble LD_LIBRARY_PATH=/home/zr/code/src/install/gac_nav2_costmap_2d/lib:/home/zr/code/src/install/nav2_map_server/lib:/home/zr/code/src/install/nav2_lifecycle_manager/lib:/home/zr/code/src/install/nav2_util/lib:/home/zr/code/src/install/gac_nav2_voxel_grid/lib:${LD_LIBRARY_PATH} /usr/bin/cmake --install /home/zr/code/src/build/gac_nav2_waypoint_follower
[140.188s] INFO:colcon.colcon_core.shell:Creating environment descriptor '/home/zr/code/src/install/gac_nav2_waypoint_follower/share/gac_nav2_waypoint_follower/hook/cmake_prefix_path.dsv'
[140.188s] INFO:colcon.colcon_core.shell:Creating environment hook '/home/zr/code/src/install/gac_nav2_waypoint_follower/share/gac_nav2_waypoint_follower/hook/cmake_prefix_path.sh'
[140.189s] Level 1:colcon.colcon_core.environment:checking '/home/zr/code/src/install/gac_nav2_waypoint_follower/lib'
[140.190s] Level 1:colcon.colcon_core.shell:create_environment_hook('gac_nav2_waypoint_follower', 'ld_library_path_lib')
[140.190s] INFO:colcon.colcon_core.shell:Creating environment hook '/home/zr/code/src/install/gac_nav2_waypoint_follower/share/gac_nav2_waypoint_follower/hook/ld_library_path_lib.ps1'
[140.191s] INFO:colcon.colcon_core.shell:Creating environment descriptor '/home/zr/code/src/install/gac_nav2_waypoint_follower/share/gac_nav2_waypoint_follower/hook/ld_library_path_lib.dsv'
[140.191s] INFO:colcon.colcon_core.shell:Creating environment hook '/home/zr/code/src/install/gac_nav2_waypoint_follower/share/gac_nav2_waypoint_follower/hook/ld_library_path_lib.sh'
[140.192s] Level 1:colcon.colcon_core.environment:checking '/home/zr/code/src/install/gac_nav2_waypoint_follower/bin'
[140.192s] Level 1:colcon.colcon_core.environment:checking '/home/zr/code/src/install/gac_nav2_waypoint_follower/lib/pkgconfig/gac_nav2_waypoint_follower.pc'
[140.192s] Level 1:colcon.colcon_core.environment:checking '/home/zr/code/src/install/gac_nav2_waypoint_follower/lib/python3.10/site-packages'
[140.192s] Level 1:colcon.colcon_core.environment:checking '/home/zr/code/src/install/gac_nav2_waypoint_follower/bin'
[140.193s] INFO:colcon.colcon_core.shell:Creating package script '/home/zr/code/src/install/gac_nav2_waypoint_follower/share/gac_nav2_waypoint_follower/package.ps1'
[140.194s] INFO:colcon.colcon_core.shell:Creating package descriptor '/home/zr/code/src/install/gac_nav2_waypoint_follower/share/gac_nav2_waypoint_follower/package.dsv'
[140.195s] INFO:colcon.colcon_core.shell:Creating package script '/home/zr/code/src/install/gac_nav2_waypoint_follower/share/gac_nav2_waypoint_follower/package.sh'
[140.195s] INFO:colcon.colcon_core.shell:Creating package script '/home/zr/code/src/install/gac_nav2_waypoint_follower/share/gac_nav2_waypoint_follower/package.bash'
[140.196s] INFO:colcon.colcon_core.shell:Creating package script '/home/zr/code/src/install/gac_nav2_waypoint_follower/share/gac_nav2_waypoint_follower/package.zsh'
[140.196s] Level 1:colcon.colcon_core.environment:create_file_with_runtime_dependencies(/home/zr/code/src/install/gac_nav2_waypoint_follower/share/colcon-core/packages/gac_nav2_waypoint_follower)
[140.198s] Level 1:colcon.colcon_core.environment:create_environment_scripts_only(gac_nav2_waypoint_follower)
[140.198s] Level 1:colcon.colcon_core.environment:checking '/home/zr/code/src/install/gac_nav2_waypoint_follower' for CMake module files
[140.199s] Level 1:colcon.colcon_core.environment:checking '/home/zr/code/src/install/gac_nav2_waypoint_follower' for CMake config files
[140.199s] Level 1:colcon.colcon_core.shell:create_environment_hook('gac_nav2_waypoint_follower', 'cmake_prefix_path')
[140.200s] INFO:colcon.colcon_core.shell:Creating environment hook '/home/zr/code/src/install/gac_nav2_waypoint_follower/share/gac_nav2_waypoint_follower/hook/cmake_prefix_path.ps1'
[140.200s] INFO:colcon.colcon_core.shell:Creating environment descriptor '/home/zr/code/src/install/gac_nav2_waypoint_follower/share/gac_nav2_waypoint_follower/hook/cmake_prefix_path.dsv'
[140.201s] INFO:colcon.colcon_core.shell:Creating environment hook '/home/zr/code/src/install/gac_nav2_waypoint_follower/share/gac_nav2_waypoint_follower/hook/cmake_prefix_path.sh'
[140.202s] Level 1:colcon.colcon_core.environment:checking '/home/zr/code/src/install/gac_nav2_waypoint_follower/lib'
[140.202s] Level 1:colcon.colcon_core.shell:create_environment_hook('gac_nav2_waypoint_follower', 'ld_library_path_lib')
[140.202s] INFO:colcon.colcon_core.shell:Creating environment hook '/home/zr/code/src/install/gac_nav2_waypoint_follower/share/gac_nav2_waypoint_follower/hook/ld_library_path_lib.ps1'
[140.203s] INFO:colcon.colcon_core.shell:Creating environment descriptor '/home/zr/code/src/install/gac_nav2_waypoint_follower/share/gac_nav2_waypoint_follower/hook/ld_library_path_lib.dsv'
[140.203s] INFO:colcon.colcon_core.shell:Creating environment hook '/home/zr/code/src/install/gac_nav2_waypoint_follower/share/gac_nav2_waypoint_follower/hook/ld_library_path_lib.sh'
[140.203s] Level 1:colcon.colcon_core.environment:checking '/home/zr/code/src/install/gac_nav2_waypoint_follower/bin'
[140.204s] Level 1:colcon.colcon_core.environment:checking '/home/zr/code/src/install/gac_nav2_waypoint_follower/lib/pkgconfig/gac_nav2_waypoint_follower.pc'
[140.204s] Level 1:colcon.colcon_core.environment:checking '/home/zr/code/src/install/gac_nav2_waypoint_follower/lib/python3.10/site-packages'
[140.204s] Level 1:colcon.colcon_core.environment:checking '/home/zr/code/src/install/gac_nav2_waypoint_follower/bin'
[140.205s] INFO:colcon.colcon_core.shell:Creating package script '/home/zr/code/src/install/gac_nav2_waypoint_follower/share/gac_nav2_waypoint_follower/package.ps1'
[140.206s] INFO:colcon.colcon_core.shell:Creating package descriptor '/home/zr/code/src/install/gac_nav2_waypoint_follower/share/gac_nav2_waypoint_follower/package.dsv'
[140.207s] INFO:colcon.colcon_core.shell:Creating package script '/home/zr/code/src/install/gac_nav2_waypoint_follower/share/gac_nav2_waypoint_follower/package.sh'
[140.207s] INFO:colcon.colcon_core.shell:Creating package script '/home/zr/code/src/install/gac_nav2_waypoint_follower/share/gac_nav2_waypoint_follower/package.bash'
[140.208s] INFO:colcon.colcon_core.shell:Creating package script '/home/zr/code/src/install/gac_nav2_waypoint_follower/share/gac_nav2_waypoint_follower/package.zsh'
[140.208s] Level 1:colcon.colcon_core.environment:create_file_with_runtime_dependencies(/home/zr/code/src/install/gac_nav2_waypoint_follower/share/colcon-core/packages/gac_nav2_waypoint_follower)
[142.558s] DEBUG:colcon.colcon_core.event_handler.log_command:Invoked command in '/home/zr/code/src/build/dwb_critics' returned '0': AMENT_PREFIX_PATH=/home/zr/code/src/install/dwb_core:/home/zr/code/src/install/gac_nav2_core:/home/zr/code/src/install/costmap_queue:/home/zr/code/src/install/gac_nav2_costmap_2d:/home/zr/code/src/install/nav_2d_utils:/home/zr/code/src/install/nav2_map_server:/home/zr/code/src/install/nav2_lifecycle_manager:/home/zr/code/src/install/dwb_msgs:/home/zr/code/src/install/nav_2d_msgs:/home/zr/code/src/install/nav2_util:/home/zr/code/src/install/gac_nav2_voxel_grid:${AMENT_PREFIX_PATH} CMAKE_PREFIX_PATH=/home/zr/code/src/install/dwb_core:/home/zr/code/src/install/gac_nav2_core:/home/zr/code/src/install/costmap_queue:/home/zr/code/src/install/gac_nav2_costmap_2d:/home/zr/code/src/install/nav_2d_utils:/home/zr/code/src/install/nav2_map_server:/home/zr/code/src/install/nav2_lifecycle_manager:/home/zr/code/src/install/dwb_msgs:/home/zr/code/src/install/nav_2d_msgs:/home/zr/code/src/install/nav2_util:/home/zr/code/src/install/gac_nav2_voxel_grid:/opt/ros/humble LD_LIBRARY_PATH=/home/zr/code/src/install/dwb_core/lib:/home/zr/code/src/install/costmap_queue/lib:/home/zr/code/src/install/gac_nav2_costmap_2d/lib:/home/zr/code/src/install/nav_2d_utils/lib:/home/zr/code/src/install/nav2_map_server/lib:/home/zr/code/src/install/nav2_lifecycle_manager/lib:/home/zr/code/src/install/dwb_msgs/lib:/home/zr/code/src/install/nav_2d_msgs/lib:/home/zr/code/src/install/nav2_util/lib:/home/zr/code/src/install/gac_nav2_voxel_grid/lib:${LD_LIBRARY_PATH} PYTHONPATH=/home/zr/code/src/install/dwb_msgs/local/lib/python3.10/dist-packages:/home/zr/code/src/install/nav_2d_msgs/local/lib/python3.10/dist-packages:${PYTHONPATH} /usr/bin/cmake --build /home/zr/code/src/build/dwb_critics -- -j16 -l16
[142.560s] DEBUG:colcon.colcon_core.event_handler.log_command:Invoking command in '/home/zr/code/src/build/dwb_critics': AMENT_PREFIX_PATH=/home/zr/code/src/install/dwb_core:/home/zr/code/src/install/gac_nav2_core:/home/zr/code/src/install/costmap_queue:/home/zr/code/src/install/gac_nav2_costmap_2d:/home/zr/code/src/install/nav_2d_utils:/home/zr/code/src/install/nav2_map_server:/home/zr/code/src/install/nav2_lifecycle_manager:/home/zr/code/src/install/dwb_msgs:/home/zr/code/src/install/nav_2d_msgs:/home/zr/code/src/install/nav2_util:/home/zr/code/src/install/gac_nav2_voxel_grid:${AMENT_PREFIX_PATH} CMAKE_PREFIX_PATH=/home/zr/code/src/install/dwb_core:/home/zr/code/src/install/gac_nav2_core:/home/zr/code/src/install/costmap_queue:/home/zr/code/src/install/gac_nav2_costmap_2d:/home/zr/code/src/install/nav_2d_utils:/home/zr/code/src/install/nav2_map_server:/home/zr/code/src/install/nav2_lifecycle_manager:/home/zr/code/src/install/dwb_msgs:/home/zr/code/src/install/nav_2d_msgs:/home/zr/code/src/install/nav2_util:/home/zr/code/src/install/gac_nav2_voxel_grid:/opt/ros/humble LD_LIBRARY_PATH=/home/zr/code/src/install/dwb_core/lib:/home/zr/code/src/install/costmap_queue/lib:/home/zr/code/src/install/gac_nav2_costmap_2d/lib:/home/zr/code/src/install/nav_2d_utils/lib:/home/zr/code/src/install/nav2_map_server/lib:/home/zr/code/src/install/nav2_lifecycle_manager/lib:/home/zr/code/src/install/dwb_msgs/lib:/home/zr/code/src/install/nav_2d_msgs/lib:/home/zr/code/src/install/nav2_util/lib:/home/zr/code/src/install/gac_nav2_voxel_grid/lib:${LD_LIBRARY_PATH} PYTHONPATH=/home/zr/code/src/install/dwb_msgs/local/lib/python3.10/dist-packages:/home/zr/code/src/install/nav_2d_msgs/local/lib/python3.10/dist-packages:${PYTHONPATH} /usr/bin/cmake --install /home/zr/code/src/build/dwb_critics
[142.952s] Level 1:colcon.colcon_core.environment:create_environment_scripts_only(dwb_critics)
[142.952s] Level 1:colcon.colcon_core.environment:checking '/home/zr/code/src/install/dwb_critics' for CMake module files
[142.952s] DEBUG:colcon.colcon_core.event_handler.log_command:Invoked command in '/home/zr/code/src/build/dwb_critics' returned '0': AMENT_PREFIX_PATH=/home/zr/code/src/install/dwb_core:/home/zr/code/src/install/gac_nav2_core:/home/zr/code/src/install/costmap_queue:/home/zr/code/src/install/gac_nav2_costmap_2d:/home/zr/code/src/install/nav_2d_utils:/home/zr/code/src/install/nav2_map_server:/home/zr/code/src/install/nav2_lifecycle_manager:/home/zr/code/src/install/dwb_msgs:/home/zr/code/src/install/nav_2d_msgs:/home/zr/code/src/install/nav2_util:/home/zr/code/src/install/gac_nav2_voxel_grid:${AMENT_PREFIX_PATH} CMAKE_PREFIX_PATH=/home/zr/code/src/install/dwb_core:/home/zr/code/src/install/gac_nav2_core:/home/zr/code/src/install/costmap_queue:/home/zr/code/src/install/gac_nav2_costmap_2d:/home/zr/code/src/install/nav_2d_utils:/home/zr/code/src/install/nav2_map_server:/home/zr/code/src/install/nav2_lifecycle_manager:/home/zr/code/src/install/dwb_msgs:/home/zr/code/src/install/nav_2d_msgs:/home/zr/code/src/install/nav2_util:/home/zr/code/src/install/gac_nav2_voxel_grid:/opt/ros/humble LD_LIBRARY_PATH=/home/zr/code/src/install/dwb_core/lib:/home/zr/code/src/install/costmap_queue/lib:/home/zr/code/src/install/gac_nav2_costmap_2d/lib:/home/zr/code/src/install/nav_2d_utils/lib:/home/zr/code/src/install/nav2_map_server/lib:/home/zr/code/src/install/nav2_lifecycle_manager/lib:/home/zr/code/src/install/dwb_msgs/lib:/home/zr/code/src/install/nav_2d_msgs/lib:/home/zr/code/src/install/nav2_util/lib:/home/zr/code/src/install/gac_nav2_voxel_grid/lib:${LD_LIBRARY_PATH} PYTHONPATH=/home/zr/code/src/install/dwb_msgs/local/lib/python3.10/dist-packages:/home/zr/code/src/install/nav_2d_msgs/local/lib/python3.10/dist-packages:${PYTHONPATH} /usr/bin/cmake --install /home/zr/code/src/build/dwb_critics
[142.953s] Level 1:colcon.colcon_core.environment:checking '/home/zr/code/src/install/dwb_critics' for CMake config files
[142.953s] Level 1:colcon.colcon_core.shell:create_environment_hook('dwb_critics', 'cmake_prefix_path')
[142.953s] INFO:colcon.colcon_core.shell:Creating environment hook '/home/zr/code/src/install/dwb_critics/share/dwb_critics/hook/cmake_prefix_path.ps1'
[142.954s] INFO:colcon.colcon_core.shell:Creating environment descriptor '/home/zr/code/src/install/dwb_critics/share/dwb_critics/hook/cmake_prefix_path.dsv'
[142.954s] INFO:colcon.colcon_core.shell:Creating environment hook '/home/zr/code/src/install/dwb_critics/share/dwb_critics/hook/cmake_prefix_path.sh'
[142.954s] Level 1:colcon.colcon_core.environment:checking '/home/zr/code/src/install/dwb_critics/lib'
[142.954s] Level 1:colcon.colcon_core.shell:create_environment_hook('dwb_critics', 'ld_library_path_lib')
[142.955s] INFO:colcon.colcon_core.shell:Creating environment hook '/home/zr/code/src/install/dwb_critics/share/dwb_critics/hook/ld_library_path_lib.ps1'
[142.955s] INFO:colcon.colcon_core.shell:Creating environment descriptor '/home/zr/code/src/install/dwb_critics/share/dwb_critics/hook/ld_library_path_lib.dsv'
[142.955s] INFO:colcon.colcon_core.shell:Creating environment hook '/home/zr/code/src/install/dwb_critics/share/dwb_critics/hook/ld_library_path_lib.sh'
[142.955s] Level 1:colcon.colcon_core.environment:checking '/home/zr/code/src/install/dwb_critics/bin'
[142.955s] Level 1:colcon.colcon_core.environment:checking '/home/zr/code/src/install/dwb_critics/lib/pkgconfig/dwb_critics.pc'
[142.955s] Level 1:colcon.colcon_core.environment:checking '/home/zr/code/src/install/dwb_critics/lib/python3.10/site-packages'
[142.956s] Level 1:colcon.colcon_core.environment:checking '/home/zr/code/src/install/dwb_critics/bin'
[142.956s] INFO:colcon.colcon_core.shell:Creating package script '/home/zr/code/src/install/dwb_critics/share/dwb_critics/package.ps1'
[142.956s] INFO:colcon.colcon_core.shell:Creating package descriptor '/home/zr/code/src/install/dwb_critics/share/dwb_critics/package.dsv'
[142.957s] INFO:colcon.colcon_core.shell:Creating package script '/home/zr/code/src/install/dwb_critics/share/dwb_critics/package.sh'
[142.957s] INFO:colcon.colcon_core.shell:Creating package script '/home/zr/code/src/install/dwb_critics/share/dwb_critics/package.bash'
[142.957s] INFO:colcon.colcon_core.shell:Creating package script '/home/zr/code/src/install/dwb_critics/share/dwb_critics/package.zsh'
[142.957s] Level 1:colcon.colcon_core.environment:create_file_with_runtime_dependencies(/home/zr/code/src/install/dwb_critics/share/colcon-core/packages/dwb_critics)
[142.958s] Level 1:colcon.colcon_core.environment:create_environment_scripts_only(dwb_critics)
[142.958s] Level 1:colcon.colcon_core.environment:checking '/home/zr/code/src/install/dwb_critics' for CMake module files
[142.958s] Level 1:colcon.colcon_core.environment:checking '/home/zr/code/src/install/dwb_critics' for CMake config files
[142.958s] Level 1:colcon.colcon_core.shell:create_environment_hook('dwb_critics', 'cmake_prefix_path')
[142.958s] INFO:colcon.colcon_core.shell:Creating environment hook '/home/zr/code/src/install/dwb_critics/share/dwb_critics/hook/cmake_prefix_path.ps1'
[142.959s] INFO:colcon.colcon_core.shell:Creating environment descriptor '/home/zr/code/src/install/dwb_critics/share/dwb_critics/hook/cmake_prefix_path.dsv'
[142.959s] INFO:colcon.colcon_core.shell:Creating environment hook '/home/zr/code/src/install/dwb_critics/share/dwb_critics/hook/cmake_prefix_path.sh'
[142.959s] Level 1:colcon.colcon_core.environment:checking '/home/zr/code/src/install/dwb_critics/lib'
[142.959s] Level 1:colcon.colcon_core.shell:create_environment_hook('dwb_critics', 'ld_library_path_lib')
[142.960s] INFO:colcon.colcon_core.shell:Creating environment hook '/home/zr/code/src/install/dwb_critics/share/dwb_critics/hook/ld_library_path_lib.ps1'
[142.960s] INFO:colcon.colcon_core.shell:Creating environment descriptor '/home/zr/code/src/install/dwb_critics/share/dwb_critics/hook/ld_library_path_lib.dsv'
[142.960s] INFO:colcon.colcon_core.shell:Creating environment hook '/home/zr/code/src/install/dwb_critics/share/dwb_critics/hook/ld_library_path_lib.sh'
[142.961s] Level 1:colcon.colcon_core.environment:checking '/home/zr/code/src/install/dwb_critics/bin'
[142.961s] Level 1:colcon.colcon_core.environment:checking '/home/zr/code/src/install/dwb_critics/lib/pkgconfig/dwb_critics.pc'
[142.961s] Level 1:colcon.colcon_core.environment:checking '/home/zr/code/src/install/dwb_critics/lib/python3.10/site-packages'
[142.961s] Level 1:colcon.colcon_core.environment:checking '/home/zr/code/src/install/dwb_critics/bin'
[142.962s] INFO:colcon.colcon_core.shell:Creating package script '/home/zr/code/src/install/dwb_critics/share/dwb_critics/package.ps1'
[142.962s] INFO:colcon.colcon_core.shell:Creating package descriptor '/home/zr/code/src/install/dwb_critics/share/dwb_critics/package.dsv'
[142.963s] INFO:colcon.colcon_core.shell:Creating package script '/home/zr/code/src/install/dwb_critics/share/dwb_critics/package.sh'
[142.963s] INFO:colcon.colcon_core.shell:Creating package script '/home/zr/code/src/install/dwb_critics/share/dwb_critics/package.bash'
[142.963s] INFO:colcon.colcon_core.shell:Creating package script '/home/zr/code/src/install/dwb_critics/share/dwb_critics/package.zsh'
[142.963s] Level 1:colcon.colcon_core.environment:create_file_with_runtime_dependencies(/home/zr/code/src/install/dwb_critics/share/colcon-core/packages/dwb_critics)
[147.600s] DEBUG:colcon.colcon_core.event_handler.log_command:Invoked command in '/home/zr/code/src/build/nav2_regulated_pure_pursuit_controller' returned '0': AMENT_PREFIX_PATH=/home/zr/code/src/install/gac_nav2_controller:/home/zr/code/src/install/gac_nav2_core:/home/zr/code/src/install/gac_nav2_costmap_2d:/home/zr/code/src/install/nav_2d_utils:/home/zr/code/src/install/nav2_map_server:/home/zr/code/src/install/nav2_lifecycle_manager:/home/zr/code/src/install/nav_2d_msgs:/home/zr/code/src/install/nav2_util:/home/zr/code/src/install/gac_nav2_voxel_grid:${AMENT_PREFIX_PATH} CMAKE_PREFIX_PATH=/home/zr/code/src/install/gac_nav2_controller:/home/zr/code/src/install/gac_nav2_core:/home/zr/code/src/install/gac_nav2_costmap_2d:/home/zr/code/src/install/nav_2d_utils:/home/zr/code/src/install/nav2_map_server:/home/zr/code/src/install/nav2_lifecycle_manager:/home/zr/code/src/install/nav_2d_msgs:/home/zr/code/src/install/nav2_util:/home/zr/code/src/install/gac_nav2_voxel_grid:/opt/ros/humble LD_LIBRARY_PATH=/home/zr/code/src/install/gac_nav2_controller/lib:/home/zr/code/src/install/gac_nav2_costmap_2d/lib:/home/zr/code/src/install/nav_2d_utils/lib:/home/zr/code/src/install/nav2_map_server/lib:/home/zr/code/src/install/nav2_lifecycle_manager/lib:/home/zr/code/src/install/nav_2d_msgs/lib:/home/zr/code/src/install/nav2_util/lib:/home/zr/code/src/install/gac_nav2_voxel_grid/lib:${LD_LIBRARY_PATH} PYTHONPATH=/home/zr/code/src/install/nav_2d_msgs/local/lib/python3.10/dist-packages:${PYTHONPATH} /usr/bin/cmake --build /home/zr/code/src/build/nav2_regulated_pure_pursuit_controller -- -j16 -l16
[147.602s] DEBUG:colcon.colcon_core.event_handler.log_command:Invoking command in '/home/zr/code/src/build/nav2_regulated_pure_pursuit_controller': AMENT_PREFIX_PATH=/home/zr/code/src/install/gac_nav2_controller:/home/zr/code/src/install/gac_nav2_core:/home/zr/code/src/install/gac_nav2_costmap_2d:/home/zr/code/src/install/nav_2d_utils:/home/zr/code/src/install/nav2_map_server:/home/zr/code/src/install/nav2_lifecycle_manager:/home/zr/code/src/install/nav_2d_msgs:/home/zr/code/src/install/nav2_util:/home/zr/code/src/install/gac_nav2_voxel_grid:${AMENT_PREFIX_PATH} CMAKE_PREFIX_PATH=/home/zr/code/src/install/gac_nav2_controller:/home/zr/code/src/install/gac_nav2_core:/home/zr/code/src/install/gac_nav2_costmap_2d:/home/zr/code/src/install/nav_2d_utils:/home/zr/code/src/install/nav2_map_server:/home/zr/code/src/install/nav2_lifecycle_manager:/home/zr/code/src/install/nav_2d_msgs:/home/zr/code/src/install/nav2_util:/home/zr/code/src/install/gac_nav2_voxel_grid:/opt/ros/humble LD_LIBRARY_PATH=/home/zr/code/src/install/gac_nav2_controller/lib:/home/zr/code/src/install/gac_nav2_costmap_2d/lib:/home/zr/code/src/install/nav_2d_utils/lib:/home/zr/code/src/install/nav2_map_server/lib:/home/zr/code/src/install/nav2_lifecycle_manager/lib:/home/zr/code/src/install/nav_2d_msgs/lib:/home/zr/code/src/install/nav2_util/lib:/home/zr/code/src/install/gac_nav2_voxel_grid/lib:${LD_LIBRARY_PATH} PYTHONPATH=/home/zr/code/src/install/nav_2d_msgs/local/lib/python3.10/dist-packages:${PYTHONPATH} /usr/bin/cmake --install /home/zr/code/src/build/nav2_regulated_pure_pursuit_controller
[147.860s] Level 1:colcon.colcon_core.environment:create_environment_scripts_only(nav2_regulated_pure_pursuit_controller)
[147.860s] Level 1:colcon.colcon_core.environment:checking '/home/zr/code/src/install/nav2_regulated_pure_pursuit_controller' for CMake module files
[147.861s] DEBUG:colcon.colcon_core.event_handler.log_command:Invoked command in '/home/zr/code/src/build/nav2_regulated_pure_pursuit_controller' returned '0': AMENT_PREFIX_PATH=/home/zr/code/src/install/gac_nav2_controller:/home/zr/code/src/install/gac_nav2_core:/home/zr/code/src/install/gac_nav2_costmap_2d:/home/zr/code/src/install/nav_2d_utils:/home/zr/code/src/install/nav2_map_server:/home/zr/code/src/install/nav2_lifecycle_manager:/home/zr/code/src/install/nav_2d_msgs:/home/zr/code/src/install/nav2_util:/home/zr/code/src/install/gac_nav2_voxel_grid:${AMENT_PREFIX_PATH} CMAKE_PREFIX_PATH=/home/zr/code/src/install/gac_nav2_controller:/home/zr/code/src/install/gac_nav2_core:/home/zr/code/src/install/gac_nav2_costmap_2d:/home/zr/code/src/install/nav_2d_utils:/home/zr/code/src/install/nav2_map_server:/home/zr/code/src/install/nav2_lifecycle_manager:/home/zr/code/src/install/nav_2d_msgs:/home/zr/code/src/install/nav2_util:/home/zr/code/src/install/gac_nav2_voxel_grid:/opt/ros/humble LD_LIBRARY_PATH=/home/zr/code/src/install/gac_nav2_controller/lib:/home/zr/code/src/install/gac_nav2_costmap_2d/lib:/home/zr/code/src/install/nav_2d_utils/lib:/home/zr/code/src/install/nav2_map_server/lib:/home/zr/code/src/install/nav2_lifecycle_manager/lib:/home/zr/code/src/install/nav_2d_msgs/lib:/home/zr/code/src/install/nav2_util/lib:/home/zr/code/src/install/gac_nav2_voxel_grid/lib:${LD_LIBRARY_PATH} PYTHONPATH=/home/zr/code/src/install/nav_2d_msgs/local/lib/python3.10/dist-packages:${PYTHONPATH} /usr/bin/cmake --install /home/zr/code/src/build/nav2_regulated_pure_pursuit_controller
[147.861s] Level 1:colcon.colcon_core.environment:checking '/home/zr/code/src/install/nav2_regulated_pure_pursuit_controller' for CMake config files
[147.861s] Level 1:colcon.colcon_core.shell:create_environment_hook('nav2_regulated_pure_pursuit_controller', 'cmake_prefix_path')
[147.861s] INFO:colcon.colcon_core.shell:Creating environment hook '/home/zr/code/src/install/nav2_regulated_pure_pursuit_controller/share/nav2_regulated_pure_pursuit_controller/hook/cmake_prefix_path.ps1'
[147.861s] INFO:colcon.colcon_core.shell:Creating environment descriptor '/home/zr/code/src/install/nav2_regulated_pure_pursuit_controller/share/nav2_regulated_pure_pursuit_controller/hook/cmake_prefix_path.dsv'
[147.862s] INFO:colcon.colcon_core.shell:Creating environment hook '/home/zr/code/src/install/nav2_regulated_pure_pursuit_controller/share/nav2_regulated_pure_pursuit_controller/hook/cmake_prefix_path.sh'
[147.862s] Level 1:colcon.colcon_core.environment:checking '/home/zr/code/src/install/nav2_regulated_pure_pursuit_controller/lib'
[147.862s] Level 1:colcon.colcon_core.shell:create_environment_hook('nav2_regulated_pure_pursuit_controller', 'ld_library_path_lib')
[147.862s] INFO:colcon.colcon_core.shell:Creating environment hook '/home/zr/code/src/install/nav2_regulated_pure_pursuit_controller/share/nav2_regulated_pure_pursuit_controller/hook/ld_library_path_lib.ps1'
[147.863s] INFO:colcon.colcon_core.shell:Creating environment descriptor '/home/zr/code/src/install/nav2_regulated_pure_pursuit_controller/share/nav2_regulated_pure_pursuit_controller/hook/ld_library_path_lib.dsv'
[147.863s] INFO:colcon.colcon_core.shell:Creating environment hook '/home/zr/code/src/install/nav2_regulated_pure_pursuit_controller/share/nav2_regulated_pure_pursuit_controller/hook/ld_library_path_lib.sh'
[147.863s] Level 1:colcon.colcon_core.environment:checking '/home/zr/code/src/install/nav2_regulated_pure_pursuit_controller/bin'
[147.863s] Level 1:colcon.colcon_core.environment:checking '/home/zr/code/src/install/nav2_regulated_pure_pursuit_controller/lib/pkgconfig/nav2_regulated_pure_pursuit_controller.pc'
[147.863s] Level 1:colcon.colcon_core.environment:checking '/home/zr/code/src/install/nav2_regulated_pure_pursuit_controller/lib/python3.10/site-packages'
[147.863s] Level 1:colcon.colcon_core.environment:checking '/home/zr/code/src/install/nav2_regulated_pure_pursuit_controller/bin'
[147.864s] INFO:colcon.colcon_core.shell:Creating package script '/home/zr/code/src/install/nav2_regulated_pure_pursuit_controller/share/nav2_regulated_pure_pursuit_controller/package.ps1'
[147.864s] INFO:colcon.colcon_core.shell:Creating package descriptor '/home/zr/code/src/install/nav2_regulated_pure_pursuit_controller/share/nav2_regulated_pure_pursuit_controller/package.dsv'
[147.864s] INFO:colcon.colcon_core.shell:Creating package script '/home/zr/code/src/install/nav2_regulated_pure_pursuit_controller/share/nav2_regulated_pure_pursuit_controller/package.sh'
[147.865s] INFO:colcon.colcon_core.shell:Creating package script '/home/zr/code/src/install/nav2_regulated_pure_pursuit_controller/share/nav2_regulated_pure_pursuit_controller/package.bash'
[147.865s] INFO:colcon.colcon_core.shell:Creating package script '/home/zr/code/src/install/nav2_regulated_pure_pursuit_controller/share/nav2_regulated_pure_pursuit_controller/package.zsh'
[147.865s] Level 1:colcon.colcon_core.environment:create_file_with_runtime_dependencies(/home/zr/code/src/install/nav2_regulated_pure_pursuit_controller/share/colcon-core/packages/nav2_regulated_pure_pursuit_controller)
[147.866s] Level 1:colcon.colcon_core.environment:create_environment_scripts_only(nav2_regulated_pure_pursuit_controller)
[147.866s] Level 1:colcon.colcon_core.environment:checking '/home/zr/code/src/install/nav2_regulated_pure_pursuit_controller' for CMake module files
[147.866s] Level 1:colcon.colcon_core.environment:checking '/home/zr/code/src/install/nav2_regulated_pure_pursuit_controller' for CMake config files
[147.866s] Level 1:colcon.colcon_core.shell:create_environment_hook('nav2_regulated_pure_pursuit_controller', 'cmake_prefix_path')
[147.866s] INFO:colcon.colcon_core.shell:Creating environment hook '/home/zr/code/src/install/nav2_regulated_pure_pursuit_controller/share/nav2_regulated_pure_pursuit_controller/hook/cmake_prefix_path.ps1'
[147.867s] INFO:colcon.colcon_core.shell:Creating environment descriptor '/home/zr/code/src/install/nav2_regulated_pure_pursuit_controller/share/nav2_regulated_pure_pursuit_controller/hook/cmake_prefix_path.dsv'
[147.867s] INFO:colcon.colcon_core.shell:Creating environment hook '/home/zr/code/src/install/nav2_regulated_pure_pursuit_controller/share/nav2_regulated_pure_pursuit_controller/hook/cmake_prefix_path.sh'
[147.867s] Level 1:colcon.colcon_core.environment:checking '/home/zr/code/src/install/nav2_regulated_pure_pursuit_controller/lib'
[147.867s] Level 1:colcon.colcon_core.shell:create_environment_hook('nav2_regulated_pure_pursuit_controller', 'ld_library_path_lib')
[147.867s] INFO:colcon.colcon_core.shell:Creating environment hook '/home/zr/code/src/install/nav2_regulated_pure_pursuit_controller/share/nav2_regulated_pure_pursuit_controller/hook/ld_library_path_lib.ps1'
[147.868s] INFO:colcon.colcon_core.shell:Creating environment descriptor '/home/zr/code/src/install/nav2_regulated_pure_pursuit_controller/share/nav2_regulated_pure_pursuit_controller/hook/ld_library_path_lib.dsv'
[147.868s] INFO:colcon.colcon_core.shell:Creating environment hook '/home/zr/code/src/install/nav2_regulated_pure_pursuit_controller/share/nav2_regulated_pure_pursuit_controller/hook/ld_library_path_lib.sh'
[147.868s] Level 1:colcon.colcon_core.environment:checking '/home/zr/code/src/install/nav2_regulated_pure_pursuit_controller/bin'
[147.868s] Level 1:colcon.colcon_core.environment:checking '/home/zr/code/src/install/nav2_regulated_pure_pursuit_controller/lib/pkgconfig/nav2_regulated_pure_pursuit_controller.pc'
[147.868s] Level 1:colcon.colcon_core.environment:checking '/home/zr/code/src/install/nav2_regulated_pure_pursuit_controller/lib/python3.10/site-packages'
[147.868s] Level 1:colcon.colcon_core.environment:checking '/home/zr/code/src/install/nav2_regulated_pure_pursuit_controller/bin'
[147.869s] INFO:colcon.colcon_core.shell:Creating package script '/home/zr/code/src/install/nav2_regulated_pure_pursuit_controller/share/nav2_regulated_pure_pursuit_controller/package.ps1'
[147.869s] INFO:colcon.colcon_core.shell:Creating package descriptor '/home/zr/code/src/install/nav2_regulated_pure_pursuit_controller/share/nav2_regulated_pure_pursuit_controller/package.dsv'
[147.869s] INFO:colcon.colcon_core.shell:Creating package script '/home/zr/code/src/install/nav2_regulated_pure_pursuit_controller/share/nav2_regulated_pure_pursuit_controller/package.sh'
[147.870s] INFO:colcon.colcon_core.shell:Creating package script '/home/zr/code/src/install/nav2_regulated_pure_pursuit_controller/share/nav2_regulated_pure_pursuit_controller/package.bash'
[147.870s] INFO:colcon.colcon_core.shell:Creating package script '/home/zr/code/src/install/nav2_regulated_pure_pursuit_controller/share/nav2_regulated_pure_pursuit_controller/package.zsh'
[147.870s] Level 1:colcon.colcon_core.environment:create_file_with_runtime_dependencies(/home/zr/code/src/install/nav2_regulated_pure_pursuit_controller/share/colcon-core/packages/nav2_regulated_pure_pursuit_controller)
[147.870s] DEBUG:colcon.colcon_parallel_executor.executor.parallel:closing loop
[147.871s] DEBUG:colcon.colcon_parallel_executor.executor.parallel:loop closed
[147.871s] DEBUG:colcon.colcon_parallel_executor.executor.parallel:run_until_complete finished with '0'
[147.871s] DEBUG:colcon.colcon_core.event_reactor:joining thread
[147.909s] INFO:colcon.colcon_core.plugin_system:Skipping extension 'colcon_notification.desktop_notification.terminal_notifier': Not used on non-Darwin systems
[147.909s] INFO:colcon.colcon_core.plugin_system:Skipping extension 'colcon_notification.desktop_notification.win32': Not used on non-Windows systems
[147.909s] INFO:colcon.colcon_notification.desktop_notification:Sending desktop notification using 'notify2'
[147.929s] DEBUG:colcon.colcon_core.event_reactor:joined thread
[147.929s] INFO:colcon.colcon_core.shell:Creating prefix script '/home/zr/code/src/install/local_setup.ps1'
[147.931s] INFO:colcon.colcon_core.shell:Creating prefix util module '/home/zr/code/src/install/_local_setup_util_ps1.py'
[147.932s] INFO:colcon.colcon_core.shell:Creating prefix chain script '/home/zr/code/src/install/setup.ps1'
[147.933s] INFO:colcon.colcon_core.shell:Creating prefix script '/home/zr/code/src/install/local_setup.sh'
[147.933s] INFO:colcon.colcon_core.shell:Creating prefix util module '/home/zr/code/src/install/_local_setup_util_sh.py'
[147.934s] INFO:colcon.colcon_core.shell:Creating prefix chain script '/home/zr/code/src/install/setup.sh'
[147.934s] INFO:colcon.colcon_core.shell:Creating prefix script '/home/zr/code/src/install/local_setup.bash'
[147.935s] INFO:colcon.colcon_core.shell:Creating prefix chain script '/home/zr/code/src/install/setup.bash'
[147.935s] INFO:colcon.colcon_core.shell:Creating prefix script '/home/zr/code/src/install/local_setup.zsh'
[147.936s] INFO:colcon.colcon_core.shell:Creating prefix chain script '/home/zr/code/src/install/setup.zsh'
