[0.095s] DEBUG:colcon:Command line arguments: ['/usr/bin/colcon', 'build', '--packages-select', 'gac_robot_task', '--symlink-install']
[0.095s] DEBUG:colcon:Parsed command line arguments: Namespace(log_base=None, log_level=None, verb_name='build', build_base='build', install_base='install', merge_install=False, symlink_install=True, test_result_base=None, continue_on_error=False, executor='parallel', parallel_workers=16, event_handlers=None, ignore_user_meta=False, metas=['./colcon.meta'], base_paths=['.'], packages_ignore=None, packages_ignore_regex=None, paths=None, packages_up_to=None, packages_up_to_regex=None, packages_above=None, packages_above_and_dependencies=None, packages_above_depth=None, packages_select_by_dep=None, packages_skip_by_dep=None, packages_skip_up_to=None, packages_select_build_failed=False, packages_skip_build_finished=False, packages_select_test_failures=False, packages_skip_test_passed=False, packages_select=['gac_robot_task'], packages_skip=None, packages_select_regex=None, packages_skip_regex=None, packages_start=None, packages_end=None, allow_overriding=[], cmake_args=None, cmake_target=None, cmake_target_skip_unavailable=False, cmake_clean_cache=False, cmake_clean_first=False, cmake_force_configure=False, ament_cmake_args=None, catkin_cmake_args=None, catkin_skip_building_tests=False, verb_parser=<colcon_defaults.argument_parser.defaults.DefaultArgumentsDecorator object at 0x72bd32ca1090>, verb_extension=<colcon_core.verb.build.BuildVerb object at 0x72bd32ca0af0>, main=<bound method BuildVerb.main of <colcon_core.verb.build.BuildVerb object at 0x72bd32ca0af0>>)
[0.283s] Level 1:colcon.colcon_core.package_discovery:discover_packages(colcon_meta) check parameters
[0.283s] Level 1:colcon.colcon_core.package_discovery:discover_packages(recursive) check parameters
[0.283s] Level 1:colcon.colcon_core.package_discovery:discover_packages(ignore) check parameters
[0.283s] Level 1:colcon.colcon_core.package_discovery:discover_packages(path) check parameters
[0.283s] Level 1:colcon.colcon_core.package_discovery:discover_packages(colcon_meta) discover
[0.284s] Level 1:colcon.colcon_core.package_discovery:discover_packages(recursive) discover
[0.284s] INFO:colcon.colcon_core.package_discovery:Crawling recursively for packages in '/home/zr/code/src'
[0.284s] Level 1:colcon.colcon_core.package_identification:_identify(.) by extensions ['ignore', 'ignore_ament_install']
[0.284s] Level 1:colcon.colcon_core.package_identification:_identify(.) by extension 'ignore'
[0.284s] Level 1:colcon.colcon_core.package_identification:_identify(.) by extension 'ignore_ament_install'
[0.284s] Level 1:colcon.colcon_core.package_identification:_identify(.) by extensions ['colcon_pkg']
[0.284s] Level 1:colcon.colcon_core.package_identification:_identify(.) by extension 'colcon_pkg'
[0.284s] Level 1:colcon.colcon_core.package_identification:_identify(.) by extensions ['colcon_meta']
[0.284s] Level 1:colcon.colcon_core.package_identification:_identify(.) by extension 'colcon_meta'
[0.284s] Level 1:colcon.colcon_core.package_identification:_identify(.) by extensions ['ros']
[0.284s] Level 1:colcon.colcon_core.package_identification:_identify(.) by extension 'ros'
[0.307s] Level 1:colcon.colcon_core.package_identification:_identify(.) by extensions ['cmake', 'python']
[0.307s] Level 1:colcon.colcon_core.package_identification:_identify(.) by extension 'cmake'
[0.307s] Level 1:colcon.colcon_core.package_identification:_identify(.) by extension 'python'
[0.308s] Level 1:colcon.colcon_core.package_identification:_identify(.) by extensions ['python_setup_py']
[0.308s] Level 1:colcon.colcon_core.package_identification:_identify(.) by extension 'python_setup_py'
[0.308s] Level 1:colcon.colcon_core.package_identification:_identify(build) by extensions ['ignore', 'ignore_ament_install']
[0.308s] Level 1:colcon.colcon_core.package_identification:_identify(build) by extension 'ignore'
[0.308s] Level 1:colcon.colcon_core.package_identification:_identify(build) ignored
[0.308s] Level 1:colcon.colcon_core.package_identification:_identify(install) by extensions ['ignore', 'ignore_ament_install']
[0.308s] Level 1:colcon.colcon_core.package_identification:_identify(install) by extension 'ignore'
[0.308s] Level 1:colcon.colcon_core.package_identification:_identify(install) ignored
[0.308s] Level 1:colcon.colcon_core.package_identification:_identify(log) by extensions ['ignore', 'ignore_ament_install']
[0.308s] Level 1:colcon.colcon_core.package_identification:_identify(log) by extension 'ignore'
[0.308s] Level 1:colcon.colcon_core.package_identification:_identify(log) ignored
[0.308s] Level 1:colcon.colcon_core.package_identification:_identify(nav_ws_gazebo) by extensions ['ignore', 'ignore_ament_install']
[0.309s] Level 1:colcon.colcon_core.package_identification:_identify(nav_ws_gazebo) by extension 'ignore'
[0.309s] Level 1:colcon.colcon_core.package_identification:_identify(nav_ws_gazebo) by extension 'ignore_ament_install'
[0.309s] Level 1:colcon.colcon_core.package_identification:_identify(nav_ws_gazebo) by extensions ['colcon_pkg']
[0.309s] Level 1:colcon.colcon_core.package_identification:_identify(nav_ws_gazebo) by extension 'colcon_pkg'
[0.309s] Level 1:colcon.colcon_core.package_identification:_identify(nav_ws_gazebo) by extensions ['colcon_meta']
[0.309s] Level 1:colcon.colcon_core.package_identification:_identify(nav_ws_gazebo) by extension 'colcon_meta'
[0.309s] Level 1:colcon.colcon_core.package_identification:_identify(nav_ws_gazebo) by extensions ['ros']
[0.309s] Level 1:colcon.colcon_core.package_identification:_identify(nav_ws_gazebo) by extension 'ros'
[0.309s] Level 1:colcon.colcon_core.package_identification:_identify(nav_ws_gazebo) by extensions ['cmake', 'python']
[0.309s] Level 1:colcon.colcon_core.package_identification:_identify(nav_ws_gazebo) by extension 'cmake'
[0.309s] Level 1:colcon.colcon_core.package_identification:_identify(nav_ws_gazebo) by extension 'python'
[0.309s] Level 1:colcon.colcon_core.package_identification:_identify(nav_ws_gazebo) by extensions ['python_setup_py']
[0.309s] Level 1:colcon.colcon_core.package_identification:_identify(nav_ws_gazebo) by extension 'python_setup_py'
[0.309s] Level 1:colcon.colcon_core.package_identification:_identify(nav_ws_gazebo/log) by extensions ['ignore', 'ignore_ament_install']
[0.309s] Level 1:colcon.colcon_core.package_identification:_identify(nav_ws_gazebo/log) by extension 'ignore'
[0.309s] Level 1:colcon.colcon_core.package_identification:_identify(nav_ws_gazebo/log) ignored
[0.309s] Level 1:colcon.colcon_core.package_identification:_identify(nav_ws_gazebo/src) by extensions ['ignore', 'ignore_ament_install']
[0.309s] Level 1:colcon.colcon_core.package_identification:_identify(nav_ws_gazebo/src) by extension 'ignore'
[0.309s] Level 1:colcon.colcon_core.package_identification:_identify(nav_ws_gazebo/src) by extension 'ignore_ament_install'
[0.309s] Level 1:colcon.colcon_core.package_identification:_identify(nav_ws_gazebo/src) by extensions ['colcon_pkg']
[0.310s] Level 1:colcon.colcon_core.package_identification:_identify(nav_ws_gazebo/src) by extension 'colcon_pkg'
[0.310s] Level 1:colcon.colcon_core.package_identification:_identify(nav_ws_gazebo/src) by extensions ['colcon_meta']
[0.310s] Level 1:colcon.colcon_core.package_identification:_identify(nav_ws_gazebo/src) by extension 'colcon_meta'
[0.310s] Level 1:colcon.colcon_core.package_identification:_identify(nav_ws_gazebo/src) by extensions ['ros']
[0.310s] Level 1:colcon.colcon_core.package_identification:_identify(nav_ws_gazebo/src) by extension 'ros'
[0.310s] Level 1:colcon.colcon_core.package_identification:_identify(nav_ws_gazebo/src) by extensions ['cmake', 'python']
[0.310s] Level 1:colcon.colcon_core.package_identification:_identify(nav_ws_gazebo/src) by extension 'cmake'
[0.310s] Level 1:colcon.colcon_core.package_identification:_identify(nav_ws_gazebo/src) by extension 'python'
[0.310s] Level 1:colcon.colcon_core.package_identification:_identify(nav_ws_gazebo/src) by extensions ['python_setup_py']
[0.310s] Level 1:colcon.colcon_core.package_identification:_identify(nav_ws_gazebo/src) by extension 'python_setup_py'
[0.310s] Level 1:colcon.colcon_core.package_identification:_identify(nav_ws_gazebo/src/gac_nav2_keepout_pkg) by extensions ['ignore', 'ignore_ament_install']
[0.310s] Level 1:colcon.colcon_core.package_identification:_identify(nav_ws_gazebo/src/gac_nav2_keepout_pkg) by extension 'ignore'
[0.310s] Level 1:colcon.colcon_core.package_identification:_identify(nav_ws_gazebo/src/gac_nav2_keepout_pkg) by extension 'ignore_ament_install'
[0.310s] Level 1:colcon.colcon_core.package_identification:_identify(nav_ws_gazebo/src/gac_nav2_keepout_pkg) by extensions ['colcon_pkg']
[0.310s] Level 1:colcon.colcon_core.package_identification:_identify(nav_ws_gazebo/src/gac_nav2_keepout_pkg) by extension 'colcon_pkg'
[0.310s] Level 1:colcon.colcon_core.package_identification:_identify(nav_ws_gazebo/src/gac_nav2_keepout_pkg) by extensions ['colcon_meta']
[0.310s] Level 1:colcon.colcon_core.package_identification:_identify(nav_ws_gazebo/src/gac_nav2_keepout_pkg) by extension 'colcon_meta'
[0.310s] Level 1:colcon.colcon_core.package_identification:_identify(nav_ws_gazebo/src/gac_nav2_keepout_pkg) by extensions ['ros']
[0.310s] Level 1:colcon.colcon_core.package_identification:_identify(nav_ws_gazebo/src/gac_nav2_keepout_pkg) by extension 'ros'
[0.313s] DEBUG:colcon.colcon_core.package_identification:Package 'nav_ws_gazebo/src/gac_nav2_keepout_pkg' with type 'ros.ament_cmake' and name 'nav2_keepout_pkg'
[0.313s] Level 1:colcon.colcon_core.package_identification:_identify(nav_ws_gazebo/src/gac_navigation2) by extensions ['ignore', 'ignore_ament_install']
[0.313s] Level 1:colcon.colcon_core.package_identification:_identify(nav_ws_gazebo/src/gac_navigation2) by extension 'ignore'
[0.313s] Level 1:colcon.colcon_core.package_identification:_identify(nav_ws_gazebo/src/gac_navigation2) by extension 'ignore_ament_install'
[0.313s] Level 1:colcon.colcon_core.package_identification:_identify(nav_ws_gazebo/src/gac_navigation2) by extensions ['colcon_pkg']
[0.313s] Level 1:colcon.colcon_core.package_identification:_identify(nav_ws_gazebo/src/gac_navigation2) by extension 'colcon_pkg'
[0.313s] Level 1:colcon.colcon_core.package_identification:_identify(nav_ws_gazebo/src/gac_navigation2) by extensions ['colcon_meta']
[0.313s] Level 1:colcon.colcon_core.package_identification:_identify(nav_ws_gazebo/src/gac_navigation2) by extension 'colcon_meta'
[0.313s] Level 1:colcon.colcon_core.package_identification:_identify(nav_ws_gazebo/src/gac_navigation2) by extensions ['ros']
[0.313s] Level 1:colcon.colcon_core.package_identification:_identify(nav_ws_gazebo/src/gac_navigation2) by extension 'ros'
[0.314s] Level 1:colcon.colcon_core.package_identification:_identify(nav_ws_gazebo/src/gac_navigation2) by extensions ['cmake', 'python']
[0.314s] Level 1:colcon.colcon_core.package_identification:_identify(nav_ws_gazebo/src/gac_navigation2) by extension 'cmake'
[0.314s] Level 1:colcon.colcon_core.package_identification:_identify(nav_ws_gazebo/src/gac_navigation2) by extension 'python'
[0.314s] Level 1:colcon.colcon_core.package_identification:_identify(nav_ws_gazebo/src/gac_navigation2) by extensions ['python_setup_py']
[0.314s] Level 1:colcon.colcon_core.package_identification:_identify(nav_ws_gazebo/src/gac_navigation2) by extension 'python_setup_py'
[0.314s] Level 1:colcon.colcon_core.package_identification:_identify(nav_ws_gazebo/src/gac_navigation2/gac_nav2_behavior_tree) by extensions ['ignore', 'ignore_ament_install']
[0.314s] Level 1:colcon.colcon_core.package_identification:_identify(nav_ws_gazebo/src/gac_navigation2/gac_nav2_behavior_tree) by extension 'ignore'
[0.314s] Level 1:colcon.colcon_core.package_identification:_identify(nav_ws_gazebo/src/gac_navigation2/gac_nav2_behavior_tree) by extension 'ignore_ament_install'
[0.314s] Level 1:colcon.colcon_core.package_identification:_identify(nav_ws_gazebo/src/gac_navigation2/gac_nav2_behavior_tree) by extensions ['colcon_pkg']
[0.314s] Level 1:colcon.colcon_core.package_identification:_identify(nav_ws_gazebo/src/gac_navigation2/gac_nav2_behavior_tree) by extension 'colcon_pkg'
[0.314s] Level 1:colcon.colcon_core.package_identification:_identify(nav_ws_gazebo/src/gac_navigation2/gac_nav2_behavior_tree) by extensions ['colcon_meta']
[0.314s] Level 1:colcon.colcon_core.package_identification:_identify(nav_ws_gazebo/src/gac_navigation2/gac_nav2_behavior_tree) by extension 'colcon_meta'
[0.314s] Level 1:colcon.colcon_core.package_identification:_identify(nav_ws_gazebo/src/gac_navigation2/gac_nav2_behavior_tree) by extensions ['ros']
[0.314s] Level 1:colcon.colcon_core.package_identification:_identify(nav_ws_gazebo/src/gac_navigation2/gac_nav2_behavior_tree) by extension 'ros'
[0.315s] DEBUG:colcon.colcon_core.package_identification:Package 'nav_ws_gazebo/src/gac_navigation2/gac_nav2_behavior_tree' with type 'ros.ament_cmake' and name 'gac_nav2_behavior_tree'
[0.315s] Level 1:colcon.colcon_core.package_identification:_identify(nav_ws_gazebo/src/gac_navigation2/gac_nav2_behaviors) by extensions ['ignore', 'ignore_ament_install']
[0.315s] Level 1:colcon.colcon_core.package_identification:_identify(nav_ws_gazebo/src/gac_navigation2/gac_nav2_behaviors) by extension 'ignore'
[0.315s] Level 1:colcon.colcon_core.package_identification:_identify(nav_ws_gazebo/src/gac_navigation2/gac_nav2_behaviors) by extension 'ignore_ament_install'
[0.315s] Level 1:colcon.colcon_core.package_identification:_identify(nav_ws_gazebo/src/gac_navigation2/gac_nav2_behaviors) by extensions ['colcon_pkg']
[0.315s] Level 1:colcon.colcon_core.package_identification:_identify(nav_ws_gazebo/src/gac_navigation2/gac_nav2_behaviors) by extension 'colcon_pkg'
[0.315s] Level 1:colcon.colcon_core.package_identification:_identify(nav_ws_gazebo/src/gac_navigation2/gac_nav2_behaviors) by extensions ['colcon_meta']
[0.315s] Level 1:colcon.colcon_core.package_identification:_identify(nav_ws_gazebo/src/gac_navigation2/gac_nav2_behaviors) by extension 'colcon_meta'
[0.315s] Level 1:colcon.colcon_core.package_identification:_identify(nav_ws_gazebo/src/gac_navigation2/gac_nav2_behaviors) by extensions ['ros']
[0.315s] Level 1:colcon.colcon_core.package_identification:_identify(nav_ws_gazebo/src/gac_navigation2/gac_nav2_behaviors) by extension 'ros'
[0.316s] DEBUG:colcon.colcon_core.package_identification:Package 'nav_ws_gazebo/src/gac_navigation2/gac_nav2_behaviors' with type 'ros.ament_cmake' and name 'gac_nav2_behaviors'
[0.316s] Level 1:colcon.colcon_core.package_identification:_identify(nav_ws_gazebo/src/gac_navigation2/gac_nav2_bringup) by extensions ['ignore', 'ignore_ament_install']
[0.316s] Level 1:colcon.colcon_core.package_identification:_identify(nav_ws_gazebo/src/gac_navigation2/gac_nav2_bringup) by extension 'ignore'
[0.316s] Level 1:colcon.colcon_core.package_identification:_identify(nav_ws_gazebo/src/gac_navigation2/gac_nav2_bringup) by extension 'ignore_ament_install'
[0.316s] Level 1:colcon.colcon_core.package_identification:_identify(nav_ws_gazebo/src/gac_navigation2/gac_nav2_bringup) by extensions ['colcon_pkg']
[0.317s] Level 1:colcon.colcon_core.package_identification:_identify(nav_ws_gazebo/src/gac_navigation2/gac_nav2_bringup) by extension 'colcon_pkg'
[0.317s] Level 1:colcon.colcon_core.package_identification:_identify(nav_ws_gazebo/src/gac_navigation2/gac_nav2_bringup) by extensions ['colcon_meta']
[0.317s] Level 1:colcon.colcon_core.package_identification:_identify(nav_ws_gazebo/src/gac_navigation2/gac_nav2_bringup) by extension 'colcon_meta'
[0.317s] Level 1:colcon.colcon_core.package_identification:_identify(nav_ws_gazebo/src/gac_navigation2/gac_nav2_bringup) by extensions ['ros']
[0.317s] Level 1:colcon.colcon_core.package_identification:_identify(nav_ws_gazebo/src/gac_navigation2/gac_nav2_bringup) by extension 'ros'
[0.317s] DEBUG:colcon.colcon_core.package_identification:Package 'nav_ws_gazebo/src/gac_navigation2/gac_nav2_bringup' with type 'ros.ament_cmake' and name 'gac_nav2_bringup'
[0.317s] Level 1:colcon.colcon_core.package_identification:_identify(nav_ws_gazebo/src/gac_navigation2/gac_nav2_bt_navigator) by extensions ['ignore', 'ignore_ament_install']
[0.317s] Level 1:colcon.colcon_core.package_identification:_identify(nav_ws_gazebo/src/gac_navigation2/gac_nav2_bt_navigator) by extension 'ignore'
[0.317s] Level 1:colcon.colcon_core.package_identification:_identify(nav_ws_gazebo/src/gac_navigation2/gac_nav2_bt_navigator) by extension 'ignore_ament_install'
[0.317s] Level 1:colcon.colcon_core.package_identification:_identify(nav_ws_gazebo/src/gac_navigation2/gac_nav2_bt_navigator) by extensions ['colcon_pkg']
[0.317s] Level 1:colcon.colcon_core.package_identification:_identify(nav_ws_gazebo/src/gac_navigation2/gac_nav2_bt_navigator) by extension 'colcon_pkg'
[0.318s] Level 1:colcon.colcon_core.package_identification:_identify(nav_ws_gazebo/src/gac_navigation2/gac_nav2_bt_navigator) by extensions ['colcon_meta']
[0.318s] Level 1:colcon.colcon_core.package_identification:_identify(nav_ws_gazebo/src/gac_navigation2/gac_nav2_bt_navigator) by extension 'colcon_meta'
[0.318s] Level 1:colcon.colcon_core.package_identification:_identify(nav_ws_gazebo/src/gac_navigation2/gac_nav2_bt_navigator) by extensions ['ros']
[0.318s] Level 1:colcon.colcon_core.package_identification:_identify(nav_ws_gazebo/src/gac_navigation2/gac_nav2_bt_navigator) by extension 'ros'
[0.318s] DEBUG:colcon.colcon_core.package_identification:Package 'nav_ws_gazebo/src/gac_navigation2/gac_nav2_bt_navigator' with type 'ros.ament_cmake' and name 'gac_nav2_bt_navigator'
[0.319s] Level 1:colcon.colcon_core.package_identification:_identify(nav_ws_gazebo/src/gac_navigation2/gac_nav2_collision_monitor) by extensions ['ignore', 'ignore_ament_install']
[0.319s] Level 1:colcon.colcon_core.package_identification:_identify(nav_ws_gazebo/src/gac_navigation2/gac_nav2_collision_monitor) by extension 'ignore'
[0.319s] Level 1:colcon.colcon_core.package_identification:_identify(nav_ws_gazebo/src/gac_navigation2/gac_nav2_collision_monitor) by extension 'ignore_ament_install'
[0.319s] Level 1:colcon.colcon_core.package_identification:_identify(nav_ws_gazebo/src/gac_navigation2/gac_nav2_collision_monitor) by extensions ['colcon_pkg']
[0.319s] Level 1:colcon.colcon_core.package_identification:_identify(nav_ws_gazebo/src/gac_navigation2/gac_nav2_collision_monitor) by extension 'colcon_pkg'
[0.319s] Level 1:colcon.colcon_core.package_identification:_identify(nav_ws_gazebo/src/gac_navigation2/gac_nav2_collision_monitor) by extensions ['colcon_meta']
[0.319s] Level 1:colcon.colcon_core.package_identification:_identify(nav_ws_gazebo/src/gac_navigation2/gac_nav2_collision_monitor) by extension 'colcon_meta'
[0.319s] Level 1:colcon.colcon_core.package_identification:_identify(nav_ws_gazebo/src/gac_navigation2/gac_nav2_collision_monitor) by extensions ['ros']
[0.319s] Level 1:colcon.colcon_core.package_identification:_identify(nav_ws_gazebo/src/gac_navigation2/gac_nav2_collision_monitor) by extension 'ros'
[0.320s] DEBUG:colcon.colcon_core.package_identification:Package 'nav_ws_gazebo/src/gac_navigation2/gac_nav2_collision_monitor' with type 'ros.ament_cmake' and name 'gac_nav2_collision_monitor'
[0.320s] Level 1:colcon.colcon_core.package_identification:_identify(nav_ws_gazebo/src/gac_navigation2/gac_nav2_controller) by extensions ['ignore', 'ignore_ament_install']
[0.320s] Level 1:colcon.colcon_core.package_identification:_identify(nav_ws_gazebo/src/gac_navigation2/gac_nav2_controller) by extension 'ignore'
[0.320s] Level 1:colcon.colcon_core.package_identification:_identify(nav_ws_gazebo/src/gac_navigation2/gac_nav2_controller) by extension 'ignore_ament_install'
[0.320s] Level 1:colcon.colcon_core.package_identification:_identify(nav_ws_gazebo/src/gac_navigation2/gac_nav2_controller) by extensions ['colcon_pkg']
[0.320s] Level 1:colcon.colcon_core.package_identification:_identify(nav_ws_gazebo/src/gac_navigation2/gac_nav2_controller) by extension 'colcon_pkg'
[0.320s] Level 1:colcon.colcon_core.package_identification:_identify(nav_ws_gazebo/src/gac_navigation2/gac_nav2_controller) by extensions ['colcon_meta']
[0.320s] Level 1:colcon.colcon_core.package_identification:_identify(nav_ws_gazebo/src/gac_navigation2/gac_nav2_controller) by extension 'colcon_meta'
[0.320s] Level 1:colcon.colcon_core.package_identification:_identify(nav_ws_gazebo/src/gac_navigation2/gac_nav2_controller) by extensions ['ros']
[0.320s] Level 1:colcon.colcon_core.package_identification:_identify(nav_ws_gazebo/src/gac_navigation2/gac_nav2_controller) by extension 'ros'
[0.321s] DEBUG:colcon.colcon_core.package_identification:Package 'nav_ws_gazebo/src/gac_navigation2/gac_nav2_controller' with type 'ros.ament_cmake' and name 'gac_nav2_controller'
[0.321s] Level 1:colcon.colcon_core.package_identification:_identify(nav_ws_gazebo/src/gac_navigation2/gac_nav2_core) by extensions ['ignore', 'ignore_ament_install']
[0.321s] Level 1:colcon.colcon_core.package_identification:_identify(nav_ws_gazebo/src/gac_navigation2/gac_nav2_core) by extension 'ignore'
[0.321s] Level 1:colcon.colcon_core.package_identification:_identify(nav_ws_gazebo/src/gac_navigation2/gac_nav2_core) by extension 'ignore_ament_install'
[0.322s] Level 1:colcon.colcon_core.package_identification:_identify(nav_ws_gazebo/src/gac_navigation2/gac_nav2_core) by extensions ['colcon_pkg']
[0.322s] Level 1:colcon.colcon_core.package_identification:_identify(nav_ws_gazebo/src/gac_navigation2/gac_nav2_core) by extension 'colcon_pkg'
[0.322s] Level 1:colcon.colcon_core.package_identification:_identify(nav_ws_gazebo/src/gac_navigation2/gac_nav2_core) by extensions ['colcon_meta']
[0.322s] Level 1:colcon.colcon_core.package_identification:_identify(nav_ws_gazebo/src/gac_navigation2/gac_nav2_core) by extension 'colcon_meta'
[0.322s] Level 1:colcon.colcon_core.package_identification:_identify(nav_ws_gazebo/src/gac_navigation2/gac_nav2_core) by extensions ['ros']
[0.322s] Level 1:colcon.colcon_core.package_identification:_identify(nav_ws_gazebo/src/gac_navigation2/gac_nav2_core) by extension 'ros'
[0.323s] DEBUG:colcon.colcon_core.package_identification:Package 'nav_ws_gazebo/src/gac_navigation2/gac_nav2_core' with type 'ros.ament_cmake' and name 'gac_nav2_core'
[0.323s] Level 1:colcon.colcon_core.package_identification:_identify(nav_ws_gazebo/src/gac_navigation2/gac_nav2_costmap_2d) by extensions ['ignore', 'ignore_ament_install']
[0.323s] Level 1:colcon.colcon_core.package_identification:_identify(nav_ws_gazebo/src/gac_navigation2/gac_nav2_costmap_2d) by extension 'ignore'
[0.323s] Level 1:colcon.colcon_core.package_identification:_identify(nav_ws_gazebo/src/gac_navigation2/gac_nav2_costmap_2d) by extension 'ignore_ament_install'
[0.323s] Level 1:colcon.colcon_core.package_identification:_identify(nav_ws_gazebo/src/gac_navigation2/gac_nav2_costmap_2d) by extensions ['colcon_pkg']
[0.323s] Level 1:colcon.colcon_core.package_identification:_identify(nav_ws_gazebo/src/gac_navigation2/gac_nav2_costmap_2d) by extension 'colcon_pkg'
[0.323s] Level 1:colcon.colcon_core.package_identification:_identify(nav_ws_gazebo/src/gac_navigation2/gac_nav2_costmap_2d) by extensions ['colcon_meta']
[0.323s] Level 1:colcon.colcon_core.package_identification:_identify(nav_ws_gazebo/src/gac_navigation2/gac_nav2_costmap_2d) by extension 'colcon_meta'
[0.323s] Level 1:colcon.colcon_core.package_identification:_identify(nav_ws_gazebo/src/gac_navigation2/gac_nav2_costmap_2d) by extensions ['ros']
[0.323s] Level 1:colcon.colcon_core.package_identification:_identify(nav_ws_gazebo/src/gac_navigation2/gac_nav2_costmap_2d) by extension 'ros'
[0.324s] DEBUG:colcon.colcon_core.package_identification:Package 'nav_ws_gazebo/src/gac_navigation2/gac_nav2_costmap_2d' with type 'ros.ament_cmake' and name 'gac_nav2_costmap_2d'
[0.325s] Level 1:colcon.colcon_core.package_identification:_identify(nav_ws_gazebo/src/gac_navigation2/gac_nav2_planner) by extensions ['ignore', 'ignore_ament_install']
[0.325s] Level 1:colcon.colcon_core.package_identification:_identify(nav_ws_gazebo/src/gac_navigation2/gac_nav2_planner) by extension 'ignore'
[0.325s] Level 1:colcon.colcon_core.package_identification:_identify(nav_ws_gazebo/src/gac_navigation2/gac_nav2_planner) by extension 'ignore_ament_install'
[0.325s] Level 1:colcon.colcon_core.package_identification:_identify(nav_ws_gazebo/src/gac_navigation2/gac_nav2_planner) by extensions ['colcon_pkg']
[0.325s] Level 1:colcon.colcon_core.package_identification:_identify(nav_ws_gazebo/src/gac_navigation2/gac_nav2_planner) by extension 'colcon_pkg'
[0.325s] Level 1:colcon.colcon_core.package_identification:_identify(nav_ws_gazebo/src/gac_navigation2/gac_nav2_planner) by extensions ['colcon_meta']
[0.325s] Level 1:colcon.colcon_core.package_identification:_identify(nav_ws_gazebo/src/gac_navigation2/gac_nav2_planner) by extension 'colcon_meta'
[0.325s] Level 1:colcon.colcon_core.package_identification:_identify(nav_ws_gazebo/src/gac_navigation2/gac_nav2_planner) by extensions ['ros']
[0.325s] Level 1:colcon.colcon_core.package_identification:_identify(nav_ws_gazebo/src/gac_navigation2/gac_nav2_planner) by extension 'ros'
[0.326s] DEBUG:colcon.colcon_core.package_identification:Package 'nav_ws_gazebo/src/gac_navigation2/gac_nav2_planner' with type 'ros.ament_cmake' and name 'gac_nav2_planner'
[0.326s] Level 1:colcon.colcon_core.package_identification:_identify(nav_ws_gazebo/src/gac_navigation2/gac_nav2_smoother) by extensions ['ignore', 'ignore_ament_install']
[0.326s] Level 1:colcon.colcon_core.package_identification:_identify(nav_ws_gazebo/src/gac_navigation2/gac_nav2_smoother) by extension 'ignore'
[0.326s] Level 1:colcon.colcon_core.package_identification:_identify(nav_ws_gazebo/src/gac_navigation2/gac_nav2_smoother) by extension 'ignore_ament_install'
[0.326s] Level 1:colcon.colcon_core.package_identification:_identify(nav_ws_gazebo/src/gac_navigation2/gac_nav2_smoother) by extensions ['colcon_pkg']
[0.326s] Level 1:colcon.colcon_core.package_identification:_identify(nav_ws_gazebo/src/gac_navigation2/gac_nav2_smoother) by extension 'colcon_pkg'
[0.327s] Level 1:colcon.colcon_core.package_identification:_identify(nav_ws_gazebo/src/gac_navigation2/gac_nav2_smoother) by extensions ['colcon_meta']
[0.327s] Level 1:colcon.colcon_core.package_identification:_identify(nav_ws_gazebo/src/gac_navigation2/gac_nav2_smoother) by extension 'colcon_meta'
[0.327s] Level 1:colcon.colcon_core.package_identification:_identify(nav_ws_gazebo/src/gac_navigation2/gac_nav2_smoother) by extensions ['ros']
[0.327s] Level 1:colcon.colcon_core.package_identification:_identify(nav_ws_gazebo/src/gac_navigation2/gac_nav2_smoother) by extension 'ros'
[0.329s] DEBUG:colcon.colcon_core.package_identification:Package 'nav_ws_gazebo/src/gac_navigation2/gac_nav2_smoother' with type 'ros.ament_cmake' and name 'gac_nav2_smoother'
[0.329s] Level 1:colcon.colcon_core.package_identification:_identify(nav_ws_gazebo/src/gac_navigation2/gac_nav2_velocity_smoother) by extensions ['ignore', 'ignore_ament_install']
[0.329s] Level 1:colcon.colcon_core.package_identification:_identify(nav_ws_gazebo/src/gac_navigation2/gac_nav2_velocity_smoother) by extension 'ignore'
[0.329s] Level 1:colcon.colcon_core.package_identification:_identify(nav_ws_gazebo/src/gac_navigation2/gac_nav2_velocity_smoother) by extension 'ignore_ament_install'
[0.329s] Level 1:colcon.colcon_core.package_identification:_identify(nav_ws_gazebo/src/gac_navigation2/gac_nav2_velocity_smoother) by extensions ['colcon_pkg']
[0.329s] Level 1:colcon.colcon_core.package_identification:_identify(nav_ws_gazebo/src/gac_navigation2/gac_nav2_velocity_smoother) by extension 'colcon_pkg'
[0.329s] Level 1:colcon.colcon_core.package_identification:_identify(nav_ws_gazebo/src/gac_navigation2/gac_nav2_velocity_smoother) by extensions ['colcon_meta']
[0.329s] Level 1:colcon.colcon_core.package_identification:_identify(nav_ws_gazebo/src/gac_navigation2/gac_nav2_velocity_smoother) by extension 'colcon_meta'
[0.329s] Level 1:colcon.colcon_core.package_identification:_identify(nav_ws_gazebo/src/gac_navigation2/gac_nav2_velocity_smoother) by extensions ['ros']
[0.329s] Level 1:colcon.colcon_core.package_identification:_identify(nav_ws_gazebo/src/gac_navigation2/gac_nav2_velocity_smoother) by extension 'ros'
[0.330s] DEBUG:colcon.colcon_core.package_identification:Package 'nav_ws_gazebo/src/gac_navigation2/gac_nav2_velocity_smoother' with type 'ros.ament_cmake' and name 'gac_nav2_velocity_smoother'
[0.330s] Level 1:colcon.colcon_core.package_identification:_identify(nav_ws_gazebo/src/gac_navigation2/gac_nav2_voxel_grid) by extensions ['ignore', 'ignore_ament_install']
[0.330s] Level 1:colcon.colcon_core.package_identification:_identify(nav_ws_gazebo/src/gac_navigation2/gac_nav2_voxel_grid) by extension 'ignore'
[0.330s] Level 1:colcon.colcon_core.package_identification:_identify(nav_ws_gazebo/src/gac_navigation2/gac_nav2_voxel_grid) by extension 'ignore_ament_install'
[0.330s] Level 1:colcon.colcon_core.package_identification:_identify(nav_ws_gazebo/src/gac_navigation2/gac_nav2_voxel_grid) by extensions ['colcon_pkg']
[0.330s] Level 1:colcon.colcon_core.package_identification:_identify(nav_ws_gazebo/src/gac_navigation2/gac_nav2_voxel_grid) by extension 'colcon_pkg'
[0.331s] Level 1:colcon.colcon_core.package_identification:_identify(nav_ws_gazebo/src/gac_navigation2/gac_nav2_voxel_grid) by extensions ['colcon_meta']
[0.331s] Level 1:colcon.colcon_core.package_identification:_identify(nav_ws_gazebo/src/gac_navigation2/gac_nav2_voxel_grid) by extension 'colcon_meta'
[0.331s] Level 1:colcon.colcon_core.package_identification:_identify(nav_ws_gazebo/src/gac_navigation2/gac_nav2_voxel_grid) by extensions ['ros']
[0.331s] Level 1:colcon.colcon_core.package_identification:_identify(nav_ws_gazebo/src/gac_navigation2/gac_nav2_voxel_grid) by extension 'ros'
[0.331s] DEBUG:colcon.colcon_core.package_identification:Package 'nav_ws_gazebo/src/gac_navigation2/gac_nav2_voxel_grid' with type 'ros.ament_cmake' and name 'gac_nav2_voxel_grid'
[0.331s] Level 1:colcon.colcon_core.package_identification:_identify(nav_ws_gazebo/src/gac_navigation2/gac_nav2_waypoint_follower) by extensions ['ignore', 'ignore_ament_install']
[0.331s] Level 1:colcon.colcon_core.package_identification:_identify(nav_ws_gazebo/src/gac_navigation2/gac_nav2_waypoint_follower) by extension 'ignore'
[0.331s] Level 1:colcon.colcon_core.package_identification:_identify(nav_ws_gazebo/src/gac_navigation2/gac_nav2_waypoint_follower) by extension 'ignore_ament_install'
[0.331s] Level 1:colcon.colcon_core.package_identification:_identify(nav_ws_gazebo/src/gac_navigation2/gac_nav2_waypoint_follower) by extensions ['colcon_pkg']
[0.332s] Level 1:colcon.colcon_core.package_identification:_identify(nav_ws_gazebo/src/gac_navigation2/gac_nav2_waypoint_follower) by extension 'colcon_pkg'
[0.332s] Level 1:colcon.colcon_core.package_identification:_identify(nav_ws_gazebo/src/gac_navigation2/gac_nav2_waypoint_follower) by extensions ['colcon_meta']
[0.332s] Level 1:colcon.colcon_core.package_identification:_identify(nav_ws_gazebo/src/gac_navigation2/gac_nav2_waypoint_follower) by extension 'colcon_meta'
[0.332s] Level 1:colcon.colcon_core.package_identification:_identify(nav_ws_gazebo/src/gac_navigation2/gac_nav2_waypoint_follower) by extensions ['ros']
[0.332s] Level 1:colcon.colcon_core.package_identification:_identify(nav_ws_gazebo/src/gac_navigation2/gac_nav2_waypoint_follower) by extension 'ros'
[0.333s] DEBUG:colcon.colcon_core.package_identification:Package 'nav_ws_gazebo/src/gac_navigation2/gac_nav2_waypoint_follower' with type 'ros.ament_cmake' and name 'gac_nav2_waypoint_follower'
[0.333s] Level 1:colcon.colcon_core.package_identification:_identify(nav_ws_gazebo/src/gac_navigation2/gac_navigation2) by extensions ['ignore', 'ignore_ament_install']
[0.333s] Level 1:colcon.colcon_core.package_identification:_identify(nav_ws_gazebo/src/gac_navigation2/gac_navigation2) by extension 'ignore'
[0.333s] Level 1:colcon.colcon_core.package_identification:_identify(nav_ws_gazebo/src/gac_navigation2/gac_navigation2) by extension 'ignore_ament_install'
[0.333s] Level 1:colcon.colcon_core.package_identification:_identify(nav_ws_gazebo/src/gac_navigation2/gac_navigation2) by extensions ['colcon_pkg']
[0.333s] Level 1:colcon.colcon_core.package_identification:_identify(nav_ws_gazebo/src/gac_navigation2/gac_navigation2) by extension 'colcon_pkg'
[0.333s] Level 1:colcon.colcon_core.package_identification:_identify(nav_ws_gazebo/src/gac_navigation2/gac_navigation2) by extensions ['colcon_meta']
[0.333s] Level 1:colcon.colcon_core.package_identification:_identify(nav_ws_gazebo/src/gac_navigation2/gac_navigation2) by extension 'colcon_meta'
[0.333s] Level 1:colcon.colcon_core.package_identification:_identify(nav_ws_gazebo/src/gac_navigation2/gac_navigation2) by extensions ['ros']
[0.333s] Level 1:colcon.colcon_core.package_identification:_identify(nav_ws_gazebo/src/gac_navigation2/gac_navigation2) by extension 'ros'
[0.334s] DEBUG:colcon.colcon_core.package_identification:Package 'nav_ws_gazebo/src/gac_navigation2/gac_navigation2' with type 'ros.ament_cmake' and name 'gac_navigation2'
[0.334s] Level 1:colcon.colcon_core.package_identification:_identify(nav_ws_gazebo/src/gac_navigation2/nav2_dwb_controller) by extensions ['ignore', 'ignore_ament_install']
[0.334s] Level 1:colcon.colcon_core.package_identification:_identify(nav_ws_gazebo/src/gac_navigation2/nav2_dwb_controller) by extension 'ignore'
[0.334s] Level 1:colcon.colcon_core.package_identification:_identify(nav_ws_gazebo/src/gac_navigation2/nav2_dwb_controller) by extension 'ignore_ament_install'
[0.334s] Level 1:colcon.colcon_core.package_identification:_identify(nav_ws_gazebo/src/gac_navigation2/nav2_dwb_controller) by extensions ['colcon_pkg']
[0.334s] Level 1:colcon.colcon_core.package_identification:_identify(nav_ws_gazebo/src/gac_navigation2/nav2_dwb_controller) by extension 'colcon_pkg'
[0.334s] Level 1:colcon.colcon_core.package_identification:_identify(nav_ws_gazebo/src/gac_navigation2/nav2_dwb_controller) by extensions ['colcon_meta']
[0.334s] Level 1:colcon.colcon_core.package_identification:_identify(nav_ws_gazebo/src/gac_navigation2/nav2_dwb_controller) by extension 'colcon_meta'
[0.334s] Level 1:colcon.colcon_core.package_identification:_identify(nav_ws_gazebo/src/gac_navigation2/nav2_dwb_controller) by extensions ['ros']
[0.334s] Level 1:colcon.colcon_core.package_identification:_identify(nav_ws_gazebo/src/gac_navigation2/nav2_dwb_controller) by extension 'ros'
[0.334s] Level 1:colcon.colcon_core.package_identification:_identify(nav_ws_gazebo/src/gac_navigation2/nav2_dwb_controller) by extensions ['cmake', 'python']
[0.334s] Level 1:colcon.colcon_core.package_identification:_identify(nav_ws_gazebo/src/gac_navigation2/nav2_dwb_controller) by extension 'cmake'
[0.334s] Level 1:colcon.colcon_core.package_identification:_identify(nav_ws_gazebo/src/gac_navigation2/nav2_dwb_controller) by extension 'python'
[0.334s] Level 1:colcon.colcon_core.package_identification:_identify(nav_ws_gazebo/src/gac_navigation2/nav2_dwb_controller) by extensions ['python_setup_py']
[0.334s] Level 1:colcon.colcon_core.package_identification:_identify(nav_ws_gazebo/src/gac_navigation2/nav2_dwb_controller) by extension 'python_setup_py'
[0.334s] Level 1:colcon.colcon_core.package_identification:_identify(nav_ws_gazebo/src/gac_navigation2/nav2_dwb_controller/costmap_queue) by extensions ['ignore', 'ignore_ament_install']
[0.334s] Level 1:colcon.colcon_core.package_identification:_identify(nav_ws_gazebo/src/gac_navigation2/nav2_dwb_controller/costmap_queue) by extension 'ignore'
[0.335s] Level 1:colcon.colcon_core.package_identification:_identify(nav_ws_gazebo/src/gac_navigation2/nav2_dwb_controller/costmap_queue) by extension 'ignore_ament_install'
[0.335s] Level 1:colcon.colcon_core.package_identification:_identify(nav_ws_gazebo/src/gac_navigation2/nav2_dwb_controller/costmap_queue) by extensions ['colcon_pkg']
[0.335s] Level 1:colcon.colcon_core.package_identification:_identify(nav_ws_gazebo/src/gac_navigation2/nav2_dwb_controller/costmap_queue) by extension 'colcon_pkg'
[0.335s] Level 1:colcon.colcon_core.package_identification:_identify(nav_ws_gazebo/src/gac_navigation2/nav2_dwb_controller/costmap_queue) by extensions ['colcon_meta']
[0.335s] Level 1:colcon.colcon_core.package_identification:_identify(nav_ws_gazebo/src/gac_navigation2/nav2_dwb_controller/costmap_queue) by extension 'colcon_meta'
[0.335s] Level 1:colcon.colcon_core.package_identification:_identify(nav_ws_gazebo/src/gac_navigation2/nav2_dwb_controller/costmap_queue) by extensions ['ros']
[0.335s] Level 1:colcon.colcon_core.package_identification:_identify(nav_ws_gazebo/src/gac_navigation2/nav2_dwb_controller/costmap_queue) by extension 'ros'
[0.335s] DEBUG:colcon.colcon_core.package_identification:Package 'nav_ws_gazebo/src/gac_navigation2/nav2_dwb_controller/costmap_queue' with type 'ros.ament_cmake' and name 'costmap_queue'
[0.335s] Level 1:colcon.colcon_core.package_identification:_identify(nav_ws_gazebo/src/gac_navigation2/nav2_dwb_controller/dwb_core) by extensions ['ignore', 'ignore_ament_install']
[0.335s] Level 1:colcon.colcon_core.package_identification:_identify(nav_ws_gazebo/src/gac_navigation2/nav2_dwb_controller/dwb_core) by extension 'ignore'
[0.335s] Level 1:colcon.colcon_core.package_identification:_identify(nav_ws_gazebo/src/gac_navigation2/nav2_dwb_controller/dwb_core) by extension 'ignore_ament_install'
[0.335s] Level 1:colcon.colcon_core.package_identification:_identify(nav_ws_gazebo/src/gac_navigation2/nav2_dwb_controller/dwb_core) by extensions ['colcon_pkg']
[0.335s] Level 1:colcon.colcon_core.package_identification:_identify(nav_ws_gazebo/src/gac_navigation2/nav2_dwb_controller/dwb_core) by extension 'colcon_pkg'
[0.336s] Level 1:colcon.colcon_core.package_identification:_identify(nav_ws_gazebo/src/gac_navigation2/nav2_dwb_controller/dwb_core) by extensions ['colcon_meta']
[0.336s] Level 1:colcon.colcon_core.package_identification:_identify(nav_ws_gazebo/src/gac_navigation2/nav2_dwb_controller/dwb_core) by extension 'colcon_meta'
[0.336s] Level 1:colcon.colcon_core.package_identification:_identify(nav_ws_gazebo/src/gac_navigation2/nav2_dwb_controller/dwb_core) by extensions ['ros']
[0.336s] Level 1:colcon.colcon_core.package_identification:_identify(nav_ws_gazebo/src/gac_navigation2/nav2_dwb_controller/dwb_core) by extension 'ros'
[0.336s] DEBUG:colcon.colcon_core.package_identification:Package 'nav_ws_gazebo/src/gac_navigation2/nav2_dwb_controller/dwb_core' with type 'ros.ament_cmake' and name 'dwb_core'
[0.336s] Level 1:colcon.colcon_core.package_identification:_identify(nav_ws_gazebo/src/gac_navigation2/nav2_dwb_controller/dwb_critics) by extensions ['ignore', 'ignore_ament_install']
[0.336s] Level 1:colcon.colcon_core.package_identification:_identify(nav_ws_gazebo/src/gac_navigation2/nav2_dwb_controller/dwb_critics) by extension 'ignore'
[0.336s] Level 1:colcon.colcon_core.package_identification:_identify(nav_ws_gazebo/src/gac_navigation2/nav2_dwb_controller/dwb_critics) by extension 'ignore_ament_install'
[0.336s] Level 1:colcon.colcon_core.package_identification:_identify(nav_ws_gazebo/src/gac_navigation2/nav2_dwb_controller/dwb_critics) by extensions ['colcon_pkg']
[0.336s] Level 1:colcon.colcon_core.package_identification:_identify(nav_ws_gazebo/src/gac_navigation2/nav2_dwb_controller/dwb_critics) by extension 'colcon_pkg'
[0.337s] Level 1:colcon.colcon_core.package_identification:_identify(nav_ws_gazebo/src/gac_navigation2/nav2_dwb_controller/dwb_critics) by extensions ['colcon_meta']
[0.337s] Level 1:colcon.colcon_core.package_identification:_identify(nav_ws_gazebo/src/gac_navigation2/nav2_dwb_controller/dwb_critics) by extension 'colcon_meta'
[0.337s] Level 1:colcon.colcon_core.package_identification:_identify(nav_ws_gazebo/src/gac_navigation2/nav2_dwb_controller/dwb_critics) by extensions ['ros']
[0.337s] Level 1:colcon.colcon_core.package_identification:_identify(nav_ws_gazebo/src/gac_navigation2/nav2_dwb_controller/dwb_critics) by extension 'ros'
[0.337s] DEBUG:colcon.colcon_core.package_identification:Package 'nav_ws_gazebo/src/gac_navigation2/nav2_dwb_controller/dwb_critics' with type 'ros.ament_cmake' and name 'dwb_critics'
[0.338s] Level 1:colcon.colcon_core.package_identification:_identify(nav_ws_gazebo/src/gac_navigation2/nav2_dwb_controller/dwb_msgs) by extensions ['ignore', 'ignore_ament_install']
[0.338s] Level 1:colcon.colcon_core.package_identification:_identify(nav_ws_gazebo/src/gac_navigation2/nav2_dwb_controller/dwb_msgs) by extension 'ignore'
[0.338s] Level 1:colcon.colcon_core.package_identification:_identify(nav_ws_gazebo/src/gac_navigation2/nav2_dwb_controller/dwb_msgs) by extension 'ignore_ament_install'
[0.338s] Level 1:colcon.colcon_core.package_identification:_identify(nav_ws_gazebo/src/gac_navigation2/nav2_dwb_controller/dwb_msgs) by extensions ['colcon_pkg']
[0.338s] Level 1:colcon.colcon_core.package_identification:_identify(nav_ws_gazebo/src/gac_navigation2/nav2_dwb_controller/dwb_msgs) by extension 'colcon_pkg'
[0.338s] Level 1:colcon.colcon_core.package_identification:_identify(nav_ws_gazebo/src/gac_navigation2/nav2_dwb_controller/dwb_msgs) by extensions ['colcon_meta']
[0.338s] Level 1:colcon.colcon_core.package_identification:_identify(nav_ws_gazebo/src/gac_navigation2/nav2_dwb_controller/dwb_msgs) by extension 'colcon_meta'
[0.338s] Level 1:colcon.colcon_core.package_identification:_identify(nav_ws_gazebo/src/gac_navigation2/nav2_dwb_controller/dwb_msgs) by extensions ['ros']
[0.338s] Level 1:colcon.colcon_core.package_identification:_identify(nav_ws_gazebo/src/gac_navigation2/nav2_dwb_controller/dwb_msgs) by extension 'ros'
[0.339s] DEBUG:colcon.colcon_core.package_identification:Package 'nav_ws_gazebo/src/gac_navigation2/nav2_dwb_controller/dwb_msgs' with type 'ros.ament_cmake' and name 'dwb_msgs'
[0.339s] Level 1:colcon.colcon_core.package_identification:_identify(nav_ws_gazebo/src/gac_navigation2/nav2_dwb_controller/dwb_plugins) by extensions ['ignore', 'ignore_ament_install']
[0.339s] Level 1:colcon.colcon_core.package_identification:_identify(nav_ws_gazebo/src/gac_navigation2/nav2_dwb_controller/dwb_plugins) by extension 'ignore'
[0.339s] Level 1:colcon.colcon_core.package_identification:_identify(nav_ws_gazebo/src/gac_navigation2/nav2_dwb_controller/dwb_plugins) by extension 'ignore_ament_install'
[0.339s] Level 1:colcon.colcon_core.package_identification:_identify(nav_ws_gazebo/src/gac_navigation2/nav2_dwb_controller/dwb_plugins) by extensions ['colcon_pkg']
[0.339s] Level 1:colcon.colcon_core.package_identification:_identify(nav_ws_gazebo/src/gac_navigation2/nav2_dwb_controller/dwb_plugins) by extension 'colcon_pkg'
[0.339s] Level 1:colcon.colcon_core.package_identification:_identify(nav_ws_gazebo/src/gac_navigation2/nav2_dwb_controller/dwb_plugins) by extensions ['colcon_meta']
[0.339s] Level 1:colcon.colcon_core.package_identification:_identify(nav_ws_gazebo/src/gac_navigation2/nav2_dwb_controller/dwb_plugins) by extension 'colcon_meta'
[0.339s] Level 1:colcon.colcon_core.package_identification:_identify(nav_ws_gazebo/src/gac_navigation2/nav2_dwb_controller/dwb_plugins) by extensions ['ros']
[0.339s] Level 1:colcon.colcon_core.package_identification:_identify(nav_ws_gazebo/src/gac_navigation2/nav2_dwb_controller/dwb_plugins) by extension 'ros'
[0.340s] DEBUG:colcon.colcon_core.package_identification:Package 'nav_ws_gazebo/src/gac_navigation2/nav2_dwb_controller/dwb_plugins' with type 'ros.ament_cmake' and name 'dwb_plugins'
[0.340s] Level 1:colcon.colcon_core.package_identification:_identify(nav_ws_gazebo/src/gac_navigation2/nav2_dwb_controller/images) by extensions ['ignore', 'ignore_ament_install']
[0.340s] Level 1:colcon.colcon_core.package_identification:_identify(nav_ws_gazebo/src/gac_navigation2/nav2_dwb_controller/images) by extension 'ignore'
[0.340s] Level 1:colcon.colcon_core.package_identification:_identify(nav_ws_gazebo/src/gac_navigation2/nav2_dwb_controller/images) by extension 'ignore_ament_install'
[0.340s] Level 1:colcon.colcon_core.package_identification:_identify(nav_ws_gazebo/src/gac_navigation2/nav2_dwb_controller/images) by extensions ['colcon_pkg']
[0.340s] Level 1:colcon.colcon_core.package_identification:_identify(nav_ws_gazebo/src/gac_navigation2/nav2_dwb_controller/images) by extension 'colcon_pkg'
[0.340s] Level 1:colcon.colcon_core.package_identification:_identify(nav_ws_gazebo/src/gac_navigation2/nav2_dwb_controller/images) by extensions ['colcon_meta']
[0.340s] Level 1:colcon.colcon_core.package_identification:_identify(nav_ws_gazebo/src/gac_navigation2/nav2_dwb_controller/images) by extension 'colcon_meta'
[0.340s] Level 1:colcon.colcon_core.package_identification:_identify(nav_ws_gazebo/src/gac_navigation2/nav2_dwb_controller/images) by extensions ['ros']
[0.340s] Level 1:colcon.colcon_core.package_identification:_identify(nav_ws_gazebo/src/gac_navigation2/nav2_dwb_controller/images) by extension 'ros'
[0.340s] Level 1:colcon.colcon_core.package_identification:_identify(nav_ws_gazebo/src/gac_navigation2/nav2_dwb_controller/images) by extensions ['cmake', 'python']
[0.340s] Level 1:colcon.colcon_core.package_identification:_identify(nav_ws_gazebo/src/gac_navigation2/nav2_dwb_controller/images) by extension 'cmake'
[0.340s] Level 1:colcon.colcon_core.package_identification:_identify(nav_ws_gazebo/src/gac_navigation2/nav2_dwb_controller/images) by extension 'python'
[0.340s] Level 1:colcon.colcon_core.package_identification:_identify(nav_ws_gazebo/src/gac_navigation2/nav2_dwb_controller/images) by extensions ['python_setup_py']
[0.340s] Level 1:colcon.colcon_core.package_identification:_identify(nav_ws_gazebo/src/gac_navigation2/nav2_dwb_controller/images) by extension 'python_setup_py'
[0.340s] Level 1:colcon.colcon_core.package_identification:_identify(nav_ws_gazebo/src/gac_navigation2/nav2_dwb_controller/nav2_dwb_controller) by extensions ['ignore', 'ignore_ament_install']
[0.340s] Level 1:colcon.colcon_core.package_identification:_identify(nav_ws_gazebo/src/gac_navigation2/nav2_dwb_controller/nav2_dwb_controller) by extension 'ignore'
[0.340s] Level 1:colcon.colcon_core.package_identification:_identify(nav_ws_gazebo/src/gac_navigation2/nav2_dwb_controller/nav2_dwb_controller) by extension 'ignore_ament_install'
[0.340s] Level 1:colcon.colcon_core.package_identification:_identify(nav_ws_gazebo/src/gac_navigation2/nav2_dwb_controller/nav2_dwb_controller) by extensions ['colcon_pkg']
[0.340s] Level 1:colcon.colcon_core.package_identification:_identify(nav_ws_gazebo/src/gac_navigation2/nav2_dwb_controller/nav2_dwb_controller) by extension 'colcon_pkg'
[0.341s] Level 1:colcon.colcon_core.package_identification:_identify(nav_ws_gazebo/src/gac_navigation2/nav2_dwb_controller/nav2_dwb_controller) by extensions ['colcon_meta']
[0.341s] Level 1:colcon.colcon_core.package_identification:_identify(nav_ws_gazebo/src/gac_navigation2/nav2_dwb_controller/nav2_dwb_controller) by extension 'colcon_meta'
[0.341s] Level 1:colcon.colcon_core.package_identification:_identify(nav_ws_gazebo/src/gac_navigation2/nav2_dwb_controller/nav2_dwb_controller) by extensions ['ros']
[0.341s] Level 1:colcon.colcon_core.package_identification:_identify(nav_ws_gazebo/src/gac_navigation2/nav2_dwb_controller/nav2_dwb_controller) by extension 'ros'
[0.341s] DEBUG:colcon.colcon_core.package_identification:Package 'nav_ws_gazebo/src/gac_navigation2/nav2_dwb_controller/nav2_dwb_controller' with type 'ros.ament_cmake' and name 'nav2_dwb_controller'
[0.341s] Level 1:colcon.colcon_core.package_identification:_identify(nav_ws_gazebo/src/gac_navigation2/nav2_dwb_controller/nav_2d_msgs) by extensions ['ignore', 'ignore_ament_install']
[0.341s] Level 1:colcon.colcon_core.package_identification:_identify(nav_ws_gazebo/src/gac_navigation2/nav2_dwb_controller/nav_2d_msgs) by extension 'ignore'
[0.341s] Level 1:colcon.colcon_core.package_identification:_identify(nav_ws_gazebo/src/gac_navigation2/nav2_dwb_controller/nav_2d_msgs) by extension 'ignore_ament_install'
[0.341s] Level 1:colcon.colcon_core.package_identification:_identify(nav_ws_gazebo/src/gac_navigation2/nav2_dwb_controller/nav_2d_msgs) by extensions ['colcon_pkg']
[0.341s] Level 1:colcon.colcon_core.package_identification:_identify(nav_ws_gazebo/src/gac_navigation2/nav2_dwb_controller/nav_2d_msgs) by extension 'colcon_pkg'
[0.342s] Level 1:colcon.colcon_core.package_identification:_identify(nav_ws_gazebo/src/gac_navigation2/nav2_dwb_controller/nav_2d_msgs) by extensions ['colcon_meta']
[0.342s] Level 1:colcon.colcon_core.package_identification:_identify(nav_ws_gazebo/src/gac_navigation2/nav2_dwb_controller/nav_2d_msgs) by extension 'colcon_meta'
[0.342s] Level 1:colcon.colcon_core.package_identification:_identify(nav_ws_gazebo/src/gac_navigation2/nav2_dwb_controller/nav_2d_msgs) by extensions ['ros']
[0.342s] Level 1:colcon.colcon_core.package_identification:_identify(nav_ws_gazebo/src/gac_navigation2/nav2_dwb_controller/nav_2d_msgs) by extension 'ros'
[0.342s] DEBUG:colcon.colcon_core.package_identification:Package 'nav_ws_gazebo/src/gac_navigation2/nav2_dwb_controller/nav_2d_msgs' with type 'ros.ament_cmake' and name 'nav_2d_msgs'
[0.342s] Level 1:colcon.colcon_core.package_identification:_identify(nav_ws_gazebo/src/gac_navigation2/nav2_dwb_controller/nav_2d_utils) by extensions ['ignore', 'ignore_ament_install']
[0.342s] Level 1:colcon.colcon_core.package_identification:_identify(nav_ws_gazebo/src/gac_navigation2/nav2_dwb_controller/nav_2d_utils) by extension 'ignore'
[0.342s] Level 1:colcon.colcon_core.package_identification:_identify(nav_ws_gazebo/src/gac_navigation2/nav2_dwb_controller/nav_2d_utils) by extension 'ignore_ament_install'
[0.342s] Level 1:colcon.colcon_core.package_identification:_identify(nav_ws_gazebo/src/gac_navigation2/nav2_dwb_controller/nav_2d_utils) by extensions ['colcon_pkg']
[0.342s] Level 1:colcon.colcon_core.package_identification:_identify(nav_ws_gazebo/src/gac_navigation2/nav2_dwb_controller/nav_2d_utils) by extension 'colcon_pkg'
[0.342s] Level 1:colcon.colcon_core.package_identification:_identify(nav_ws_gazebo/src/gac_navigation2/nav2_dwb_controller/nav_2d_utils) by extensions ['colcon_meta']
[0.342s] Level 1:colcon.colcon_core.package_identification:_identify(nav_ws_gazebo/src/gac_navigation2/nav2_dwb_controller/nav_2d_utils) by extension 'colcon_meta'
[0.342s] Level 1:colcon.colcon_core.package_identification:_identify(nav_ws_gazebo/src/gac_navigation2/nav2_dwb_controller/nav_2d_utils) by extensions ['ros']
[0.342s] Level 1:colcon.colcon_core.package_identification:_identify(nav_ws_gazebo/src/gac_navigation2/nav2_dwb_controller/nav_2d_utils) by extension 'ros'
[0.343s] DEBUG:colcon.colcon_core.package_identification:Package 'nav_ws_gazebo/src/gac_navigation2/nav2_dwb_controller/nav_2d_utils' with type 'ros.ament_cmake' and name 'nav_2d_utils'
[0.343s] Level 1:colcon.colcon_core.package_identification:_identify(nav_ws_gazebo/src/gac_navigation2/nav2_fixed_path_route) by extensions ['ignore', 'ignore_ament_install']
[0.343s] Level 1:colcon.colcon_core.package_identification:_identify(nav_ws_gazebo/src/gac_navigation2/nav2_fixed_path_route) by extension 'ignore'
[0.343s] Level 1:colcon.colcon_core.package_identification:_identify(nav_ws_gazebo/src/gac_navigation2/nav2_fixed_path_route) by extension 'ignore_ament_install'
[0.343s] Level 1:colcon.colcon_core.package_identification:_identify(nav_ws_gazebo/src/gac_navigation2/nav2_fixed_path_route) by extensions ['colcon_pkg']
[0.343s] Level 1:colcon.colcon_core.package_identification:_identify(nav_ws_gazebo/src/gac_navigation2/nav2_fixed_path_route) by extension 'colcon_pkg'
[0.343s] Level 1:colcon.colcon_core.package_identification:_identify(nav_ws_gazebo/src/gac_navigation2/nav2_fixed_path_route) by extensions ['colcon_meta']
[0.343s] Level 1:colcon.colcon_core.package_identification:_identify(nav_ws_gazebo/src/gac_navigation2/nav2_fixed_path_route) by extension 'colcon_meta'
[0.344s] Level 1:colcon.colcon_core.package_identification:_identify(nav_ws_gazebo/src/gac_navigation2/nav2_fixed_path_route) by extensions ['ros']
[0.344s] Level 1:colcon.colcon_core.package_identification:_identify(nav_ws_gazebo/src/gac_navigation2/nav2_fixed_path_route) by extension 'ros'
[0.345s] DEBUG:colcon.colcon_core.package_identification:Package 'nav_ws_gazebo/src/gac_navigation2/nav2_fixed_path_route' with type 'ros.ament_cmake' and name 'nav2_fixed_path_route'
[0.345s] Level 1:colcon.colcon_core.package_identification:_identify(nav_ws_gazebo/src/gac_navigation2/nav2_graceful_controller) by extensions ['ignore', 'ignore_ament_install']
[0.345s] Level 1:colcon.colcon_core.package_identification:_identify(nav_ws_gazebo/src/gac_navigation2/nav2_graceful_controller) by extension 'ignore'
[0.345s] Level 1:colcon.colcon_core.package_identification:_identify(nav_ws_gazebo/src/gac_navigation2/nav2_graceful_controller) by extension 'ignore_ament_install'
[0.345s] Level 1:colcon.colcon_core.package_identification:_identify(nav_ws_gazebo/src/gac_navigation2/nav2_graceful_controller) by extensions ['colcon_pkg']
[0.345s] Level 1:colcon.colcon_core.package_identification:_identify(nav_ws_gazebo/src/gac_navigation2/nav2_graceful_controller) by extension 'colcon_pkg'
[0.345s] Level 1:colcon.colcon_core.package_identification:_identify(nav_ws_gazebo/src/gac_navigation2/nav2_graceful_controller) by extensions ['colcon_meta']
[0.345s] Level 1:colcon.colcon_core.package_identification:_identify(nav_ws_gazebo/src/gac_navigation2/nav2_graceful_controller) by extension 'colcon_meta'
[0.345s] Level 1:colcon.colcon_core.package_identification:_identify(nav_ws_gazebo/src/gac_navigation2/nav2_graceful_controller) by extensions ['ros']
[0.345s] Level 1:colcon.colcon_core.package_identification:_identify(nav_ws_gazebo/src/gac_navigation2/nav2_graceful_controller) by extension 'ros'
[0.346s] DEBUG:colcon.colcon_core.package_identification:Package 'nav_ws_gazebo/src/gac_navigation2/nav2_graceful_controller' with type 'ros.ament_cmake' and name 'nav2_graceful_controller'
[0.346s] Level 1:colcon.colcon_core.package_identification:_identify(nav_ws_gazebo/src/gac_navigation2/nav2_lifecycle_manager) by extensions ['ignore', 'ignore_ament_install']
[0.346s] Level 1:colcon.colcon_core.package_identification:_identify(nav_ws_gazebo/src/gac_navigation2/nav2_lifecycle_manager) by extension 'ignore'
[0.346s] Level 1:colcon.colcon_core.package_identification:_identify(nav_ws_gazebo/src/gac_navigation2/nav2_lifecycle_manager) by extension 'ignore_ament_install'
[0.346s] Level 1:colcon.colcon_core.package_identification:_identify(nav_ws_gazebo/src/gac_navigation2/nav2_lifecycle_manager) by extensions ['colcon_pkg']
[0.346s] Level 1:colcon.colcon_core.package_identification:_identify(nav_ws_gazebo/src/gac_navigation2/nav2_lifecycle_manager) by extension 'colcon_pkg'
[0.346s] Level 1:colcon.colcon_core.package_identification:_identify(nav_ws_gazebo/src/gac_navigation2/nav2_lifecycle_manager) by extensions ['colcon_meta']
[0.346s] Level 1:colcon.colcon_core.package_identification:_identify(nav_ws_gazebo/src/gac_navigation2/nav2_lifecycle_manager) by extension 'colcon_meta'
[0.346s] Level 1:colcon.colcon_core.package_identification:_identify(nav_ws_gazebo/src/gac_navigation2/nav2_lifecycle_manager) by extensions ['ros']
[0.346s] Level 1:colcon.colcon_core.package_identification:_identify(nav_ws_gazebo/src/gac_navigation2/nav2_lifecycle_manager) by extension 'ros'
[0.347s] DEBUG:colcon.colcon_core.package_identification:Package 'nav_ws_gazebo/src/gac_navigation2/nav2_lifecycle_manager' with type 'ros.ament_cmake' and name 'nav2_lifecycle_manager'
[0.347s] Level 1:colcon.colcon_core.package_identification:_identify(nav_ws_gazebo/src/gac_navigation2/nav2_map_server) by extensions ['ignore', 'ignore_ament_install']
[0.347s] Level 1:colcon.colcon_core.package_identification:_identify(nav_ws_gazebo/src/gac_navigation2/nav2_map_server) by extension 'ignore'
[0.347s] Level 1:colcon.colcon_core.package_identification:_identify(nav_ws_gazebo/src/gac_navigation2/nav2_map_server) by extension 'ignore_ament_install'
[0.347s] Level 1:colcon.colcon_core.package_identification:_identify(nav_ws_gazebo/src/gac_navigation2/nav2_map_server) by extensions ['colcon_pkg']
[0.347s] Level 1:colcon.colcon_core.package_identification:_identify(nav_ws_gazebo/src/gac_navigation2/nav2_map_server) by extension 'colcon_pkg'
[0.347s] Level 1:colcon.colcon_core.package_identification:_identify(nav_ws_gazebo/src/gac_navigation2/nav2_map_server) by extensions ['colcon_meta']
[0.347s] Level 1:colcon.colcon_core.package_identification:_identify(nav_ws_gazebo/src/gac_navigation2/nav2_map_server) by extension 'colcon_meta'
[0.347s] Level 1:colcon.colcon_core.package_identification:_identify(nav_ws_gazebo/src/gac_navigation2/nav2_map_server) by extensions ['ros']
[0.347s] Level 1:colcon.colcon_core.package_identification:_identify(nav_ws_gazebo/src/gac_navigation2/nav2_map_server) by extension 'ros'
[0.348s] DEBUG:colcon.colcon_core.package_identification:Package 'nav_ws_gazebo/src/gac_navigation2/nav2_map_server' with type 'ros.ament_cmake' and name 'nav2_map_server'
[0.348s] Level 1:colcon.colcon_core.package_identification:_identify(nav_ws_gazebo/src/gac_navigation2/nav2_mppi_controller) by extensions ['ignore', 'ignore_ament_install']
[0.348s] Level 1:colcon.colcon_core.package_identification:_identify(nav_ws_gazebo/src/gac_navigation2/nav2_mppi_controller) by extension 'ignore'
[0.348s] Level 1:colcon.colcon_core.package_identification:_identify(nav_ws_gazebo/src/gac_navigation2/nav2_mppi_controller) by extension 'ignore_ament_install'
[0.348s] Level 1:colcon.colcon_core.package_identification:_identify(nav_ws_gazebo/src/gac_navigation2/nav2_mppi_controller) by extensions ['colcon_pkg']
[0.348s] Level 1:colcon.colcon_core.package_identification:_identify(nav_ws_gazebo/src/gac_navigation2/nav2_mppi_controller) by extension 'colcon_pkg'
[0.348s] Level 1:colcon.colcon_core.package_identification:_identify(nav_ws_gazebo/src/gac_navigation2/nav2_mppi_controller) by extensions ['colcon_meta']
[0.348s] Level 1:colcon.colcon_core.package_identification:_identify(nav_ws_gazebo/src/gac_navigation2/nav2_mppi_controller) by extension 'colcon_meta'
[0.349s] Level 1:colcon.colcon_core.package_identification:_identify(nav_ws_gazebo/src/gac_navigation2/nav2_mppi_controller) by extensions ['ros']
[0.349s] Level 1:colcon.colcon_core.package_identification:_identify(nav_ws_gazebo/src/gac_navigation2/nav2_mppi_controller) by extension 'ros'
[0.350s] DEBUG:colcon.colcon_core.package_identification:Package 'nav_ws_gazebo/src/gac_navigation2/nav2_mppi_controller' with type 'ros.ament_cmake' and name 'nav2_mppi_controller'
[0.350s] Level 1:colcon.colcon_core.package_identification:_identify(nav_ws_gazebo/src/gac_navigation2/nav2_navfn_planner) by extensions ['ignore', 'ignore_ament_install']
[0.350s] Level 1:colcon.colcon_core.package_identification:_identify(nav_ws_gazebo/src/gac_navigation2/nav2_navfn_planner) by extension 'ignore'
[0.350s] Level 1:colcon.colcon_core.package_identification:_identify(nav_ws_gazebo/src/gac_navigation2/nav2_navfn_planner) by extension 'ignore_ament_install'
[0.350s] Level 1:colcon.colcon_core.package_identification:_identify(nav_ws_gazebo/src/gac_navigation2/nav2_navfn_planner) by extensions ['colcon_pkg']
[0.350s] Level 1:colcon.colcon_core.package_identification:_identify(nav_ws_gazebo/src/gac_navigation2/nav2_navfn_planner) by extension 'colcon_pkg'
[0.350s] Level 1:colcon.colcon_core.package_identification:_identify(nav_ws_gazebo/src/gac_navigation2/nav2_navfn_planner) by extensions ['colcon_meta']
[0.350s] Level 1:colcon.colcon_core.package_identification:_identify(nav_ws_gazebo/src/gac_navigation2/nav2_navfn_planner) by extension 'colcon_meta'
[0.350s] Level 1:colcon.colcon_core.package_identification:_identify(nav_ws_gazebo/src/gac_navigation2/nav2_navfn_planner) by extensions ['ros']
[0.350s] Level 1:colcon.colcon_core.package_identification:_identify(nav_ws_gazebo/src/gac_navigation2/nav2_navfn_planner) by extension 'ros'
[0.351s] DEBUG:colcon.colcon_core.package_identification:Package 'nav_ws_gazebo/src/gac_navigation2/nav2_navfn_planner' with type 'ros.ament_cmake' and name 'nav2_navfn_planner'
[0.351s] Level 1:colcon.colcon_core.package_identification:_identify(nav_ws_gazebo/src/gac_navigation2/nav2_regulated_pure_pursuit_controller) by extensions ['ignore', 'ignore_ament_install']
[0.351s] Level 1:colcon.colcon_core.package_identification:_identify(nav_ws_gazebo/src/gac_navigation2/nav2_regulated_pure_pursuit_controller) by extension 'ignore'
[0.351s] Level 1:colcon.colcon_core.package_identification:_identify(nav_ws_gazebo/src/gac_navigation2/nav2_regulated_pure_pursuit_controller) by extension 'ignore_ament_install'
[0.351s] Level 1:colcon.colcon_core.package_identification:_identify(nav_ws_gazebo/src/gac_navigation2/nav2_regulated_pure_pursuit_controller) by extensions ['colcon_pkg']
[0.351s] Level 1:colcon.colcon_core.package_identification:_identify(nav_ws_gazebo/src/gac_navigation2/nav2_regulated_pure_pursuit_controller) by extension 'colcon_pkg'
[0.351s] Level 1:colcon.colcon_core.package_identification:_identify(nav_ws_gazebo/src/gac_navigation2/nav2_regulated_pure_pursuit_controller) by extensions ['colcon_meta']
[0.351s] Level 1:colcon.colcon_core.package_identification:_identify(nav_ws_gazebo/src/gac_navigation2/nav2_regulated_pure_pursuit_controller) by extension 'colcon_meta'
[0.351s] Level 1:colcon.colcon_core.package_identification:_identify(nav_ws_gazebo/src/gac_navigation2/nav2_regulated_pure_pursuit_controller) by extensions ['ros']
[0.352s] Level 1:colcon.colcon_core.package_identification:_identify(nav_ws_gazebo/src/gac_navigation2/nav2_regulated_pure_pursuit_controller) by extension 'ros'
[0.352s] DEBUG:colcon.colcon_core.package_identification:Package 'nav_ws_gazebo/src/gac_navigation2/nav2_regulated_pure_pursuit_controller' with type 'ros.ament_cmake' and name 'nav2_regulated_pure_pursuit_controller'
[0.352s] Level 1:colcon.colcon_core.package_identification:_identify(nav_ws_gazebo/src/gac_navigation2/nav2_rotation_shim_controller) by extensions ['ignore', 'ignore_ament_install']
[0.352s] Level 1:colcon.colcon_core.package_identification:_identify(nav_ws_gazebo/src/gac_navigation2/nav2_rotation_shim_controller) by extension 'ignore'
[0.353s] Level 1:colcon.colcon_core.package_identification:_identify(nav_ws_gazebo/src/gac_navigation2/nav2_rotation_shim_controller) by extension 'ignore_ament_install'
[0.353s] Level 1:colcon.colcon_core.package_identification:_identify(nav_ws_gazebo/src/gac_navigation2/nav2_rotation_shim_controller) by extensions ['colcon_pkg']
[0.353s] Level 1:colcon.colcon_core.package_identification:_identify(nav_ws_gazebo/src/gac_navigation2/nav2_rotation_shim_controller) by extension 'colcon_pkg'
[0.353s] Level 1:colcon.colcon_core.package_identification:_identify(nav_ws_gazebo/src/gac_navigation2/nav2_rotation_shim_controller) by extensions ['colcon_meta']
[0.353s] Level 1:colcon.colcon_core.package_identification:_identify(nav_ws_gazebo/src/gac_navigation2/nav2_rotation_shim_controller) by extension 'colcon_meta'
[0.353s] Level 1:colcon.colcon_core.package_identification:_identify(nav_ws_gazebo/src/gac_navigation2/nav2_rotation_shim_controller) by extensions ['ros']
[0.353s] Level 1:colcon.colcon_core.package_identification:_identify(nav_ws_gazebo/src/gac_navigation2/nav2_rotation_shim_controller) by extension 'ros'
[0.353s] DEBUG:colcon.colcon_core.package_identification:Package 'nav_ws_gazebo/src/gac_navigation2/nav2_rotation_shim_controller' with type 'ros.ament_cmake' and name 'nav2_rotation_shim_controller'
[0.354s] Level 1:colcon.colcon_core.package_identification:_identify(nav_ws_gazebo/src/gac_navigation2/nav2_smac_planner) by extensions ['ignore', 'ignore_ament_install']
[0.354s] Level 1:colcon.colcon_core.package_identification:_identify(nav_ws_gazebo/src/gac_navigation2/nav2_smac_planner) by extension 'ignore'
[0.354s] Level 1:colcon.colcon_core.package_identification:_identify(nav_ws_gazebo/src/gac_navigation2/nav2_smac_planner) by extension 'ignore_ament_install'
[0.354s] Level 1:colcon.colcon_core.package_identification:_identify(nav_ws_gazebo/src/gac_navigation2/nav2_smac_planner) by extensions ['colcon_pkg']
[0.354s] Level 1:colcon.colcon_core.package_identification:_identify(nav_ws_gazebo/src/gac_navigation2/nav2_smac_planner) by extension 'colcon_pkg'
[0.354s] Level 1:colcon.colcon_core.package_identification:_identify(nav_ws_gazebo/src/gac_navigation2/nav2_smac_planner) by extensions ['colcon_meta']
[0.354s] Level 1:colcon.colcon_core.package_identification:_identify(nav_ws_gazebo/src/gac_navigation2/nav2_smac_planner) by extension 'colcon_meta'
[0.354s] Level 1:colcon.colcon_core.package_identification:_identify(nav_ws_gazebo/src/gac_navigation2/nav2_smac_planner) by extensions ['ros']
[0.354s] Level 1:colcon.colcon_core.package_identification:_identify(nav_ws_gazebo/src/gac_navigation2/nav2_smac_planner) by extension 'ros'
[0.355s] DEBUG:colcon.colcon_core.package_identification:Package 'nav_ws_gazebo/src/gac_navigation2/nav2_smac_planner' with type 'ros.ament_cmake' and name 'nav2_smac_planner'
[0.355s] Level 1:colcon.colcon_core.package_identification:_identify(nav_ws_gazebo/src/gac_navigation2/nav2_theta_star_planner) by extensions ['ignore', 'ignore_ament_install']
[0.355s] Level 1:colcon.colcon_core.package_identification:_identify(nav_ws_gazebo/src/gac_navigation2/nav2_theta_star_planner) by extension 'ignore'
[0.355s] Level 1:colcon.colcon_core.package_identification:_identify(nav_ws_gazebo/src/gac_navigation2/nav2_theta_star_planner) by extension 'ignore_ament_install'
[0.355s] Level 1:colcon.colcon_core.package_identification:_identify(nav_ws_gazebo/src/gac_navigation2/nav2_theta_star_planner) by extensions ['colcon_pkg']
[0.355s] Level 1:colcon.colcon_core.package_identification:_identify(nav_ws_gazebo/src/gac_navigation2/nav2_theta_star_planner) by extension 'colcon_pkg'
[0.355s] Level 1:colcon.colcon_core.package_identification:_identify(nav_ws_gazebo/src/gac_navigation2/nav2_theta_star_planner) by extensions ['colcon_meta']
[0.355s] Level 1:colcon.colcon_core.package_identification:_identify(nav_ws_gazebo/src/gac_navigation2/nav2_theta_star_planner) by extension 'colcon_meta'
[0.355s] Level 1:colcon.colcon_core.package_identification:_identify(nav_ws_gazebo/src/gac_navigation2/nav2_theta_star_planner) by extensions ['ros']
[0.356s] Level 1:colcon.colcon_core.package_identification:_identify(nav_ws_gazebo/src/gac_navigation2/nav2_theta_star_planner) by extension 'ros'
[0.356s] DEBUG:colcon.colcon_core.package_identification:Package 'nav_ws_gazebo/src/gac_navigation2/nav2_theta_star_planner' with type 'ros.ament_cmake' and name 'nav2_theta_star_planner'
[0.356s] Level 1:colcon.colcon_core.package_identification:_identify(nav_ws_gazebo/src/gac_navigation2/nav2_util) by extensions ['ignore', 'ignore_ament_install']
[0.356s] Level 1:colcon.colcon_core.package_identification:_identify(nav_ws_gazebo/src/gac_navigation2/nav2_util) by extension 'ignore'
[0.357s] Level 1:colcon.colcon_core.package_identification:_identify(nav_ws_gazebo/src/gac_navigation2/nav2_util) by extension 'ignore_ament_install'
[0.357s] Level 1:colcon.colcon_core.package_identification:_identify(nav_ws_gazebo/src/gac_navigation2/nav2_util) by extensions ['colcon_pkg']
[0.357s] Level 1:colcon.colcon_core.package_identification:_identify(nav_ws_gazebo/src/gac_navigation2/nav2_util) by extension 'colcon_pkg'
[0.357s] Level 1:colcon.colcon_core.package_identification:_identify(nav_ws_gazebo/src/gac_navigation2/nav2_util) by extensions ['colcon_meta']
[0.357s] Level 1:colcon.colcon_core.package_identification:_identify(nav_ws_gazebo/src/gac_navigation2/nav2_util) by extension 'colcon_meta'
[0.357s] Level 1:colcon.colcon_core.package_identification:_identify(nav_ws_gazebo/src/gac_navigation2/nav2_util) by extensions ['ros']
[0.357s] Level 1:colcon.colcon_core.package_identification:_identify(nav_ws_gazebo/src/gac_navigation2/nav2_util) by extension 'ros'
[0.358s] DEBUG:colcon.colcon_core.package_identification:Package 'nav_ws_gazebo/src/gac_navigation2/nav2_util' with type 'ros.ament_cmake' and name 'nav2_util'
[0.358s] Level 1:colcon.colcon_core.package_identification:_identify(nav_ws_gazebo/src/gac_robot_msgs) by extensions ['ignore', 'ignore_ament_install']
[0.358s] Level 1:colcon.colcon_core.package_identification:_identify(nav_ws_gazebo/src/gac_robot_msgs) by extension 'ignore'
[0.358s] Level 1:colcon.colcon_core.package_identification:_identify(nav_ws_gazebo/src/gac_robot_msgs) by extension 'ignore_ament_install'
[0.358s] Level 1:colcon.colcon_core.package_identification:_identify(nav_ws_gazebo/src/gac_robot_msgs) by extensions ['colcon_pkg']
[0.358s] Level 1:colcon.colcon_core.package_identification:_identify(nav_ws_gazebo/src/gac_robot_msgs) by extension 'colcon_pkg'
[0.358s] Level 1:colcon.colcon_core.package_identification:_identify(nav_ws_gazebo/src/gac_robot_msgs) by extensions ['colcon_meta']
[0.358s] Level 1:colcon.colcon_core.package_identification:_identify(nav_ws_gazebo/src/gac_robot_msgs) by extension 'colcon_meta'
[0.358s] Level 1:colcon.colcon_core.package_identification:_identify(nav_ws_gazebo/src/gac_robot_msgs) by extensions ['ros']
[0.358s] Level 1:colcon.colcon_core.package_identification:_identify(nav_ws_gazebo/src/gac_robot_msgs) by extension 'ros'
[0.359s] DEBUG:colcon.colcon_core.package_identification:Package 'nav_ws_gazebo/src/gac_robot_msgs' with type 'ros.ament_cmake' and name 'gac_robot_msgs'
[0.359s] Level 1:colcon.colcon_core.package_identification:_identify(nav_ws_gazebo/src/gac_robot_task) by extensions ['ignore', 'ignore_ament_install']
[0.359s] Level 1:colcon.colcon_core.package_identification:_identify(nav_ws_gazebo/src/gac_robot_task) by extension 'ignore'
[0.359s] Level 1:colcon.colcon_core.package_identification:_identify(nav_ws_gazebo/src/gac_robot_task) by extension 'ignore_ament_install'
[0.359s] Level 1:colcon.colcon_core.package_identification:_identify(nav_ws_gazebo/src/gac_robot_task) by extensions ['colcon_pkg']
[0.359s] Level 1:colcon.colcon_core.package_identification:_identify(nav_ws_gazebo/src/gac_robot_task) by extension 'colcon_pkg'
[0.359s] Level 1:colcon.colcon_core.package_identification:_identify(nav_ws_gazebo/src/gac_robot_task) by extensions ['colcon_meta']
[0.359s] Level 1:colcon.colcon_core.package_identification:_identify(nav_ws_gazebo/src/gac_robot_task) by extension 'colcon_meta'
[0.359s] Level 1:colcon.colcon_core.package_identification:_identify(nav_ws_gazebo/src/gac_robot_task) by extensions ['ros']
[0.359s] Level 1:colcon.colcon_core.package_identification:_identify(nav_ws_gazebo/src/gac_robot_task) by extension 'ros'
[0.360s] DEBUG:colcon.colcon_core.package_identification:Package 'nav_ws_gazebo/src/gac_robot_task' with type 'ros.ament_cmake' and name 'gac_robot_task'
[0.360s] Level 1:colcon.colcon_core.package_identification:_identify(nav_ws_gazebo/src/gac_robot_task_py) by extensions ['ignore', 'ignore_ament_install']
[0.360s] Level 1:colcon.colcon_core.package_identification:_identify(nav_ws_gazebo/src/gac_robot_task_py) by extension 'ignore'
[0.360s] Level 1:colcon.colcon_core.package_identification:_identify(nav_ws_gazebo/src/gac_robot_task_py) by extension 'ignore_ament_install'
[0.360s] Level 1:colcon.colcon_core.package_identification:_identify(nav_ws_gazebo/src/gac_robot_task_py) by extensions ['colcon_pkg']
[0.361s] Level 1:colcon.colcon_core.package_identification:_identify(nav_ws_gazebo/src/gac_robot_task_py) by extension 'colcon_pkg'
[0.361s] Level 1:colcon.colcon_core.package_identification:_identify(nav_ws_gazebo/src/gac_robot_task_py) by extensions ['colcon_meta']
[0.361s] Level 1:colcon.colcon_core.package_identification:_identify(nav_ws_gazebo/src/gac_robot_task_py) by extension 'colcon_meta'
[0.361s] Level 1:colcon.colcon_core.package_identification:_identify(nav_ws_gazebo/src/gac_robot_task_py) by extensions ['ros']
[0.361s] Level 1:colcon.colcon_core.package_identification:_identify(nav_ws_gazebo/src/gac_robot_task_py) by extension 'ros'
[0.361s] DEBUG:colcon.colcon_core.package_identification:Package 'nav_ws_gazebo/src/gac_robot_task_py' with type 'ros.ament_python' and name 'gac_robot_task_py'
[0.361s] Level 1:colcon.colcon_core.package_identification:_identify(nav_ws_gazebo/src/laser_odom_transformer) by extensions ['ignore', 'ignore_ament_install']
[0.362s] Level 1:colcon.colcon_core.package_identification:_identify(nav_ws_gazebo/src/laser_odom_transformer) by extension 'ignore'
[0.362s] Level 1:colcon.colcon_core.package_identification:_identify(nav_ws_gazebo/src/laser_odom_transformer) by extension 'ignore_ament_install'
[0.362s] Level 1:colcon.colcon_core.package_identification:_identify(nav_ws_gazebo/src/laser_odom_transformer) by extensions ['colcon_pkg']
[0.362s] Level 1:colcon.colcon_core.package_identification:_identify(nav_ws_gazebo/src/laser_odom_transformer) by extension 'colcon_pkg'
[0.362s] Level 1:colcon.colcon_core.package_identification:_identify(nav_ws_gazebo/src/laser_odom_transformer) by extensions ['colcon_meta']
[0.362s] Level 1:colcon.colcon_core.package_identification:_identify(nav_ws_gazebo/src/laser_odom_transformer) by extension 'colcon_meta'
[0.362s] Level 1:colcon.colcon_core.package_identification:_identify(nav_ws_gazebo/src/laser_odom_transformer) by extensions ['ros']
[0.362s] Level 1:colcon.colcon_core.package_identification:_identify(nav_ws_gazebo/src/laser_odom_transformer) by extension 'ros'
[0.362s] DEBUG:colcon.colcon_core.package_identification:Package 'nav_ws_gazebo/src/laser_odom_transformer' with type 'ros.ament_cmake' and name 'laser_odom_transformer'
[0.362s] Level 1:colcon.colcon_core.package_identification:_identify(nav_ws_gazebo/src/mqtt_nav_control_cpp) by extensions ['ignore', 'ignore_ament_install']
[0.362s] Level 1:colcon.colcon_core.package_identification:_identify(nav_ws_gazebo/src/mqtt_nav_control_cpp) by extension 'ignore'
[0.362s] Level 1:colcon.colcon_core.package_identification:_identify(nav_ws_gazebo/src/mqtt_nav_control_cpp) by extension 'ignore_ament_install'
[0.362s] Level 1:colcon.colcon_core.package_identification:_identify(nav_ws_gazebo/src/mqtt_nav_control_cpp) by extensions ['colcon_pkg']
[0.362s] Level 1:colcon.colcon_core.package_identification:_identify(nav_ws_gazebo/src/mqtt_nav_control_cpp) by extension 'colcon_pkg'
[0.362s] Level 1:colcon.colcon_core.package_identification:_identify(nav_ws_gazebo/src/mqtt_nav_control_cpp) by extensions ['colcon_meta']
[0.362s] Level 1:colcon.colcon_core.package_identification:_identify(nav_ws_gazebo/src/mqtt_nav_control_cpp) by extension 'colcon_meta'
[0.363s] Level 1:colcon.colcon_core.package_identification:_identify(nav_ws_gazebo/src/mqtt_nav_control_cpp) by extensions ['ros']
[0.363s] Level 1:colcon.colcon_core.package_identification:_identify(nav_ws_gazebo/src/mqtt_nav_control_cpp) by extension 'ros'
[0.363s] DEBUG:colcon.colcon_core.package_identification:Package 'nav_ws_gazebo/src/mqtt_nav_control_cpp' with type 'ros.ament_cmake' and name 'mqtt_nav_control_cpp'
[0.363s] Level 1:colcon.colcon_core.package_identification:_identify(nav_ws_gazebo/src/record_path) by extensions ['ignore', 'ignore_ament_install']
[0.363s] Level 1:colcon.colcon_core.package_identification:_identify(nav_ws_gazebo/src/record_path) by extension 'ignore'
[0.363s] Level 1:colcon.colcon_core.package_identification:_identify(nav_ws_gazebo/src/record_path) by extension 'ignore_ament_install'
[0.364s] Level 1:colcon.colcon_core.package_identification:_identify(nav_ws_gazebo/src/record_path) by extensions ['colcon_pkg']
[0.364s] Level 1:colcon.colcon_core.package_identification:_identify(nav_ws_gazebo/src/record_path) by extension 'colcon_pkg'
[0.364s] Level 1:colcon.colcon_core.package_identification:_identify(nav_ws_gazebo/src/record_path) by extensions ['colcon_meta']
[0.364s] Level 1:colcon.colcon_core.package_identification:_identify(nav_ws_gazebo/src/record_path) by extension 'colcon_meta'
[0.364s] Level 1:colcon.colcon_core.package_identification:_identify(nav_ws_gazebo/src/record_path) by extensions ['ros']
[0.364s] Level 1:colcon.colcon_core.package_identification:_identify(nav_ws_gazebo/src/record_path) by extension 'ros'
[0.364s] DEBUG:colcon.colcon_core.package_identification:Package 'nav_ws_gazebo/src/record_path' with type 'ros.ament_cmake' and name 'record_path'
[0.364s] Level 1:colcon.colcon_core.package_identification:_identify(nav_ws_gazebo/src/road_network_collection_py) by extensions ['ignore', 'ignore_ament_install']
[0.364s] Level 1:colcon.colcon_core.package_identification:_identify(nav_ws_gazebo/src/road_network_collection_py) by extension 'ignore'
[0.365s] Level 1:colcon.colcon_core.package_identification:_identify(nav_ws_gazebo/src/road_network_collection_py) by extension 'ignore_ament_install'
[0.365s] Level 1:colcon.colcon_core.package_identification:_identify(nav_ws_gazebo/src/road_network_collection_py) by extensions ['colcon_pkg']
[0.365s] Level 1:colcon.colcon_core.package_identification:_identify(nav_ws_gazebo/src/road_network_collection_py) by extension 'colcon_pkg'
[0.365s] Level 1:colcon.colcon_core.package_identification:_identify(nav_ws_gazebo/src/road_network_collection_py) by extensions ['colcon_meta']
[0.365s] Level 1:colcon.colcon_core.package_identification:_identify(nav_ws_gazebo/src/road_network_collection_py) by extension 'colcon_meta'
[0.365s] Level 1:colcon.colcon_core.package_identification:_identify(nav_ws_gazebo/src/road_network_collection_py) by extensions ['ros']
[0.365s] Level 1:colcon.colcon_core.package_identification:_identify(nav_ws_gazebo/src/road_network_collection_py) by extension 'ros'
[0.365s] DEBUG:colcon.colcon_core.package_identification:Package 'nav_ws_gazebo/src/road_network_collection_py' with type 'ros.ament_python' and name 'road_network_collection_py'
[0.365s] Level 1:colcon.colcon_core.package_identification:_identify(nav_ws_gazebo/src/robot_navigation) by extensions ['ignore', 'ignore_ament_install']
[0.366s] Level 1:colcon.colcon_core.package_identification:_identify(nav_ws_gazebo/src/robot_navigation) by extension 'ignore'
[0.366s] Level 1:colcon.colcon_core.package_identification:_identify(nav_ws_gazebo/src/robot_navigation) by extension 'ignore_ament_install'
[0.366s] Level 1:colcon.colcon_core.package_identification:_identify(nav_ws_gazebo/src/robot_navigation) by extensions ['colcon_pkg']
[0.366s] Level 1:colcon.colcon_core.package_identification:_identify(nav_ws_gazebo/src/robot_navigation) by extension 'colcon_pkg'
[0.366s] Level 1:colcon.colcon_core.package_identification:_identify(nav_ws_gazebo/src/robot_navigation) by extensions ['colcon_meta']
[0.366s] Level 1:colcon.colcon_core.package_identification:_identify(nav_ws_gazebo/src/robot_navigation) by extension 'colcon_meta'
[0.366s] Level 1:colcon.colcon_core.package_identification:_identify(nav_ws_gazebo/src/robot_navigation) by extensions ['ros']
[0.366s] Level 1:colcon.colcon_core.package_identification:_identify(nav_ws_gazebo/src/robot_navigation) by extension 'ros'
[0.366s] DEBUG:colcon.colcon_core.package_identification:Package 'nav_ws_gazebo/src/robot_navigation' with type 'ros.ament_python' and name 'robot_navigation'
[0.366s] Level 1:colcon.colcon_core.package_identification:_identify(sim) by extensions ['ignore', 'ignore_ament_install']
[0.367s] Level 1:colcon.colcon_core.package_identification:_identify(sim) by extension 'ignore'
[0.367s] Level 1:colcon.colcon_core.package_identification:_identify(sim) by extension 'ignore_ament_install'
[0.367s] Level 1:colcon.colcon_core.package_identification:_identify(sim) by extensions ['colcon_pkg']
[0.367s] Level 1:colcon.colcon_core.package_identification:_identify(sim) by extension 'colcon_pkg'
[0.367s] Level 1:colcon.colcon_core.package_identification:_identify(sim) by extensions ['colcon_meta']
[0.367s] Level 1:colcon.colcon_core.package_identification:_identify(sim) by extension 'colcon_meta'
[0.367s] Level 1:colcon.colcon_core.package_identification:_identify(sim) by extensions ['ros']
[0.367s] Level 1:colcon.colcon_core.package_identification:_identify(sim) by extension 'ros'
[0.367s] Level 1:colcon.colcon_core.package_identification:_identify(sim) by extensions ['cmake', 'python']
[0.367s] Level 1:colcon.colcon_core.package_identification:_identify(sim) by extension 'cmake'
[0.367s] Level 1:colcon.colcon_core.package_identification:_identify(sim) by extension 'python'
[0.367s] Level 1:colcon.colcon_core.package_identification:_identify(sim) by extensions ['python_setup_py']
[0.367s] Level 1:colcon.colcon_core.package_identification:_identify(sim) by extension 'python_setup_py'
[0.367s] Level 1:colcon.colcon_core.package_identification:_identify(sim/build) by extensions ['ignore', 'ignore_ament_install']
[0.367s] Level 1:colcon.colcon_core.package_identification:_identify(sim/build) by extension 'ignore'
[0.367s] Level 1:colcon.colcon_core.package_identification:_identify(sim/build) ignored
[0.367s] Level 1:colcon.colcon_core.package_identification:_identify(sim/defender_3a) by extensions ['ignore', 'ignore_ament_install']
[0.367s] Level 1:colcon.colcon_core.package_identification:_identify(sim/defender_3a) by extension 'ignore'
[0.367s] Level 1:colcon.colcon_core.package_identification:_identify(sim/defender_3a) by extension 'ignore_ament_install'
[0.367s] Level 1:colcon.colcon_core.package_identification:_identify(sim/defender_3a) by extensions ['colcon_pkg']
[0.367s] Level 1:colcon.colcon_core.package_identification:_identify(sim/defender_3a) by extension 'colcon_pkg'
[0.367s] Level 1:colcon.colcon_core.package_identification:_identify(sim/defender_3a) by extensions ['colcon_meta']
[0.367s] Level 1:colcon.colcon_core.package_identification:_identify(sim/defender_3a) by extension 'colcon_meta'
[0.367s] Level 1:colcon.colcon_core.package_identification:_identify(sim/defender_3a) by extensions ['ros']
[0.367s] Level 1:colcon.colcon_core.package_identification:_identify(sim/defender_3a) by extension 'ros'
[0.368s] DEBUG:colcon.colcon_core.package_identification:Package 'sim/defender_3a' with type 'ros.ament_cmake' and name 'defender_3a'
[0.368s] Level 1:colcon.colcon_core.package_identification:_identify(sim/install) by extensions ['ignore', 'ignore_ament_install']
[0.368s] Level 1:colcon.colcon_core.package_identification:_identify(sim/install) by extension 'ignore'
[0.368s] Level 1:colcon.colcon_core.package_identification:_identify(sim/install) ignored
[0.368s] Level 1:colcon.colcon_core.package_identification:_identify(sim/log) by extensions ['ignore', 'ignore_ament_install']
[0.368s] Level 1:colcon.colcon_core.package_identification:_identify(sim/log) by extension 'ignore'
[0.368s] Level 1:colcon.colcon_core.package_identification:_identify(sim/log) ignored
[0.368s] Level 1:colcon.colcon_core.package_identification:_identify(sim/robot_relate) by extensions ['ignore', 'ignore_ament_install']
[0.368s] Level 1:colcon.colcon_core.package_identification:_identify(sim/robot_relate) by extension 'ignore'
[0.368s] Level 1:colcon.colcon_core.package_identification:_identify(sim/robot_relate) by extension 'ignore_ament_install'
[0.368s] Level 1:colcon.colcon_core.package_identification:_identify(sim/robot_relate) by extensions ['colcon_pkg']
[0.368s] Level 1:colcon.colcon_core.package_identification:_identify(sim/robot_relate) by extension 'colcon_pkg'
[0.368s] Level 1:colcon.colcon_core.package_identification:_identify(sim/robot_relate) by extensions ['colcon_meta']
[0.368s] Level 1:colcon.colcon_core.package_identification:_identify(sim/robot_relate) by extension 'colcon_meta'
[0.369s] Level 1:colcon.colcon_core.package_identification:_identify(sim/robot_relate) by extensions ['ros']
[0.369s] Level 1:colcon.colcon_core.package_identification:_identify(sim/robot_relate) by extension 'ros'
[0.369s] DEBUG:colcon.colcon_core.package_identification:Package 'sim/robot_relate' with type 'ros.ament_cmake' and name 'robot_relate'
[0.369s] Level 1:colcon.colcon_core.package_identification:_identify(sim/robot_relate_python) by extensions ['ignore', 'ignore_ament_install']
[0.369s] Level 1:colcon.colcon_core.package_identification:_identify(sim/robot_relate_python) by extension 'ignore'
[0.369s] Level 1:colcon.colcon_core.package_identification:_identify(sim/robot_relate_python) by extension 'ignore_ament_install'
[0.369s] Level 1:colcon.colcon_core.package_identification:_identify(sim/robot_relate_python) by extensions ['colcon_pkg']
[0.369s] Level 1:colcon.colcon_core.package_identification:_identify(sim/robot_relate_python) by extension 'colcon_pkg'
[0.369s] Level 1:colcon.colcon_core.package_identification:_identify(sim/robot_relate_python) by extensions ['colcon_meta']
[0.369s] Level 1:colcon.colcon_core.package_identification:_identify(sim/robot_relate_python) by extension 'colcon_meta'
[0.369s] Level 1:colcon.colcon_core.package_identification:_identify(sim/robot_relate_python) by extensions ['ros']
[0.369s] Level 1:colcon.colcon_core.package_identification:_identify(sim/robot_relate_python) by extension 'ros'
[0.370s] DEBUG:colcon.colcon_core.package_identification:Package 'sim/robot_relate_python' with type 'ros.ament_python' and name 'robot_relate_python'
[0.370s] Level 1:colcon.colcon_core.package_identification:_identify(sim/sim_amcl_bringup) by extensions ['ignore', 'ignore_ament_install']
[0.370s] Level 1:colcon.colcon_core.package_identification:_identify(sim/sim_amcl_bringup) by extension 'ignore'
[0.370s] Level 1:colcon.colcon_core.package_identification:_identify(sim/sim_amcl_bringup) by extension 'ignore_ament_install'
[0.370s] Level 1:colcon.colcon_core.package_identification:_identify(sim/sim_amcl_bringup) by extensions ['colcon_pkg']
[0.370s] Level 1:colcon.colcon_core.package_identification:_identify(sim/sim_amcl_bringup) by extension 'colcon_pkg'
[0.370s] Level 1:colcon.colcon_core.package_identification:_identify(sim/sim_amcl_bringup) by extensions ['colcon_meta']
[0.370s] Level 1:colcon.colcon_core.package_identification:_identify(sim/sim_amcl_bringup) by extension 'colcon_meta'
[0.370s] Level 1:colcon.colcon_core.package_identification:_identify(sim/sim_amcl_bringup) by extensions ['ros']
[0.370s] Level 1:colcon.colcon_core.package_identification:_identify(sim/sim_amcl_bringup) by extension 'ros'
[0.371s] DEBUG:colcon.colcon_core.package_identification:Package 'sim/sim_amcl_bringup' with type 'ros.ament_cmake' and name 'sim_amcl_bringup'
[0.371s] Level 1:colcon.colcon_core.package_identification:_identify(vizanti_server) by extensions ['ignore', 'ignore_ament_install']
[0.371s] Level 1:colcon.colcon_core.package_identification:_identify(vizanti_server) by extension 'ignore'
[0.371s] Level 1:colcon.colcon_core.package_identification:_identify(vizanti_server) by extension 'ignore_ament_install'
[0.371s] Level 1:colcon.colcon_core.package_identification:_identify(vizanti_server) by extensions ['colcon_pkg']
[0.371s] Level 1:colcon.colcon_core.package_identification:_identify(vizanti_server) by extension 'colcon_pkg'
[0.371s] Level 1:colcon.colcon_core.package_identification:_identify(vizanti_server) by extensions ['colcon_meta']
[0.371s] Level 1:colcon.colcon_core.package_identification:_identify(vizanti_server) by extension 'colcon_meta'
[0.371s] Level 1:colcon.colcon_core.package_identification:_identify(vizanti_server) by extensions ['ros']
[0.371s] Level 1:colcon.colcon_core.package_identification:_identify(vizanti_server) by extension 'ros'
[0.371s] Level 1:colcon.colcon_core.package_identification:_identify(vizanti_server) by extensions ['cmake', 'python']
[0.371s] Level 1:colcon.colcon_core.package_identification:_identify(vizanti_server) by extension 'cmake'
[0.371s] Level 1:colcon.colcon_core.package_identification:_identify(vizanti_server) by extension 'python'
[0.371s] Level 1:colcon.colcon_core.package_identification:_identify(vizanti_server) by extensions ['python_setup_py']
[0.371s] Level 1:colcon.colcon_core.package_identification:_identify(vizanti_server) by extension 'python_setup_py'
[0.371s] Level 1:colcon.colcon_core.package_identification:_identify(vizanti_server/cicd) by extensions ['ignore', 'ignore_ament_install']
[0.371s] Level 1:colcon.colcon_core.package_identification:_identify(vizanti_server/cicd) by extension 'ignore'
[0.371s] Level 1:colcon.colcon_core.package_identification:_identify(vizanti_server/cicd) by extension 'ignore_ament_install'
[0.371s] Level 1:colcon.colcon_core.package_identification:_identify(vizanti_server/cicd) by extensions ['colcon_pkg']
[0.371s] Level 1:colcon.colcon_core.package_identification:_identify(vizanti_server/cicd) by extension 'colcon_pkg'
[0.371s] Level 1:colcon.colcon_core.package_identification:_identify(vizanti_server/cicd) by extensions ['colcon_meta']
[0.372s] Level 1:colcon.colcon_core.package_identification:_identify(vizanti_server/cicd) by extension 'colcon_meta'
[0.372s] Level 1:colcon.colcon_core.package_identification:_identify(vizanti_server/cicd) by extensions ['ros']
[0.372s] Level 1:colcon.colcon_core.package_identification:_identify(vizanti_server/cicd) by extension 'ros'
[0.372s] Level 1:colcon.colcon_core.package_identification:_identify(vizanti_server/cicd) by extensions ['cmake', 'python']
[0.372s] Level 1:colcon.colcon_core.package_identification:_identify(vizanti_server/cicd) by extension 'cmake'
[0.372s] Level 1:colcon.colcon_core.package_identification:_identify(vizanti_server/cicd) by extension 'python'
[0.372s] Level 1:colcon.colcon_core.package_identification:_identify(vizanti_server/cicd) by extensions ['python_setup_py']
[0.372s] Level 1:colcon.colcon_core.package_identification:_identify(vizanti_server/cicd) by extension 'python_setup_py'
[0.372s] Level 1:colcon.colcon_core.package_identification:_identify(vizanti_server/cicd/devops) by extensions ['ignore', 'ignore_ament_install']
[0.372s] Level 1:colcon.colcon_core.package_identification:_identify(vizanti_server/cicd/devops) by extension 'ignore'
[0.372s] Level 1:colcon.colcon_core.package_identification:_identify(vizanti_server/cicd/devops) by extension 'ignore_ament_install'
[0.372s] Level 1:colcon.colcon_core.package_identification:_identify(vizanti_server/cicd/devops) by extensions ['colcon_pkg']
[0.372s] Level 1:colcon.colcon_core.package_identification:_identify(vizanti_server/cicd/devops) by extension 'colcon_pkg'
[0.372s] Level 1:colcon.colcon_core.package_identification:_identify(vizanti_server/cicd/devops) by extensions ['colcon_meta']
[0.372s] Level 1:colcon.colcon_core.package_identification:_identify(vizanti_server/cicd/devops) by extension 'colcon_meta'
[0.372s] Level 1:colcon.colcon_core.package_identification:_identify(vizanti_server/cicd/devops) by extensions ['ros']
[0.372s] Level 1:colcon.colcon_core.package_identification:_identify(vizanti_server/cicd/devops) by extension 'ros'
[0.372s] Level 1:colcon.colcon_core.package_identification:_identify(vizanti_server/cicd/devops) by extensions ['cmake', 'python']
[0.372s] Level 1:colcon.colcon_core.package_identification:_identify(vizanti_server/cicd/devops) by extension 'cmake'
[0.372s] Level 1:colcon.colcon_core.package_identification:_identify(vizanti_server/cicd/devops) by extension 'python'
[0.372s] Level 1:colcon.colcon_core.package_identification:_identify(vizanti_server/cicd/devops) by extensions ['python_setup_py']
[0.372s] Level 1:colcon.colcon_core.package_identification:_identify(vizanti_server/cicd/devops) by extension 'python_setup_py'
[0.372s] Level 1:colcon.colcon_core.package_identification:_identify(vizanti_server/cicd/devops/DEBIAN) by extensions ['ignore', 'ignore_ament_install']
[0.372s] Level 1:colcon.colcon_core.package_identification:_identify(vizanti_server/cicd/devops/DEBIAN) by extension 'ignore'
[0.372s] Level 1:colcon.colcon_core.package_identification:_identify(vizanti_server/cicd/devops/DEBIAN) by extension 'ignore_ament_install'
[0.372s] Level 1:colcon.colcon_core.package_identification:_identify(vizanti_server/cicd/devops/DEBIAN) by extensions ['colcon_pkg']
[0.372s] Level 1:colcon.colcon_core.package_identification:_identify(vizanti_server/cicd/devops/DEBIAN) by extension 'colcon_pkg'
[0.372s] Level 1:colcon.colcon_core.package_identification:_identify(vizanti_server/cicd/devops/DEBIAN) by extensions ['colcon_meta']
[0.373s] Level 1:colcon.colcon_core.package_identification:_identify(vizanti_server/cicd/devops/DEBIAN) by extension 'colcon_meta'
[0.373s] Level 1:colcon.colcon_core.package_identification:_identify(vizanti_server/cicd/devops/DEBIAN) by extensions ['ros']
[0.373s] Level 1:colcon.colcon_core.package_identification:_identify(vizanti_server/cicd/devops/DEBIAN) by extension 'ros'
[0.373s] Level 1:colcon.colcon_core.package_identification:_identify(vizanti_server/cicd/devops/DEBIAN) by extensions ['cmake', 'python']
[0.373s] Level 1:colcon.colcon_core.package_identification:_identify(vizanti_server/cicd/devops/DEBIAN) by extension 'cmake'
[0.373s] Level 1:colcon.colcon_core.package_identification:_identify(vizanti_server/cicd/devops/DEBIAN) by extension 'python'
[0.373s] Level 1:colcon.colcon_core.package_identification:_identify(vizanti_server/cicd/devops/DEBIAN) by extensions ['python_setup_py']
[0.373s] Level 1:colcon.colcon_core.package_identification:_identify(vizanti_server/cicd/devops/DEBIAN) by extension 'python_setup_py'
[0.373s] Level 1:colcon.colcon_core.package_identification:_identify(vizanti_server/src) by extensions ['ignore', 'ignore_ament_install']
[0.373s] Level 1:colcon.colcon_core.package_identification:_identify(vizanti_server/src) by extension 'ignore'
[0.373s] Level 1:colcon.colcon_core.package_identification:_identify(vizanti_server/src) by extension 'ignore_ament_install'
[0.373s] Level 1:colcon.colcon_core.package_identification:_identify(vizanti_server/src) by extensions ['colcon_pkg']
[0.373s] Level 1:colcon.colcon_core.package_identification:_identify(vizanti_server/src) by extension 'colcon_pkg'
[0.373s] Level 1:colcon.colcon_core.package_identification:_identify(vizanti_server/src) by extensions ['colcon_meta']
[0.373s] Level 1:colcon.colcon_core.package_identification:_identify(vizanti_server/src) by extension 'colcon_meta'
[0.373s] Level 1:colcon.colcon_core.package_identification:_identify(vizanti_server/src) by extensions ['ros']
[0.373s] Level 1:colcon.colcon_core.package_identification:_identify(vizanti_server/src) by extension 'ros'
[0.373s] Level 1:colcon.colcon_core.package_identification:_identify(vizanti_server/src) by extensions ['cmake', 'python']
[0.373s] Level 1:colcon.colcon_core.package_identification:_identify(vizanti_server/src) by extension 'cmake'
[0.373s] Level 1:colcon.colcon_core.package_identification:_identify(vizanti_server/src) by extension 'python'
[0.373s] Level 1:colcon.colcon_core.package_identification:_identify(vizanti_server/src) by extensions ['python_setup_py']
[0.373s] Level 1:colcon.colcon_core.package_identification:_identify(vizanti_server/src) by extension 'python_setup_py'
[0.373s] Level 1:colcon.colcon_core.package_identification:_identify(vizanti_server/src/rws) by extensions ['ignore', 'ignore_ament_install']
[0.373s] Level 1:colcon.colcon_core.package_identification:_identify(vizanti_server/src/rws) by extension 'ignore'
[0.373s] Level 1:colcon.colcon_core.package_identification:_identify(vizanti_server/src/rws) by extension 'ignore_ament_install'
[0.373s] Level 1:colcon.colcon_core.package_identification:_identify(vizanti_server/src/rws) by extensions ['colcon_pkg']
[0.373s] Level 1:colcon.colcon_core.package_identification:_identify(vizanti_server/src/rws) by extension 'colcon_pkg'
[0.374s] Level 1:colcon.colcon_core.package_identification:_identify(vizanti_server/src/rws) by extensions ['colcon_meta']
[0.374s] Level 1:colcon.colcon_core.package_identification:_identify(vizanti_server/src/rws) by extension 'colcon_meta'
[0.374s] Level 1:colcon.colcon_core.package_identification:_identify(vizanti_server/src/rws) by extensions ['ros']
[0.374s] Level 1:colcon.colcon_core.package_identification:_identify(vizanti_server/src/rws) by extension 'ros'
[0.374s] DEBUG:colcon.colcon_core.package_identification:Package 'vizanti_server/src/rws' with type 'ros.ament_cmake' and name 'rws'
[0.374s] Level 1:colcon.colcon_core.package_identification:_identify(vizanti_server/src/vizanti) by extensions ['ignore', 'ignore_ament_install']
[0.374s] Level 1:colcon.colcon_core.package_identification:_identify(vizanti_server/src/vizanti) by extension 'ignore'
[0.374s] Level 1:colcon.colcon_core.package_identification:_identify(vizanti_server/src/vizanti) by extension 'ignore_ament_install'
[0.374s] Level 1:colcon.colcon_core.package_identification:_identify(vizanti_server/src/vizanti) by extensions ['colcon_pkg']
[0.374s] Level 1:colcon.colcon_core.package_identification:_identify(vizanti_server/src/vizanti) by extension 'colcon_pkg'
[0.374s] Level 1:colcon.colcon_core.package_identification:_identify(vizanti_server/src/vizanti) by extensions ['colcon_meta']
[0.374s] Level 1:colcon.colcon_core.package_identification:_identify(vizanti_server/src/vizanti) by extension 'colcon_meta'
[0.374s] Level 1:colcon.colcon_core.package_identification:_identify(vizanti_server/src/vizanti) by extensions ['ros']
[0.374s] Level 1:colcon.colcon_core.package_identification:_identify(vizanti_server/src/vizanti) by extension 'ros'
[0.374s] Level 1:colcon.colcon_core.package_identification:_identify(vizanti_server/src/vizanti) by extensions ['cmake', 'python']
[0.375s] Level 1:colcon.colcon_core.package_identification:_identify(vizanti_server/src/vizanti) by extension 'cmake'
[0.375s] Level 1:colcon.colcon_core.package_identification:_identify(vizanti_server/src/vizanti) by extension 'python'
[0.375s] Level 1:colcon.colcon_core.package_identification:_identify(vizanti_server/src/vizanti) by extensions ['python_setup_py']
[0.375s] Level 1:colcon.colcon_core.package_identification:_identify(vizanti_server/src/vizanti) by extension 'python_setup_py'
[0.375s] Level 1:colcon.colcon_core.package_identification:_identify(vizanti_server/src/vizanti/docker) by extensions ['ignore', 'ignore_ament_install']
[0.375s] Level 1:colcon.colcon_core.package_identification:_identify(vizanti_server/src/vizanti/docker) by extension 'ignore'
[0.375s] Level 1:colcon.colcon_core.package_identification:_identify(vizanti_server/src/vizanti/docker) by extension 'ignore_ament_install'
[0.375s] Level 1:colcon.colcon_core.package_identification:_identify(vizanti_server/src/vizanti/docker) by extensions ['colcon_pkg']
[0.375s] Level 1:colcon.colcon_core.package_identification:_identify(vizanti_server/src/vizanti/docker) by extension 'colcon_pkg'
[0.375s] Level 1:colcon.colcon_core.package_identification:_identify(vizanti_server/src/vizanti/docker) by extensions ['colcon_meta']
[0.375s] Level 1:colcon.colcon_core.package_identification:_identify(vizanti_server/src/vizanti/docker) by extension 'colcon_meta'
[0.375s] Level 1:colcon.colcon_core.package_identification:_identify(vizanti_server/src/vizanti/docker) by extensions ['ros']
[0.375s] Level 1:colcon.colcon_core.package_identification:_identify(vizanti_server/src/vizanti/docker) by extension 'ros'
[0.375s] Level 1:colcon.colcon_core.package_identification:_identify(vizanti_server/src/vizanti/docker) by extensions ['cmake', 'python']
[0.375s] Level 1:colcon.colcon_core.package_identification:_identify(vizanti_server/src/vizanti/docker) by extension 'cmake'
[0.375s] Level 1:colcon.colcon_core.package_identification:_identify(vizanti_server/src/vizanti/docker) by extension 'python'
[0.375s] Level 1:colcon.colcon_core.package_identification:_identify(vizanti_server/src/vizanti/docker) by extensions ['python_setup_py']
[0.375s] Level 1:colcon.colcon_core.package_identification:_identify(vizanti_server/src/vizanti/docker) by extension 'python_setup_py'
[0.375s] Level 1:colcon.colcon_core.package_identification:_identify(vizanti_server/src/vizanti/vizanti) by extensions ['ignore', 'ignore_ament_install']
[0.375s] Level 1:colcon.colcon_core.package_identification:_identify(vizanti_server/src/vizanti/vizanti) by extension 'ignore'
[0.375s] Level 1:colcon.colcon_core.package_identification:_identify(vizanti_server/src/vizanti/vizanti) by extension 'ignore_ament_install'
[0.375s] Level 1:colcon.colcon_core.package_identification:_identify(vizanti_server/src/vizanti/vizanti) by extensions ['colcon_pkg']
[0.375s] Level 1:colcon.colcon_core.package_identification:_identify(vizanti_server/src/vizanti/vizanti) by extension 'colcon_pkg'
[0.375s] Level 1:colcon.colcon_core.package_identification:_identify(vizanti_server/src/vizanti/vizanti) by extensions ['colcon_meta']
[0.375s] Level 1:colcon.colcon_core.package_identification:_identify(vizanti_server/src/vizanti/vizanti) by extension 'colcon_meta'
[0.375s] Level 1:colcon.colcon_core.package_identification:_identify(vizanti_server/src/vizanti/vizanti) by extensions ['ros']
[0.375s] Level 1:colcon.colcon_core.package_identification:_identify(vizanti_server/src/vizanti/vizanti) by extension 'ros'
[0.376s] DEBUG:colcon.colcon_core.package_identification:Package 'vizanti_server/src/vizanti/vizanti' with type 'ros.ament_cmake' and name 'vizanti'
[0.376s] Level 1:colcon.colcon_core.package_identification:_identify(vizanti_server/src/vizanti/vizanti_cpp) by extensions ['ignore', 'ignore_ament_install']
[0.376s] Level 1:colcon.colcon_core.package_identification:_identify(vizanti_server/src/vizanti/vizanti_cpp) by extension 'ignore'
[0.376s] Level 1:colcon.colcon_core.package_identification:_identify(vizanti_server/src/vizanti/vizanti_cpp) by extension 'ignore_ament_install'
[0.376s] Level 1:colcon.colcon_core.package_identification:_identify(vizanti_server/src/vizanti/vizanti_cpp) by extensions ['colcon_pkg']
[0.376s] Level 1:colcon.colcon_core.package_identification:_identify(vizanti_server/src/vizanti/vizanti_cpp) by extension 'colcon_pkg'
[0.376s] Level 1:colcon.colcon_core.package_identification:_identify(vizanti_server/src/vizanti/vizanti_cpp) by extensions ['colcon_meta']
[0.376s] Level 1:colcon.colcon_core.package_identification:_identify(vizanti_server/src/vizanti/vizanti_cpp) by extension 'colcon_meta'
[0.376s] Level 1:colcon.colcon_core.package_identification:_identify(vizanti_server/src/vizanti/vizanti_cpp) by extensions ['ros']
[0.376s] Level 1:colcon.colcon_core.package_identification:_identify(vizanti_server/src/vizanti/vizanti_cpp) by extension 'ros'
[0.377s] DEBUG:colcon.colcon_core.package_identification:Package 'vizanti_server/src/vizanti/vizanti_cpp' with type 'ros.ament_cmake' and name 'vizanti_cpp'
[0.377s] Level 1:colcon.colcon_core.package_identification:_identify(vizanti_server/src/vizanti/vizanti_demos) by extensions ['ignore', 'ignore_ament_install']
[0.377s] Level 1:colcon.colcon_core.package_identification:_identify(vizanti_server/src/vizanti/vizanti_demos) by extension 'ignore'
[0.377s] Level 1:colcon.colcon_core.package_identification:_identify(vizanti_server/src/vizanti/vizanti_demos) by extension 'ignore_ament_install'
[0.377s] Level 1:colcon.colcon_core.package_identification:_identify(vizanti_server/src/vizanti/vizanti_demos) by extensions ['colcon_pkg']
[0.377s] Level 1:colcon.colcon_core.package_identification:_identify(vizanti_server/src/vizanti/vizanti_demos) by extension 'colcon_pkg'
[0.377s] Level 1:colcon.colcon_core.package_identification:_identify(vizanti_server/src/vizanti/vizanti_demos) by extensions ['colcon_meta']
[0.377s] Level 1:colcon.colcon_core.package_identification:_identify(vizanti_server/src/vizanti/vizanti_demos) by extension 'colcon_meta'
[0.377s] Level 1:colcon.colcon_core.package_identification:_identify(vizanti_server/src/vizanti/vizanti_demos) by extensions ['ros']
[0.377s] Level 1:colcon.colcon_core.package_identification:_identify(vizanti_server/src/vizanti/vizanti_demos) by extension 'ros'
[0.378s] DEBUG:colcon.colcon_core.package_identification:Package 'vizanti_server/src/vizanti/vizanti_demos' with type 'ros.ament_cmake' and name 'vizanti_demos'
[0.378s] Level 1:colcon.colcon_core.package_identification:_identify(vizanti_server/src/vizanti/vizanti_msgs) by extensions ['ignore', 'ignore_ament_install']
[0.378s] Level 1:colcon.colcon_core.package_identification:_identify(vizanti_server/src/vizanti/vizanti_msgs) by extension 'ignore'
[0.378s] Level 1:colcon.colcon_core.package_identification:_identify(vizanti_server/src/vizanti/vizanti_msgs) by extension 'ignore_ament_install'
[0.378s] Level 1:colcon.colcon_core.package_identification:_identify(vizanti_server/src/vizanti/vizanti_msgs) by extensions ['colcon_pkg']
[0.378s] Level 1:colcon.colcon_core.package_identification:_identify(vizanti_server/src/vizanti/vizanti_msgs) by extension 'colcon_pkg'
[0.378s] Level 1:colcon.colcon_core.package_identification:_identify(vizanti_server/src/vizanti/vizanti_msgs) by extensions ['colcon_meta']
[0.378s] Level 1:colcon.colcon_core.package_identification:_identify(vizanti_server/src/vizanti/vizanti_msgs) by extension 'colcon_meta'
[0.378s] Level 1:colcon.colcon_core.package_identification:_identify(vizanti_server/src/vizanti/vizanti_msgs) by extensions ['ros']
[0.378s] Level 1:colcon.colcon_core.package_identification:_identify(vizanti_server/src/vizanti/vizanti_msgs) by extension 'ros'
[0.379s] DEBUG:colcon.colcon_core.package_identification:Package 'vizanti_server/src/vizanti/vizanti_msgs' with type 'ros.ament_cmake' and name 'vizanti_msgs'
[0.379s] Level 1:colcon.colcon_core.package_identification:_identify(vizanti_server/src/vizanti/vizanti_server) by extensions ['ignore', 'ignore_ament_install']
[0.379s] Level 1:colcon.colcon_core.package_identification:_identify(vizanti_server/src/vizanti/vizanti_server) by extension 'ignore'
[0.379s] Level 1:colcon.colcon_core.package_identification:_identify(vizanti_server/src/vizanti/vizanti_server) by extension 'ignore_ament_install'
[0.379s] Level 1:colcon.colcon_core.package_identification:_identify(vizanti_server/src/vizanti/vizanti_server) by extensions ['colcon_pkg']
[0.379s] Level 1:colcon.colcon_core.package_identification:_identify(vizanti_server/src/vizanti/vizanti_server) by extension 'colcon_pkg'
[0.379s] Level 1:colcon.colcon_core.package_identification:_identify(vizanti_server/src/vizanti/vizanti_server) by extensions ['colcon_meta']
[0.379s] Level 1:colcon.colcon_core.package_identification:_identify(vizanti_server/src/vizanti/vizanti_server) by extension 'colcon_meta'
[0.379s] Level 1:colcon.colcon_core.package_identification:_identify(vizanti_server/src/vizanti/vizanti_server) by extensions ['ros']
[0.379s] Level 1:colcon.colcon_core.package_identification:_identify(vizanti_server/src/vizanti/vizanti_server) by extension 'ros'
[0.380s] DEBUG:colcon.colcon_core.package_identification:Package 'vizanti_server/src/vizanti/vizanti_server' with type 'ros.ament_cmake' and name 'vizanti_server'
[0.381s] Level 1:colcon.colcon_core.package_discovery:discover_packages(recursive) using defaults
[0.381s] Level 1:colcon.colcon_core.package_discovery:discover_packages(ignore) discover
[0.381s] Level 1:colcon.colcon_core.package_discovery:discover_packages(ignore) using defaults
[0.381s] Level 1:colcon.colcon_core.package_discovery:discover_packages(path) discover
[0.381s] Level 1:colcon.colcon_core.package_discovery:discover_packages(path) using defaults
[0.417s] INFO:colcon.colcon_core.package_selection:Skipping not selected package 'defender_3a' in 'sim/defender_3a'
[0.417s] INFO:colcon.colcon_core.package_selection:Skipping not selected package 'gac_nav2_voxel_grid' in 'nav_ws_gazebo/src/gac_navigation2/gac_nav2_voxel_grid'
[0.417s] INFO:colcon.colcon_core.package_selection:Skipping not selected package 'gac_robot_msgs' in 'nav_ws_gazebo/src/gac_robot_msgs'
[0.417s] INFO:colcon.colcon_core.package_selection:Skipping not selected package 'laser_odom_transformer' in 'nav_ws_gazebo/src/laser_odom_transformer'
[0.417s] INFO:colcon.colcon_core.package_selection:Skipping not selected package 'mqtt_nav_control_cpp' in 'nav_ws_gazebo/src/mqtt_nav_control_cpp'
[0.417s] INFO:colcon.colcon_core.package_selection:Skipping not selected package 'nav2_util' in 'nav_ws_gazebo/src/gac_navigation2/nav2_util'
[0.417s] INFO:colcon.colcon_core.package_selection:Skipping not selected package 'nav_2d_msgs' in 'nav_ws_gazebo/src/gac_navigation2/nav2_dwb_controller/nav_2d_msgs'
[0.417s] INFO:colcon.colcon_core.package_selection:Skipping not selected package 'record_path' in 'nav_ws_gazebo/src/record_path'
[0.417s] INFO:colcon.colcon_core.package_selection:Skipping not selected package 'robot_relate' in 'sim/robot_relate'
[0.417s] INFO:colcon.colcon_core.package_selection:Skipping not selected package 'robot_relate_python' in 'sim/robot_relate_python'
[0.417s] INFO:colcon.colcon_core.package_selection:Skipping not selected package 'rws' in 'vizanti_server/src/rws'
[0.417s] INFO:colcon.colcon_core.package_selection:Skipping not selected package 'vizanti_cpp' in 'vizanti_server/src/vizanti/vizanti_cpp'
[0.417s] INFO:colcon.colcon_core.package_selection:Skipping not selected package 'vizanti_msgs' in 'vizanti_server/src/vizanti/vizanti_msgs'
[0.417s] INFO:colcon.colcon_core.package_selection:Skipping not selected package 'dwb_msgs' in 'nav_ws_gazebo/src/gac_navigation2/nav2_dwb_controller/dwb_msgs'
[0.417s] INFO:colcon.colcon_core.package_selection:Skipping not selected package 'gac_nav2_behavior_tree' in 'nav_ws_gazebo/src/gac_navigation2/gac_nav2_behavior_tree'
[0.417s] INFO:colcon.colcon_core.package_selection:Skipping not selected package 'gac_nav2_velocity_smoother' in 'nav_ws_gazebo/src/gac_navigation2/gac_nav2_velocity_smoother'
[0.417s] INFO:colcon.colcon_core.package_selection:Skipping not selected package 'gac_robot_task_py' in 'nav_ws_gazebo/src/gac_robot_task_py'
[0.417s] INFO:colcon.colcon_core.package_selection:Skipping not selected package 'nav2_lifecycle_manager' in 'nav_ws_gazebo/src/gac_navigation2/nav2_lifecycle_manager'
[0.417s] INFO:colcon.colcon_core.package_selection:Skipping not selected package 'nav2_map_server' in 'nav_ws_gazebo/src/gac_navigation2/nav2_map_server'
[0.417s] INFO:colcon.colcon_core.package_selection:Skipping not selected package 'nav_2d_utils' in 'nav_ws_gazebo/src/gac_navigation2/nav2_dwb_controller/nav_2d_utils'
[0.418s] INFO:colcon.colcon_core.package_selection:Skipping not selected package 'road_network_collection_py' in 'nav_ws_gazebo/src/road_network_collection_py'
[0.418s] INFO:colcon.colcon_core.package_selection:Skipping not selected package 'robot_navigation' in 'nav_ws_gazebo/src/robot_navigation'
[0.418s] INFO:colcon.colcon_core.package_selection:Skipping not selected package 'vizanti_demos' in 'vizanti_server/src/vizanti/vizanti_demos'
[0.418s] INFO:colcon.colcon_core.package_selection:Skipping not selected package 'vizanti_server' in 'vizanti_server/src/vizanti/vizanti_server'
[0.418s] INFO:colcon.colcon_core.package_selection:Skipping not selected package 'gac_nav2_bringup' in 'nav_ws_gazebo/src/gac_navigation2/gac_nav2_bringup'
[0.418s] INFO:colcon.colcon_core.package_selection:Skipping not selected package 'gac_nav2_costmap_2d' in 'nav_ws_gazebo/src/gac_navigation2/gac_nav2_costmap_2d'
[0.418s] INFO:colcon.colcon_core.package_selection:Skipping not selected package 'nav2_keepout_pkg' in 'nav_ws_gazebo/src/gac_nav2_keepout_pkg'
[0.418s] INFO:colcon.colcon_core.package_selection:Skipping not selected package 'sim_amcl_bringup' in 'sim/sim_amcl_bringup'
[0.418s] INFO:colcon.colcon_core.package_selection:Skipping not selected package 'vizanti' in 'vizanti_server/src/vizanti/vizanti'
[0.418s] INFO:colcon.colcon_core.package_selection:Skipping not selected package 'costmap_queue' in 'nav_ws_gazebo/src/gac_navigation2/nav2_dwb_controller/costmap_queue'
[0.418s] INFO:colcon.colcon_core.package_selection:Skipping not selected package 'gac_nav2_collision_monitor' in 'nav_ws_gazebo/src/gac_navigation2/gac_nav2_collision_monitor'
[0.418s] INFO:colcon.colcon_core.package_selection:Skipping not selected package 'gac_nav2_core' in 'nav_ws_gazebo/src/gac_navigation2/gac_nav2_core'
[0.418s] INFO:colcon.colcon_core.package_selection:Skipping not selected package 'dwb_core' in 'nav_ws_gazebo/src/gac_navigation2/nav2_dwb_controller/dwb_core'
[0.418s] INFO:colcon.colcon_core.package_selection:Skipping not selected package 'gac_nav2_behaviors' in 'nav_ws_gazebo/src/gac_navigation2/gac_nav2_behaviors'
[0.418s] INFO:colcon.colcon_core.package_selection:Skipping not selected package 'gac_nav2_bt_navigator' in 'nav_ws_gazebo/src/gac_navigation2/gac_nav2_bt_navigator'
[0.418s] INFO:colcon.colcon_core.package_selection:Skipping not selected package 'gac_nav2_controller' in 'nav_ws_gazebo/src/gac_navigation2/gac_nav2_controller'
[0.418s] INFO:colcon.colcon_core.package_selection:Skipping not selected package 'gac_nav2_planner' in 'nav_ws_gazebo/src/gac_navigation2/gac_nav2_planner'
[0.418s] INFO:colcon.colcon_core.package_selection:Skipping not selected package 'gac_nav2_smoother' in 'nav_ws_gazebo/src/gac_navigation2/gac_nav2_smoother'
[0.418s] INFO:colcon.colcon_core.package_selection:Skipping not selected package 'gac_nav2_waypoint_follower' in 'nav_ws_gazebo/src/gac_navigation2/gac_nav2_waypoint_follower'
[0.418s] INFO:colcon.colcon_core.package_selection:Skipping not selected package 'nav2_fixed_path_route' in 'nav_ws_gazebo/src/gac_navigation2/nav2_fixed_path_route'
[0.418s] INFO:colcon.colcon_core.package_selection:Skipping not selected package 'nav2_mppi_controller' in 'nav_ws_gazebo/src/gac_navigation2/nav2_mppi_controller'
[0.418s] INFO:colcon.colcon_core.package_selection:Skipping not selected package 'nav2_navfn_planner' in 'nav_ws_gazebo/src/gac_navigation2/nav2_navfn_planner'
[0.418s] INFO:colcon.colcon_core.package_selection:Skipping not selected package 'nav2_rotation_shim_controller' in 'nav_ws_gazebo/src/gac_navigation2/nav2_rotation_shim_controller'
[0.418s] INFO:colcon.colcon_core.package_selection:Skipping not selected package 'nav2_smac_planner' in 'nav_ws_gazebo/src/gac_navigation2/nav2_smac_planner'
[0.418s] INFO:colcon.colcon_core.package_selection:Skipping not selected package 'nav2_theta_star_planner' in 'nav_ws_gazebo/src/gac_navigation2/nav2_theta_star_planner'
[0.418s] INFO:colcon.colcon_core.package_selection:Skipping not selected package 'dwb_critics' in 'nav_ws_gazebo/src/gac_navigation2/nav2_dwb_controller/dwb_critics'
[0.418s] INFO:colcon.colcon_core.package_selection:Skipping not selected package 'dwb_plugins' in 'nav_ws_gazebo/src/gac_navigation2/nav2_dwb_controller/dwb_plugins'
[0.418s] INFO:colcon.colcon_core.package_selection:Skipping not selected package 'gac_navigation2' in 'nav_ws_gazebo/src/gac_navigation2/gac_navigation2'
[0.418s] INFO:colcon.colcon_core.package_selection:Skipping not selected package 'nav2_graceful_controller' in 'nav_ws_gazebo/src/gac_navigation2/nav2_graceful_controller'
[0.418s] INFO:colcon.colcon_core.package_selection:Skipping not selected package 'nav2_regulated_pure_pursuit_controller' in 'nav_ws_gazebo/src/gac_navigation2/nav2_regulated_pure_pursuit_controller'
[0.418s] INFO:colcon.colcon_core.package_selection:Skipping not selected package 'nav2_dwb_controller' in 'nav_ws_gazebo/src/gac_navigation2/nav2_dwb_controller/nav2_dwb_controller'
[0.419s] Level 1:colcon.colcon_core.package_discovery:discover_packages(prefix_path) check parameters
[0.419s] Level 1:colcon.colcon_core.package_discovery:discover_packages(prefix_path) discover
[0.423s] DEBUG:colcon.colcon_installed_package_information.package_discovery:Found 40 installed packages in /home/zr/code/test/nav2_ws/install
[0.425s] DEBUG:colcon.colcon_installed_package_information.package_discovery:Found 448 installed packages in /opt/ros/humble
[0.429s] Level 1:colcon.colcon_core.package_discovery:discover_packages(prefix_path) using defaults
[0.477s] Level 5:colcon.colcon_core.verb:set package 'gac_robot_task' build argument 'cmake_args' from command line to 'None'
[0.477s] Level 5:colcon.colcon_core.verb:set package 'gac_robot_task' build argument 'cmake_target' from command line to 'None'
[0.477s] Level 5:colcon.colcon_core.verb:set package 'gac_robot_task' build argument 'cmake_target_skip_unavailable' from command line to 'False'
[0.477s] Level 5:colcon.colcon_core.verb:set package 'gac_robot_task' build argument 'cmake_clean_cache' from command line to 'False'
[0.477s] Level 5:colcon.colcon_core.verb:set package 'gac_robot_task' build argument 'cmake_clean_first' from command line to 'False'
[0.477s] Level 5:colcon.colcon_core.verb:set package 'gac_robot_task' build argument 'cmake_force_configure' from command line to 'False'
[0.477s] Level 5:colcon.colcon_core.verb:set package 'gac_robot_task' build argument 'ament_cmake_args' from command line to 'None'
[0.477s] Level 5:colcon.colcon_core.verb:set package 'gac_robot_task' build argument 'catkin_cmake_args' from command line to 'None'
[0.477s] Level 5:colcon.colcon_core.verb:set package 'gac_robot_task' build argument 'catkin_skip_building_tests' from command line to 'False'
[0.477s] DEBUG:colcon.colcon_core.verb:Building package 'gac_robot_task' with the following arguments: {'ament_cmake_args': None, 'build_base': '/home/zr/code/src/build/gac_robot_task', 'catkin_cmake_args': None, 'catkin_skip_building_tests': False, 'cmake_args': None, 'cmake_clean_cache': False, 'cmake_clean_first': False, 'cmake_force_configure': False, 'cmake_target': None, 'cmake_target_skip_unavailable': False, 'install_base': '/home/zr/code/src/install/gac_robot_task', 'merge_install': False, 'path': '/home/zr/code/src/nav_ws_gazebo/src/gac_robot_task', 'symlink_install': True, 'test_result_base': None}
[0.477s] INFO:colcon.colcon_core.executor:Executing jobs using 'parallel' executor
[0.478s] DEBUG:colcon.colcon_parallel_executor.executor.parallel:run_until_complete
[0.479s] INFO:colcon.colcon_ros.task.ament_cmake.build:Building ROS package in '/home/zr/code/src/nav_ws_gazebo/src/gac_robot_task' with build type 'ament_cmake'
[0.479s] INFO:colcon.colcon_cmake.task.cmake.build:Building CMake package in '/home/zr/code/src/nav_ws_gazebo/src/gac_robot_task'
[0.481s] INFO:colcon.colcon_core.plugin_system:Skipping extension 'colcon_core.shell.bat': Not used on non-Windows systems
[0.481s] INFO:colcon.colcon_core.shell:Skip shell extension 'powershell' for command environment: Not usable outside of PowerShell
[0.481s] DEBUG:colcon.colcon_core.shell:Skip shell extension 'dsv' for command environment
[0.498s] DEBUG:colcon.colcon_core.event_handler.log_command:Invoking command in '/home/zr/code/src/build/gac_robot_task': CMAKE_PREFIX_PATH=${CMAKE_PREFIX_PATH}:/home/zr/code/test/nav2_ws/install/nav2_simple_commander:/opt/ros/humble /usr/bin/cmake --build /home/zr/code/src/build/gac_robot_task -- -j16 -l16
[5.481s] DEBUG:colcon.colcon_core.event_handler.log_command:Invoked command in '/home/zr/code/src/build/gac_robot_task' returned '2': CMAKE_PREFIX_PATH=${CMAKE_PREFIX_PATH}:/home/zr/code/test/nav2_ws/install/nav2_simple_commander:/opt/ros/humble /usr/bin/cmake --build /home/zr/code/src/build/gac_robot_task -- -j16 -l16
[5.481s] Level 1:colcon.colcon_core.environment:create_environment_scripts_only(gac_robot_task)
[5.484s] Level 1:colcon.colcon_core.environment:checking '/home/zr/code/src/install/gac_robot_task' for CMake module files
[5.484s] Level 1:colcon.colcon_core.environment:checking '/home/zr/code/src/install/gac_robot_task' for CMake config files
[5.485s] Level 1:colcon.colcon_core.shell:create_environment_hook('gac_robot_task', 'cmake_prefix_path')
[5.485s] INFO:colcon.colcon_core.shell:Creating environment hook '/home/zr/code/src/install/gac_robot_task/share/gac_robot_task/hook/cmake_prefix_path.ps1'
[5.486s] INFO:colcon.colcon_core.shell:Creating environment descriptor '/home/zr/code/src/install/gac_robot_task/share/gac_robot_task/hook/cmake_prefix_path.dsv'
[5.486s] INFO:colcon.colcon_core.shell:Creating environment hook '/home/zr/code/src/install/gac_robot_task/share/gac_robot_task/hook/cmake_prefix_path.sh'
[5.487s] Level 1:colcon.colcon_core.environment:checking '/home/zr/code/src/install/gac_robot_task/lib'
[5.487s] Level 1:colcon.colcon_core.shell:create_environment_hook('gac_robot_task', 'ld_library_path_lib')
[5.487s] INFO:colcon.colcon_core.shell:Creating environment hook '/home/zr/code/src/install/gac_robot_task/share/gac_robot_task/hook/ld_library_path_lib.ps1'
[5.487s] INFO:colcon.colcon_core.shell:Creating environment descriptor '/home/zr/code/src/install/gac_robot_task/share/gac_robot_task/hook/ld_library_path_lib.dsv'
[5.488s] INFO:colcon.colcon_core.shell:Creating environment hook '/home/zr/code/src/install/gac_robot_task/share/gac_robot_task/hook/ld_library_path_lib.sh'
[5.488s] Level 1:colcon.colcon_core.environment:checking '/home/zr/code/src/install/gac_robot_task/bin'
[5.488s] Level 1:colcon.colcon_core.environment:checking '/home/zr/code/src/install/gac_robot_task/lib/pkgconfig/gac_robot_task.pc'
[5.488s] Level 1:colcon.colcon_core.environment:checking '/home/zr/code/src/install/gac_robot_task/lib/python3.10/site-packages'
[5.488s] Level 1:colcon.colcon_core.environment:checking '/home/zr/code/src/install/gac_robot_task/bin'
[5.489s] INFO:colcon.colcon_core.shell:Creating package script '/home/zr/code/src/install/gac_robot_task/share/gac_robot_task/package.ps1'
[5.489s] INFO:colcon.colcon_core.shell:Creating package descriptor '/home/zr/code/src/install/gac_robot_task/share/gac_robot_task/package.dsv'
[5.490s] INFO:colcon.colcon_core.shell:Creating package script '/home/zr/code/src/install/gac_robot_task/share/gac_robot_task/package.sh'
[5.490s] INFO:colcon.colcon_core.shell:Creating package script '/home/zr/code/src/install/gac_robot_task/share/gac_robot_task/package.bash'
[5.491s] INFO:colcon.colcon_core.shell:Creating package script '/home/zr/code/src/install/gac_robot_task/share/gac_robot_task/package.zsh'
[5.491s] Level 1:colcon.colcon_core.environment:create_file_with_runtime_dependencies(/home/zr/code/src/install/gac_robot_task/share/colcon-core/packages/gac_robot_task)
[5.502s] DEBUG:colcon.colcon_parallel_executor.executor.parallel:closing loop
[5.502s] DEBUG:colcon.colcon_parallel_executor.executor.parallel:loop closed
[5.502s] DEBUG:colcon.colcon_parallel_executor.executor.parallel:run_until_complete finished with '2'
[5.502s] DEBUG:colcon.colcon_core.event_reactor:joining thread
[5.510s] INFO:colcon.colcon_core.plugin_system:Skipping extension 'colcon_notification.desktop_notification.terminal_notifier': Not used on non-Darwin systems
[5.510s] INFO:colcon.colcon_core.plugin_system:Skipping extension 'colcon_notification.desktop_notification.win32': Not used on non-Windows systems
[5.510s] INFO:colcon.colcon_notification.desktop_notification:Sending desktop notification using 'notify2'
[5.520s] DEBUG:colcon.colcon_core.event_reactor:joined thread
[5.521s] INFO:colcon.colcon_core.shell:Creating prefix script '/home/zr/code/src/install/local_setup.ps1'
[5.522s] INFO:colcon.colcon_core.shell:Creating prefix util module '/home/zr/code/src/install/_local_setup_util_ps1.py'
[5.523s] INFO:colcon.colcon_core.shell:Creating prefix chain script '/home/zr/code/src/install/setup.ps1'
[5.527s] INFO:colcon.colcon_core.shell:Creating prefix script '/home/zr/code/src/install/local_setup.sh'
[5.527s] INFO:colcon.colcon_core.shell:Creating prefix util module '/home/zr/code/src/install/_local_setup_util_sh.py'
[5.528s] INFO:colcon.colcon_core.shell:Creating prefix chain script '/home/zr/code/src/install/setup.sh'
[5.531s] INFO:colcon.colcon_core.shell:Creating prefix script '/home/zr/code/src/install/local_setup.bash'
[5.531s] INFO:colcon.colcon_core.shell:Creating prefix chain script '/home/zr/code/src/install/setup.bash'
[5.534s] INFO:colcon.colcon_core.shell:Creating prefix script '/home/zr/code/src/install/local_setup.zsh'
[5.535s] INFO:colcon.colcon_core.shell:Creating prefix chain script '/home/zr/code/src/install/setup.zsh'
