[0.082s] DEBUG:colcon:Command line arguments: ['/usr/bin/colcon', 'build', '--packages-select', 'robot_relate']
[0.082s] DEBUG:colcon:Parsed command line arguments: Namespace(log_base=None, log_level=None, verb_name='build', build_base='build', install_base='install', merge_install=False, symlink_install=False, test_result_base=None, continue_on_error=False, executor='parallel', parallel_workers=16, event_handlers=None, ignore_user_meta=False, metas=['./colcon.meta'], base_paths=['.'], packages_ignore=None, packages_ignore_regex=None, paths=None, packages_up_to=None, packages_up_to_regex=None, packages_above=None, packages_above_and_dependencies=None, packages_above_depth=None, packages_select_by_dep=None, packages_skip_by_dep=None, packages_skip_up_to=None, packages_select_build_failed=False, packages_skip_build_finished=False, packages_select_test_failures=False, packages_skip_test_passed=False, packages_select=['robot_relate'], packages_skip=None, packages_select_regex=None, packages_skip_regex=None, packages_start=None, packages_end=None, allow_overriding=[], cmake_args=None, cmake_target=None, cmake_target_skip_unavailable=False, cmake_clean_cache=False, cmake_clean_first=False, cmake_force_configure=False, ament_cmake_args=None, catkin_cmake_args=None, catkin_skip_building_tests=False, verb_parser=<colcon_defaults.argument_parser.defaults.DefaultArgumentsDecorator object at 0x75b606873c40>, verb_extension=<colcon_core.verb.build.BuildVerb object at 0x75b6068736a0>, main=<bound method BuildVerb.main of <colcon_core.verb.build.BuildVerb object at 0x75b6068736a0>>)
[0.244s] Level 1:colcon.colcon_core.package_discovery:discover_packages(colcon_meta) check parameters
[0.244s] Level 1:colcon.colcon_core.package_discovery:discover_packages(recursive) check parameters
[0.244s] Level 1:colcon.colcon_core.package_discovery:discover_packages(ignore) check parameters
[0.244s] Level 1:colcon.colcon_core.package_discovery:discover_packages(path) check parameters
[0.244s] Level 1:colcon.colcon_core.package_discovery:discover_packages(colcon_meta) discover
[0.244s] Level 1:colcon.colcon_core.package_discovery:discover_packages(recursive) discover
[0.244s] INFO:colcon.colcon_core.package_discovery:Crawling recursively for packages in '/home/zr/code/src'
[0.244s] Level 1:colcon.colcon_core.package_identification:_identify(.) by extensions ['ignore', 'ignore_ament_install']
[0.244s] Level 1:colcon.colcon_core.package_identification:_identify(.) by extension 'ignore'
[0.244s] Level 1:colcon.colcon_core.package_identification:_identify(.) by extension 'ignore_ament_install'
[0.244s] Level 1:colcon.colcon_core.package_identification:_identify(.) by extensions ['colcon_pkg']
[0.244s] Level 1:colcon.colcon_core.package_identification:_identify(.) by extension 'colcon_pkg'
[0.245s] Level 1:colcon.colcon_core.package_identification:_identify(.) by extensions ['colcon_meta']
[0.245s] Level 1:colcon.colcon_core.package_identification:_identify(.) by extension 'colcon_meta'
[0.245s] Level 1:colcon.colcon_core.package_identification:_identify(.) by extensions ['ros']
[0.245s] Level 1:colcon.colcon_core.package_identification:_identify(.) by extension 'ros'
[0.261s] Level 1:colcon.colcon_core.package_identification:_identify(.) by extensions ['cmake', 'python']
[0.261s] Level 1:colcon.colcon_core.package_identification:_identify(.) by extension 'cmake'
[0.262s] Level 1:colcon.colcon_core.package_identification:_identify(.) by extension 'python'
[0.262s] Level 1:colcon.colcon_core.package_identification:_identify(.) by extensions ['python_setup_py']
[0.262s] Level 1:colcon.colcon_core.package_identification:_identify(.) by extension 'python_setup_py'
[0.262s] Level 1:colcon.colcon_core.package_identification:_identify(build) by extensions ['ignore', 'ignore_ament_install']
[0.262s] Level 1:colcon.colcon_core.package_identification:_identify(build) by extension 'ignore'
[0.262s] Level 1:colcon.colcon_core.package_identification:_identify(build) ignored
[0.262s] Level 1:colcon.colcon_core.package_identification:_identify(install) by extensions ['ignore', 'ignore_ament_install']
[0.262s] Level 1:colcon.colcon_core.package_identification:_identify(install) by extension 'ignore'
[0.262s] Level 1:colcon.colcon_core.package_identification:_identify(install) ignored
[0.262s] Level 1:colcon.colcon_core.package_identification:_identify(log) by extensions ['ignore', 'ignore_ament_install']
[0.262s] Level 1:colcon.colcon_core.package_identification:_identify(log) by extension 'ignore'
[0.262s] Level 1:colcon.colcon_core.package_identification:_identify(log) ignored
[0.262s] Level 1:colcon.colcon_core.package_identification:_identify(nav_ws_gazebo) by extensions ['ignore', 'ignore_ament_install']
[0.262s] Level 1:colcon.colcon_core.package_identification:_identify(nav_ws_gazebo) by extension 'ignore'
[0.262s] Level 1:colcon.colcon_core.package_identification:_identify(nav_ws_gazebo) by extension 'ignore_ament_install'
[0.262s] Level 1:colcon.colcon_core.package_identification:_identify(nav_ws_gazebo) by extensions ['colcon_pkg']
[0.262s] Level 1:colcon.colcon_core.package_identification:_identify(nav_ws_gazebo) by extension 'colcon_pkg'
[0.262s] Level 1:colcon.colcon_core.package_identification:_identify(nav_ws_gazebo) by extensions ['colcon_meta']
[0.262s] Level 1:colcon.colcon_core.package_identification:_identify(nav_ws_gazebo) by extension 'colcon_meta'
[0.262s] Level 1:colcon.colcon_core.package_identification:_identify(nav_ws_gazebo) by extensions ['ros']
[0.262s] Level 1:colcon.colcon_core.package_identification:_identify(nav_ws_gazebo) by extension 'ros'
[0.262s] Level 1:colcon.colcon_core.package_identification:_identify(nav_ws_gazebo) by extensions ['cmake', 'python']
[0.263s] Level 1:colcon.colcon_core.package_identification:_identify(nav_ws_gazebo) by extension 'cmake'
[0.263s] Level 1:colcon.colcon_core.package_identification:_identify(nav_ws_gazebo) by extension 'python'
[0.263s] Level 1:colcon.colcon_core.package_identification:_identify(nav_ws_gazebo) by extensions ['python_setup_py']
[0.263s] Level 1:colcon.colcon_core.package_identification:_identify(nav_ws_gazebo) by extension 'python_setup_py'
[0.263s] Level 1:colcon.colcon_core.package_identification:_identify(nav_ws_gazebo/log) by extensions ['ignore', 'ignore_ament_install']
[0.263s] Level 1:colcon.colcon_core.package_identification:_identify(nav_ws_gazebo/log) by extension 'ignore'
[0.263s] Level 1:colcon.colcon_core.package_identification:_identify(nav_ws_gazebo/log) ignored
[0.263s] Level 1:colcon.colcon_core.package_identification:_identify(nav_ws_gazebo/src) by extensions ['ignore', 'ignore_ament_install']
[0.263s] Level 1:colcon.colcon_core.package_identification:_identify(nav_ws_gazebo/src) by extension 'ignore'
[0.263s] Level 1:colcon.colcon_core.package_identification:_identify(nav_ws_gazebo/src) by extension 'ignore_ament_install'
[0.263s] Level 1:colcon.colcon_core.package_identification:_identify(nav_ws_gazebo/src) by extensions ['colcon_pkg']
[0.263s] Level 1:colcon.colcon_core.package_identification:_identify(nav_ws_gazebo/src) by extension 'colcon_pkg'
[0.263s] Level 1:colcon.colcon_core.package_identification:_identify(nav_ws_gazebo/src) by extensions ['colcon_meta']
[0.263s] Level 1:colcon.colcon_core.package_identification:_identify(nav_ws_gazebo/src) by extension 'colcon_meta'
[0.263s] Level 1:colcon.colcon_core.package_identification:_identify(nav_ws_gazebo/src) by extensions ['ros']
[0.263s] Level 1:colcon.colcon_core.package_identification:_identify(nav_ws_gazebo/src) by extension 'ros'
[0.263s] Level 1:colcon.colcon_core.package_identification:_identify(nav_ws_gazebo/src) by extensions ['cmake', 'python']
[0.263s] Level 1:colcon.colcon_core.package_identification:_identify(nav_ws_gazebo/src) by extension 'cmake'
[0.263s] Level 1:colcon.colcon_core.package_identification:_identify(nav_ws_gazebo/src) by extension 'python'
[0.263s] Level 1:colcon.colcon_core.package_identification:_identify(nav_ws_gazebo/src) by extensions ['python_setup_py']
[0.263s] Level 1:colcon.colcon_core.package_identification:_identify(nav_ws_gazebo/src) by extension 'python_setup_py'
[0.263s] Level 1:colcon.colcon_core.package_identification:_identify(nav_ws_gazebo/src/gac_nav2_keepout_pkg) by extensions ['ignore', 'ignore_ament_install']
[0.263s] Level 1:colcon.colcon_core.package_identification:_identify(nav_ws_gazebo/src/gac_nav2_keepout_pkg) by extension 'ignore'
[0.263s] Level 1:colcon.colcon_core.package_identification:_identify(nav_ws_gazebo/src/gac_nav2_keepout_pkg) by extension 'ignore_ament_install'
[0.263s] Level 1:colcon.colcon_core.package_identification:_identify(nav_ws_gazebo/src/gac_nav2_keepout_pkg) by extensions ['colcon_pkg']
[0.263s] Level 1:colcon.colcon_core.package_identification:_identify(nav_ws_gazebo/src/gac_nav2_keepout_pkg) by extension 'colcon_pkg'
[0.263s] Level 1:colcon.colcon_core.package_identification:_identify(nav_ws_gazebo/src/gac_nav2_keepout_pkg) by extensions ['colcon_meta']
[0.263s] Level 1:colcon.colcon_core.package_identification:_identify(nav_ws_gazebo/src/gac_nav2_keepout_pkg) by extension 'colcon_meta'
[0.263s] Level 1:colcon.colcon_core.package_identification:_identify(nav_ws_gazebo/src/gac_nav2_keepout_pkg) by extensions ['ros']
[0.264s] Level 1:colcon.colcon_core.package_identification:_identify(nav_ws_gazebo/src/gac_nav2_keepout_pkg) by extension 'ros'
[0.265s] DEBUG:colcon.colcon_core.package_identification:Package 'nav_ws_gazebo/src/gac_nav2_keepout_pkg' with type 'ros.ament_cmake' and name 'nav2_keepout_pkg'
[0.265s] Level 1:colcon.colcon_core.package_identification:_identify(nav_ws_gazebo/src/gac_navigation2) by extensions ['ignore', 'ignore_ament_install']
[0.265s] Level 1:colcon.colcon_core.package_identification:_identify(nav_ws_gazebo/src/gac_navigation2) by extension 'ignore'
[0.266s] Level 1:colcon.colcon_core.package_identification:_identify(nav_ws_gazebo/src/gac_navigation2) by extension 'ignore_ament_install'
[0.266s] Level 1:colcon.colcon_core.package_identification:_identify(nav_ws_gazebo/src/gac_navigation2) by extensions ['colcon_pkg']
[0.266s] Level 1:colcon.colcon_core.package_identification:_identify(nav_ws_gazebo/src/gac_navigation2) by extension 'colcon_pkg'
[0.266s] Level 1:colcon.colcon_core.package_identification:_identify(nav_ws_gazebo/src/gac_navigation2) by extensions ['colcon_meta']
[0.266s] Level 1:colcon.colcon_core.package_identification:_identify(nav_ws_gazebo/src/gac_navigation2) by extension 'colcon_meta'
[0.266s] Level 1:colcon.colcon_core.package_identification:_identify(nav_ws_gazebo/src/gac_navigation2) by extensions ['ros']
[0.266s] Level 1:colcon.colcon_core.package_identification:_identify(nav_ws_gazebo/src/gac_navigation2) by extension 'ros'
[0.266s] Level 1:colcon.colcon_core.package_identification:_identify(nav_ws_gazebo/src/gac_navigation2) by extensions ['cmake', 'python']
[0.266s] Level 1:colcon.colcon_core.package_identification:_identify(nav_ws_gazebo/src/gac_navigation2) by extension 'cmake'
[0.266s] Level 1:colcon.colcon_core.package_identification:_identify(nav_ws_gazebo/src/gac_navigation2) by extension 'python'
[0.266s] Level 1:colcon.colcon_core.package_identification:_identify(nav_ws_gazebo/src/gac_navigation2) by extensions ['python_setup_py']
[0.266s] Level 1:colcon.colcon_core.package_identification:_identify(nav_ws_gazebo/src/gac_navigation2) by extension 'python_setup_py'
[0.266s] Level 1:colcon.colcon_core.package_identification:_identify(nav_ws_gazebo/src/gac_navigation2/gac_nav2_behavior_tree) by extensions ['ignore', 'ignore_ament_install']
[0.266s] Level 1:colcon.colcon_core.package_identification:_identify(nav_ws_gazebo/src/gac_navigation2/gac_nav2_behavior_tree) by extension 'ignore'
[0.266s] Level 1:colcon.colcon_core.package_identification:_identify(nav_ws_gazebo/src/gac_navigation2/gac_nav2_behavior_tree) by extension 'ignore_ament_install'
[0.266s] Level 1:colcon.colcon_core.package_identification:_identify(nav_ws_gazebo/src/gac_navigation2/gac_nav2_behavior_tree) by extensions ['colcon_pkg']
[0.266s] Level 1:colcon.colcon_core.package_identification:_identify(nav_ws_gazebo/src/gac_navigation2/gac_nav2_behavior_tree) by extension 'colcon_pkg'
[0.266s] Level 1:colcon.colcon_core.package_identification:_identify(nav_ws_gazebo/src/gac_navigation2/gac_nav2_behavior_tree) by extensions ['colcon_meta']
[0.266s] Level 1:colcon.colcon_core.package_identification:_identify(nav_ws_gazebo/src/gac_navigation2/gac_nav2_behavior_tree) by extension 'colcon_meta'
[0.266s] Level 1:colcon.colcon_core.package_identification:_identify(nav_ws_gazebo/src/gac_navigation2/gac_nav2_behavior_tree) by extensions ['ros']
[0.266s] Level 1:colcon.colcon_core.package_identification:_identify(nav_ws_gazebo/src/gac_navigation2/gac_nav2_behavior_tree) by extension 'ros'
[0.267s] DEBUG:colcon.colcon_core.package_identification:Package 'nav_ws_gazebo/src/gac_navigation2/gac_nav2_behavior_tree' with type 'ros.ament_cmake' and name 'gac_nav2_behavior_tree'
[0.267s] Level 1:colcon.colcon_core.package_identification:_identify(nav_ws_gazebo/src/gac_navigation2/gac_nav2_behaviors) by extensions ['ignore', 'ignore_ament_install']
[0.267s] Level 1:colcon.colcon_core.package_identification:_identify(nav_ws_gazebo/src/gac_navigation2/gac_nav2_behaviors) by extension 'ignore'
[0.267s] Level 1:colcon.colcon_core.package_identification:_identify(nav_ws_gazebo/src/gac_navigation2/gac_nav2_behaviors) by extension 'ignore_ament_install'
[0.267s] Level 1:colcon.colcon_core.package_identification:_identify(nav_ws_gazebo/src/gac_navigation2/gac_nav2_behaviors) by extensions ['colcon_pkg']
[0.267s] Level 1:colcon.colcon_core.package_identification:_identify(nav_ws_gazebo/src/gac_navigation2/gac_nav2_behaviors) by extension 'colcon_pkg'
[0.267s] Level 1:colcon.colcon_core.package_identification:_identify(nav_ws_gazebo/src/gac_navigation2/gac_nav2_behaviors) by extensions ['colcon_meta']
[0.267s] Level 1:colcon.colcon_core.package_identification:_identify(nav_ws_gazebo/src/gac_navigation2/gac_nav2_behaviors) by extension 'colcon_meta'
[0.267s] Level 1:colcon.colcon_core.package_identification:_identify(nav_ws_gazebo/src/gac_navigation2/gac_nav2_behaviors) by extensions ['ros']
[0.267s] Level 1:colcon.colcon_core.package_identification:_identify(nav_ws_gazebo/src/gac_navigation2/gac_nav2_behaviors) by extension 'ros'
[0.268s] DEBUG:colcon.colcon_core.package_identification:Package 'nav_ws_gazebo/src/gac_navigation2/gac_nav2_behaviors' with type 'ros.ament_cmake' and name 'gac_nav2_behaviors'
[0.268s] Level 1:colcon.colcon_core.package_identification:_identify(nav_ws_gazebo/src/gac_navigation2/gac_nav2_bringup) by extensions ['ignore', 'ignore_ament_install']
[0.268s] Level 1:colcon.colcon_core.package_identification:_identify(nav_ws_gazebo/src/gac_navigation2/gac_nav2_bringup) by extension 'ignore'
[0.268s] Level 1:colcon.colcon_core.package_identification:_identify(nav_ws_gazebo/src/gac_navigation2/gac_nav2_bringup) by extension 'ignore_ament_install'
[0.268s] Level 1:colcon.colcon_core.package_identification:_identify(nav_ws_gazebo/src/gac_navigation2/gac_nav2_bringup) by extensions ['colcon_pkg']
[0.268s] Level 1:colcon.colcon_core.package_identification:_identify(nav_ws_gazebo/src/gac_navigation2/gac_nav2_bringup) by extension 'colcon_pkg'
[0.268s] Level 1:colcon.colcon_core.package_identification:_identify(nav_ws_gazebo/src/gac_navigation2/gac_nav2_bringup) by extensions ['colcon_meta']
[0.268s] Level 1:colcon.colcon_core.package_identification:_identify(nav_ws_gazebo/src/gac_navigation2/gac_nav2_bringup) by extension 'colcon_meta'
[0.268s] Level 1:colcon.colcon_core.package_identification:_identify(nav_ws_gazebo/src/gac_navigation2/gac_nav2_bringup) by extensions ['ros']
[0.268s] Level 1:colcon.colcon_core.package_identification:_identify(nav_ws_gazebo/src/gac_navigation2/gac_nav2_bringup) by extension 'ros'
[0.269s] DEBUG:colcon.colcon_core.package_identification:Package 'nav_ws_gazebo/src/gac_navigation2/gac_nav2_bringup' with type 'ros.ament_cmake' and name 'gac_nav2_bringup'
[0.269s] Level 1:colcon.colcon_core.package_identification:_identify(nav_ws_gazebo/src/gac_navigation2/gac_nav2_bt_navigator) by extensions ['ignore', 'ignore_ament_install']
[0.269s] Level 1:colcon.colcon_core.package_identification:_identify(nav_ws_gazebo/src/gac_navigation2/gac_nav2_bt_navigator) by extension 'ignore'
[0.269s] Level 1:colcon.colcon_core.package_identification:_identify(nav_ws_gazebo/src/gac_navigation2/gac_nav2_bt_navigator) by extension 'ignore_ament_install'
[0.269s] Level 1:colcon.colcon_core.package_identification:_identify(nav_ws_gazebo/src/gac_navigation2/gac_nav2_bt_navigator) by extensions ['colcon_pkg']
[0.269s] Level 1:colcon.colcon_core.package_identification:_identify(nav_ws_gazebo/src/gac_navigation2/gac_nav2_bt_navigator) by extension 'colcon_pkg'
[0.269s] Level 1:colcon.colcon_core.package_identification:_identify(nav_ws_gazebo/src/gac_navigation2/gac_nav2_bt_navigator) by extensions ['colcon_meta']
[0.269s] Level 1:colcon.colcon_core.package_identification:_identify(nav_ws_gazebo/src/gac_navigation2/gac_nav2_bt_navigator) by extension 'colcon_meta'
[0.269s] Level 1:colcon.colcon_core.package_identification:_identify(nav_ws_gazebo/src/gac_navigation2/gac_nav2_bt_navigator) by extensions ['ros']
[0.269s] Level 1:colcon.colcon_core.package_identification:_identify(nav_ws_gazebo/src/gac_navigation2/gac_nav2_bt_navigator) by extension 'ros'
[0.269s] DEBUG:colcon.colcon_core.package_identification:Package 'nav_ws_gazebo/src/gac_navigation2/gac_nav2_bt_navigator' with type 'ros.ament_cmake' and name 'gac_nav2_bt_navigator'
[0.270s] Level 1:colcon.colcon_core.package_identification:_identify(nav_ws_gazebo/src/gac_navigation2/gac_nav2_collision_monitor) by extensions ['ignore', 'ignore_ament_install']
[0.270s] Level 1:colcon.colcon_core.package_identification:_identify(nav_ws_gazebo/src/gac_navigation2/gac_nav2_collision_monitor) by extension 'ignore'
[0.270s] Level 1:colcon.colcon_core.package_identification:_identify(nav_ws_gazebo/src/gac_navigation2/gac_nav2_collision_monitor) by extension 'ignore_ament_install'
[0.270s] Level 1:colcon.colcon_core.package_identification:_identify(nav_ws_gazebo/src/gac_navigation2/gac_nav2_collision_monitor) by extensions ['colcon_pkg']
[0.270s] Level 1:colcon.colcon_core.package_identification:_identify(nav_ws_gazebo/src/gac_navigation2/gac_nav2_collision_monitor) by extension 'colcon_pkg'
[0.270s] Level 1:colcon.colcon_core.package_identification:_identify(nav_ws_gazebo/src/gac_navigation2/gac_nav2_collision_monitor) by extensions ['colcon_meta']
[0.270s] Level 1:colcon.colcon_core.package_identification:_identify(nav_ws_gazebo/src/gac_navigation2/gac_nav2_collision_monitor) by extension 'colcon_meta'
[0.270s] Level 1:colcon.colcon_core.package_identification:_identify(nav_ws_gazebo/src/gac_navigation2/gac_nav2_collision_monitor) by extensions ['ros']
[0.270s] Level 1:colcon.colcon_core.package_identification:_identify(nav_ws_gazebo/src/gac_navigation2/gac_nav2_collision_monitor) by extension 'ros'
[0.271s] DEBUG:colcon.colcon_core.package_identification:Package 'nav_ws_gazebo/src/gac_navigation2/gac_nav2_collision_monitor' with type 'ros.ament_cmake' and name 'gac_nav2_collision_monitor'
[0.271s] Level 1:colcon.colcon_core.package_identification:_identify(nav_ws_gazebo/src/gac_navigation2/gac_nav2_controller) by extensions ['ignore', 'ignore_ament_install']
[0.271s] Level 1:colcon.colcon_core.package_identification:_identify(nav_ws_gazebo/src/gac_navigation2/gac_nav2_controller) by extension 'ignore'
[0.271s] Level 1:colcon.colcon_core.package_identification:_identify(nav_ws_gazebo/src/gac_navigation2/gac_nav2_controller) by extension 'ignore_ament_install'
[0.271s] Level 1:colcon.colcon_core.package_identification:_identify(nav_ws_gazebo/src/gac_navigation2/gac_nav2_controller) by extensions ['colcon_pkg']
[0.271s] Level 1:colcon.colcon_core.package_identification:_identify(nav_ws_gazebo/src/gac_navigation2/gac_nav2_controller) by extension 'colcon_pkg'
[0.271s] Level 1:colcon.colcon_core.package_identification:_identify(nav_ws_gazebo/src/gac_navigation2/gac_nav2_controller) by extensions ['colcon_meta']
[0.271s] Level 1:colcon.colcon_core.package_identification:_identify(nav_ws_gazebo/src/gac_navigation2/gac_nav2_controller) by extension 'colcon_meta'
[0.271s] Level 1:colcon.colcon_core.package_identification:_identify(nav_ws_gazebo/src/gac_navigation2/gac_nav2_controller) by extensions ['ros']
[0.271s] Level 1:colcon.colcon_core.package_identification:_identify(nav_ws_gazebo/src/gac_navigation2/gac_nav2_controller) by extension 'ros'
[0.272s] DEBUG:colcon.colcon_core.package_identification:Package 'nav_ws_gazebo/src/gac_navigation2/gac_nav2_controller' with type 'ros.ament_cmake' and name 'gac_nav2_controller'
[0.272s] Level 1:colcon.colcon_core.package_identification:_identify(nav_ws_gazebo/src/gac_navigation2/gac_nav2_core) by extensions ['ignore', 'ignore_ament_install']
[0.272s] Level 1:colcon.colcon_core.package_identification:_identify(nav_ws_gazebo/src/gac_navigation2/gac_nav2_core) by extension 'ignore'
[0.272s] Level 1:colcon.colcon_core.package_identification:_identify(nav_ws_gazebo/src/gac_navigation2/gac_nav2_core) by extension 'ignore_ament_install'
[0.272s] Level 1:colcon.colcon_core.package_identification:_identify(nav_ws_gazebo/src/gac_navigation2/gac_nav2_core) by extensions ['colcon_pkg']
[0.272s] Level 1:colcon.colcon_core.package_identification:_identify(nav_ws_gazebo/src/gac_navigation2/gac_nav2_core) by extension 'colcon_pkg'
[0.272s] Level 1:colcon.colcon_core.package_identification:_identify(nav_ws_gazebo/src/gac_navigation2/gac_nav2_core) by extensions ['colcon_meta']
[0.272s] Level 1:colcon.colcon_core.package_identification:_identify(nav_ws_gazebo/src/gac_navigation2/gac_nav2_core) by extension 'colcon_meta'
[0.272s] Level 1:colcon.colcon_core.package_identification:_identify(nav_ws_gazebo/src/gac_navigation2/gac_nav2_core) by extensions ['ros']
[0.272s] Level 1:colcon.colcon_core.package_identification:_identify(nav_ws_gazebo/src/gac_navigation2/gac_nav2_core) by extension 'ros'
[0.273s] DEBUG:colcon.colcon_core.package_identification:Package 'nav_ws_gazebo/src/gac_navigation2/gac_nav2_core' with type 'ros.ament_cmake' and name 'gac_nav2_core'
[0.273s] Level 1:colcon.colcon_core.package_identification:_identify(nav_ws_gazebo/src/gac_navigation2/gac_nav2_costmap_2d) by extensions ['ignore', 'ignore_ament_install']
[0.273s] Level 1:colcon.colcon_core.package_identification:_identify(nav_ws_gazebo/src/gac_navigation2/gac_nav2_costmap_2d) by extension 'ignore'
[0.273s] Level 1:colcon.colcon_core.package_identification:_identify(nav_ws_gazebo/src/gac_navigation2/gac_nav2_costmap_2d) by extension 'ignore_ament_install'
[0.273s] Level 1:colcon.colcon_core.package_identification:_identify(nav_ws_gazebo/src/gac_navigation2/gac_nav2_costmap_2d) by extensions ['colcon_pkg']
[0.273s] Level 1:colcon.colcon_core.package_identification:_identify(nav_ws_gazebo/src/gac_navigation2/gac_nav2_costmap_2d) by extension 'colcon_pkg'
[0.273s] Level 1:colcon.colcon_core.package_identification:_identify(nav_ws_gazebo/src/gac_navigation2/gac_nav2_costmap_2d) by extensions ['colcon_meta']
[0.273s] Level 1:colcon.colcon_core.package_identification:_identify(nav_ws_gazebo/src/gac_navigation2/gac_nav2_costmap_2d) by extension 'colcon_meta'
[0.273s] Level 1:colcon.colcon_core.package_identification:_identify(nav_ws_gazebo/src/gac_navigation2/gac_nav2_costmap_2d) by extensions ['ros']
[0.273s] Level 1:colcon.colcon_core.package_identification:_identify(nav_ws_gazebo/src/gac_navigation2/gac_nav2_costmap_2d) by extension 'ros'
[0.275s] DEBUG:colcon.colcon_core.package_identification:Package 'nav_ws_gazebo/src/gac_navigation2/gac_nav2_costmap_2d' with type 'ros.ament_cmake' and name 'gac_nav2_costmap_2d'
[0.275s] Level 1:colcon.colcon_core.package_identification:_identify(nav_ws_gazebo/src/gac_navigation2/gac_nav2_planner) by extensions ['ignore', 'ignore_ament_install']
[0.275s] Level 1:colcon.colcon_core.package_identification:_identify(nav_ws_gazebo/src/gac_navigation2/gac_nav2_planner) by extension 'ignore'
[0.275s] Level 1:colcon.colcon_core.package_identification:_identify(nav_ws_gazebo/src/gac_navigation2/gac_nav2_planner) by extension 'ignore_ament_install'
[0.275s] Level 1:colcon.colcon_core.package_identification:_identify(nav_ws_gazebo/src/gac_navigation2/gac_nav2_planner) by extensions ['colcon_pkg']
[0.275s] Level 1:colcon.colcon_core.package_identification:_identify(nav_ws_gazebo/src/gac_navigation2/gac_nav2_planner) by extension 'colcon_pkg'
[0.275s] Level 1:colcon.colcon_core.package_identification:_identify(nav_ws_gazebo/src/gac_navigation2/gac_nav2_planner) by extensions ['colcon_meta']
[0.275s] Level 1:colcon.colcon_core.package_identification:_identify(nav_ws_gazebo/src/gac_navigation2/gac_nav2_planner) by extension 'colcon_meta'
[0.275s] Level 1:colcon.colcon_core.package_identification:_identify(nav_ws_gazebo/src/gac_navigation2/gac_nav2_planner) by extensions ['ros']
[0.275s] Level 1:colcon.colcon_core.package_identification:_identify(nav_ws_gazebo/src/gac_navigation2/gac_nav2_planner) by extension 'ros'
[0.276s] DEBUG:colcon.colcon_core.package_identification:Package 'nav_ws_gazebo/src/gac_navigation2/gac_nav2_planner' with type 'ros.ament_cmake' and name 'gac_nav2_planner'
[0.276s] Level 1:colcon.colcon_core.package_identification:_identify(nav_ws_gazebo/src/gac_navigation2/gac_nav2_smoother) by extensions ['ignore', 'ignore_ament_install']
[0.276s] Level 1:colcon.colcon_core.package_identification:_identify(nav_ws_gazebo/src/gac_navigation2/gac_nav2_smoother) by extension 'ignore'
[0.276s] Level 1:colcon.colcon_core.package_identification:_identify(nav_ws_gazebo/src/gac_navigation2/gac_nav2_smoother) by extension 'ignore_ament_install'
[0.276s] Level 1:colcon.colcon_core.package_identification:_identify(nav_ws_gazebo/src/gac_navigation2/gac_nav2_smoother) by extensions ['colcon_pkg']
[0.276s] Level 1:colcon.colcon_core.package_identification:_identify(nav_ws_gazebo/src/gac_navigation2/gac_nav2_smoother) by extension 'colcon_pkg'
[0.276s] Level 1:colcon.colcon_core.package_identification:_identify(nav_ws_gazebo/src/gac_navigation2/gac_nav2_smoother) by extensions ['colcon_meta']
[0.276s] Level 1:colcon.colcon_core.package_identification:_identify(nav_ws_gazebo/src/gac_navigation2/gac_nav2_smoother) by extension 'colcon_meta'
[0.276s] Level 1:colcon.colcon_core.package_identification:_identify(nav_ws_gazebo/src/gac_navigation2/gac_nav2_smoother) by extensions ['ros']
[0.276s] Level 1:colcon.colcon_core.package_identification:_identify(nav_ws_gazebo/src/gac_navigation2/gac_nav2_smoother) by extension 'ros'
[0.277s] DEBUG:colcon.colcon_core.package_identification:Package 'nav_ws_gazebo/src/gac_navigation2/gac_nav2_smoother' with type 'ros.ament_cmake' and name 'gac_nav2_smoother'
[0.277s] Level 1:colcon.colcon_core.package_identification:_identify(nav_ws_gazebo/src/gac_navigation2/gac_nav2_velocity_smoother) by extensions ['ignore', 'ignore_ament_install']
[0.277s] Level 1:colcon.colcon_core.package_identification:_identify(nav_ws_gazebo/src/gac_navigation2/gac_nav2_velocity_smoother) by extension 'ignore'
[0.277s] Level 1:colcon.colcon_core.package_identification:_identify(nav_ws_gazebo/src/gac_navigation2/gac_nav2_velocity_smoother) by extension 'ignore_ament_install'
[0.277s] Level 1:colcon.colcon_core.package_identification:_identify(nav_ws_gazebo/src/gac_navigation2/gac_nav2_velocity_smoother) by extensions ['colcon_pkg']
[0.277s] Level 1:colcon.colcon_core.package_identification:_identify(nav_ws_gazebo/src/gac_navigation2/gac_nav2_velocity_smoother) by extension 'colcon_pkg'
[0.277s] Level 1:colcon.colcon_core.package_identification:_identify(nav_ws_gazebo/src/gac_navigation2/gac_nav2_velocity_smoother) by extensions ['colcon_meta']
[0.277s] Level 1:colcon.colcon_core.package_identification:_identify(nav_ws_gazebo/src/gac_navigation2/gac_nav2_velocity_smoother) by extension 'colcon_meta'
[0.277s] Level 1:colcon.colcon_core.package_identification:_identify(nav_ws_gazebo/src/gac_navigation2/gac_nav2_velocity_smoother) by extensions ['ros']
[0.277s] Level 1:colcon.colcon_core.package_identification:_identify(nav_ws_gazebo/src/gac_navigation2/gac_nav2_velocity_smoother) by extension 'ros'
[0.278s] DEBUG:colcon.colcon_core.package_identification:Package 'nav_ws_gazebo/src/gac_navigation2/gac_nav2_velocity_smoother' with type 'ros.ament_cmake' and name 'gac_nav2_velocity_smoother'
[0.278s] Level 1:colcon.colcon_core.package_identification:_identify(nav_ws_gazebo/src/gac_navigation2/gac_nav2_voxel_grid) by extensions ['ignore', 'ignore_ament_install']
[0.278s] Level 1:colcon.colcon_core.package_identification:_identify(nav_ws_gazebo/src/gac_navigation2/gac_nav2_voxel_grid) by extension 'ignore'
[0.278s] Level 1:colcon.colcon_core.package_identification:_identify(nav_ws_gazebo/src/gac_navigation2/gac_nav2_voxel_grid) by extension 'ignore_ament_install'
[0.278s] Level 1:colcon.colcon_core.package_identification:_identify(nav_ws_gazebo/src/gac_navigation2/gac_nav2_voxel_grid) by extensions ['colcon_pkg']
[0.278s] Level 1:colcon.colcon_core.package_identification:_identify(nav_ws_gazebo/src/gac_navigation2/gac_nav2_voxel_grid) by extension 'colcon_pkg'
[0.278s] Level 1:colcon.colcon_core.package_identification:_identify(nav_ws_gazebo/src/gac_navigation2/gac_nav2_voxel_grid) by extensions ['colcon_meta']
[0.278s] Level 1:colcon.colcon_core.package_identification:_identify(nav_ws_gazebo/src/gac_navigation2/gac_nav2_voxel_grid) by extension 'colcon_meta'
[0.278s] Level 1:colcon.colcon_core.package_identification:_identify(nav_ws_gazebo/src/gac_navigation2/gac_nav2_voxel_grid) by extensions ['ros']
[0.278s] Level 1:colcon.colcon_core.package_identification:_identify(nav_ws_gazebo/src/gac_navigation2/gac_nav2_voxel_grid) by extension 'ros'
[0.279s] DEBUG:colcon.colcon_core.package_identification:Package 'nav_ws_gazebo/src/gac_navigation2/gac_nav2_voxel_grid' with type 'ros.ament_cmake' and name 'gac_nav2_voxel_grid'
[0.279s] Level 1:colcon.colcon_core.package_identification:_identify(nav_ws_gazebo/src/gac_navigation2/gac_nav2_waypoint_follower) by extensions ['ignore', 'ignore_ament_install']
[0.279s] Level 1:colcon.colcon_core.package_identification:_identify(nav_ws_gazebo/src/gac_navigation2/gac_nav2_waypoint_follower) by extension 'ignore'
[0.279s] Level 1:colcon.colcon_core.package_identification:_identify(nav_ws_gazebo/src/gac_navigation2/gac_nav2_waypoint_follower) by extension 'ignore_ament_install'
[0.279s] Level 1:colcon.colcon_core.package_identification:_identify(nav_ws_gazebo/src/gac_navigation2/gac_nav2_waypoint_follower) by extensions ['colcon_pkg']
[0.279s] Level 1:colcon.colcon_core.package_identification:_identify(nav_ws_gazebo/src/gac_navigation2/gac_nav2_waypoint_follower) by extension 'colcon_pkg'
[0.279s] Level 1:colcon.colcon_core.package_identification:_identify(nav_ws_gazebo/src/gac_navigation2/gac_nav2_waypoint_follower) by extensions ['colcon_meta']
[0.279s] Level 1:colcon.colcon_core.package_identification:_identify(nav_ws_gazebo/src/gac_navigation2/gac_nav2_waypoint_follower) by extension 'colcon_meta'
[0.279s] Level 1:colcon.colcon_core.package_identification:_identify(nav_ws_gazebo/src/gac_navigation2/gac_nav2_waypoint_follower) by extensions ['ros']
[0.279s] Level 1:colcon.colcon_core.package_identification:_identify(nav_ws_gazebo/src/gac_navigation2/gac_nav2_waypoint_follower) by extension 'ros'
[0.280s] DEBUG:colcon.colcon_core.package_identification:Package 'nav_ws_gazebo/src/gac_navigation2/gac_nav2_waypoint_follower' with type 'ros.ament_cmake' and name 'gac_nav2_waypoint_follower'
[0.280s] Level 1:colcon.colcon_core.package_identification:_identify(nav_ws_gazebo/src/gac_navigation2/gac_navigation2) by extensions ['ignore', 'ignore_ament_install']
[0.280s] Level 1:colcon.colcon_core.package_identification:_identify(nav_ws_gazebo/src/gac_navigation2/gac_navigation2) by extension 'ignore'
[0.280s] Level 1:colcon.colcon_core.package_identification:_identify(nav_ws_gazebo/src/gac_navigation2/gac_navigation2) by extension 'ignore_ament_install'
[0.280s] Level 1:colcon.colcon_core.package_identification:_identify(nav_ws_gazebo/src/gac_navigation2/gac_navigation2) by extensions ['colcon_pkg']
[0.280s] Level 1:colcon.colcon_core.package_identification:_identify(nav_ws_gazebo/src/gac_navigation2/gac_navigation2) by extension 'colcon_pkg'
[0.280s] Level 1:colcon.colcon_core.package_identification:_identify(nav_ws_gazebo/src/gac_navigation2/gac_navigation2) by extensions ['colcon_meta']
[0.280s] Level 1:colcon.colcon_core.package_identification:_identify(nav_ws_gazebo/src/gac_navigation2/gac_navigation2) by extension 'colcon_meta'
[0.280s] Level 1:colcon.colcon_core.package_identification:_identify(nav_ws_gazebo/src/gac_navigation2/gac_navigation2) by extensions ['ros']
[0.280s] Level 1:colcon.colcon_core.package_identification:_identify(nav_ws_gazebo/src/gac_navigation2/gac_navigation2) by extension 'ros'
[0.281s] DEBUG:colcon.colcon_core.package_identification:Package 'nav_ws_gazebo/src/gac_navigation2/gac_navigation2' with type 'ros.ament_cmake' and name 'gac_navigation2'
[0.281s] Level 1:colcon.colcon_core.package_identification:_identify(nav_ws_gazebo/src/gac_navigation2/nav2_dwb_controller) by extensions ['ignore', 'ignore_ament_install']
[0.281s] Level 1:colcon.colcon_core.package_identification:_identify(nav_ws_gazebo/src/gac_navigation2/nav2_dwb_controller) by extension 'ignore'
[0.281s] Level 1:colcon.colcon_core.package_identification:_identify(nav_ws_gazebo/src/gac_navigation2/nav2_dwb_controller) by extension 'ignore_ament_install'
[0.281s] Level 1:colcon.colcon_core.package_identification:_identify(nav_ws_gazebo/src/gac_navigation2/nav2_dwb_controller) by extensions ['colcon_pkg']
[0.281s] Level 1:colcon.colcon_core.package_identification:_identify(nav_ws_gazebo/src/gac_navigation2/nav2_dwb_controller) by extension 'colcon_pkg'
[0.281s] Level 1:colcon.colcon_core.package_identification:_identify(nav_ws_gazebo/src/gac_navigation2/nav2_dwb_controller) by extensions ['colcon_meta']
[0.281s] Level 1:colcon.colcon_core.package_identification:_identify(nav_ws_gazebo/src/gac_navigation2/nav2_dwb_controller) by extension 'colcon_meta'
[0.281s] Level 1:colcon.colcon_core.package_identification:_identify(nav_ws_gazebo/src/gac_navigation2/nav2_dwb_controller) by extensions ['ros']
[0.281s] Level 1:colcon.colcon_core.package_identification:_identify(nav_ws_gazebo/src/gac_navigation2/nav2_dwb_controller) by extension 'ros'
[0.281s] Level 1:colcon.colcon_core.package_identification:_identify(nav_ws_gazebo/src/gac_navigation2/nav2_dwb_controller) by extensions ['cmake', 'python']
[0.281s] Level 1:colcon.colcon_core.package_identification:_identify(nav_ws_gazebo/src/gac_navigation2/nav2_dwb_controller) by extension 'cmake'
[0.281s] Level 1:colcon.colcon_core.package_identification:_identify(nav_ws_gazebo/src/gac_navigation2/nav2_dwb_controller) by extension 'python'
[0.281s] Level 1:colcon.colcon_core.package_identification:_identify(nav_ws_gazebo/src/gac_navigation2/nav2_dwb_controller) by extensions ['python_setup_py']
[0.281s] Level 1:colcon.colcon_core.package_identification:_identify(nav_ws_gazebo/src/gac_navigation2/nav2_dwb_controller) by extension 'python_setup_py'
[0.281s] Level 1:colcon.colcon_core.package_identification:_identify(nav_ws_gazebo/src/gac_navigation2/nav2_dwb_controller/costmap_queue) by extensions ['ignore', 'ignore_ament_install']
[0.281s] Level 1:colcon.colcon_core.package_identification:_identify(nav_ws_gazebo/src/gac_navigation2/nav2_dwb_controller/costmap_queue) by extension 'ignore'
[0.281s] Level 1:colcon.colcon_core.package_identification:_identify(nav_ws_gazebo/src/gac_navigation2/nav2_dwb_controller/costmap_queue) by extension 'ignore_ament_install'
[0.281s] Level 1:colcon.colcon_core.package_identification:_identify(nav_ws_gazebo/src/gac_navigation2/nav2_dwb_controller/costmap_queue) by extensions ['colcon_pkg']
[0.281s] Level 1:colcon.colcon_core.package_identification:_identify(nav_ws_gazebo/src/gac_navigation2/nav2_dwb_controller/costmap_queue) by extension 'colcon_pkg'
[0.281s] Level 1:colcon.colcon_core.package_identification:_identify(nav_ws_gazebo/src/gac_navigation2/nav2_dwb_controller/costmap_queue) by extensions ['colcon_meta']
[0.281s] Level 1:colcon.colcon_core.package_identification:_identify(nav_ws_gazebo/src/gac_navigation2/nav2_dwb_controller/costmap_queue) by extension 'colcon_meta'
[0.281s] Level 1:colcon.colcon_core.package_identification:_identify(nav_ws_gazebo/src/gac_navigation2/nav2_dwb_controller/costmap_queue) by extensions ['ros']
[0.281s] Level 1:colcon.colcon_core.package_identification:_identify(nav_ws_gazebo/src/gac_navigation2/nav2_dwb_controller/costmap_queue) by extension 'ros'
[0.282s] DEBUG:colcon.colcon_core.package_identification:Package 'nav_ws_gazebo/src/gac_navigation2/nav2_dwb_controller/costmap_queue' with type 'ros.ament_cmake' and name 'costmap_queue'
[0.282s] Level 1:colcon.colcon_core.package_identification:_identify(nav_ws_gazebo/src/gac_navigation2/nav2_dwb_controller/dwb_core) by extensions ['ignore', 'ignore_ament_install']
[0.282s] Level 1:colcon.colcon_core.package_identification:_identify(nav_ws_gazebo/src/gac_navigation2/nav2_dwb_controller/dwb_core) by extension 'ignore'
[0.282s] Level 1:colcon.colcon_core.package_identification:_identify(nav_ws_gazebo/src/gac_navigation2/nav2_dwb_controller/dwb_core) by extension 'ignore_ament_install'
[0.282s] Level 1:colcon.colcon_core.package_identification:_identify(nav_ws_gazebo/src/gac_navigation2/nav2_dwb_controller/dwb_core) by extensions ['colcon_pkg']
[0.282s] Level 1:colcon.colcon_core.package_identification:_identify(nav_ws_gazebo/src/gac_navigation2/nav2_dwb_controller/dwb_core) by extension 'colcon_pkg'
[0.282s] Level 1:colcon.colcon_core.package_identification:_identify(nav_ws_gazebo/src/gac_navigation2/nav2_dwb_controller/dwb_core) by extensions ['colcon_meta']
[0.282s] Level 1:colcon.colcon_core.package_identification:_identify(nav_ws_gazebo/src/gac_navigation2/nav2_dwb_controller/dwb_core) by extension 'colcon_meta'
[0.282s] Level 1:colcon.colcon_core.package_identification:_identify(nav_ws_gazebo/src/gac_navigation2/nav2_dwb_controller/dwb_core) by extensions ['ros']
[0.282s] Level 1:colcon.colcon_core.package_identification:_identify(nav_ws_gazebo/src/gac_navigation2/nav2_dwb_controller/dwb_core) by extension 'ros'
[0.283s] DEBUG:colcon.colcon_core.package_identification:Package 'nav_ws_gazebo/src/gac_navigation2/nav2_dwb_controller/dwb_core' with type 'ros.ament_cmake' and name 'dwb_core'
[0.283s] Level 1:colcon.colcon_core.package_identification:_identify(nav_ws_gazebo/src/gac_navigation2/nav2_dwb_controller/dwb_critics) by extensions ['ignore', 'ignore_ament_install']
[0.283s] Level 1:colcon.colcon_core.package_identification:_identify(nav_ws_gazebo/src/gac_navigation2/nav2_dwb_controller/dwb_critics) by extension 'ignore'
[0.283s] Level 1:colcon.colcon_core.package_identification:_identify(nav_ws_gazebo/src/gac_navigation2/nav2_dwb_controller/dwb_critics) by extension 'ignore_ament_install'
[0.283s] Level 1:colcon.colcon_core.package_identification:_identify(nav_ws_gazebo/src/gac_navigation2/nav2_dwb_controller/dwb_critics) by extensions ['colcon_pkg']
[0.283s] Level 1:colcon.colcon_core.package_identification:_identify(nav_ws_gazebo/src/gac_navigation2/nav2_dwb_controller/dwb_critics) by extension 'colcon_pkg'
[0.283s] Level 1:colcon.colcon_core.package_identification:_identify(nav_ws_gazebo/src/gac_navigation2/nav2_dwb_controller/dwb_critics) by extensions ['colcon_meta']
[0.283s] Level 1:colcon.colcon_core.package_identification:_identify(nav_ws_gazebo/src/gac_navigation2/nav2_dwb_controller/dwb_critics) by extension 'colcon_meta'
[0.283s] Level 1:colcon.colcon_core.package_identification:_identify(nav_ws_gazebo/src/gac_navigation2/nav2_dwb_controller/dwb_critics) by extensions ['ros']
[0.283s] Level 1:colcon.colcon_core.package_identification:_identify(nav_ws_gazebo/src/gac_navigation2/nav2_dwb_controller/dwb_critics) by extension 'ros'
[0.284s] DEBUG:colcon.colcon_core.package_identification:Package 'nav_ws_gazebo/src/gac_navigation2/nav2_dwb_controller/dwb_critics' with type 'ros.ament_cmake' and name 'dwb_critics'
[0.284s] Level 1:colcon.colcon_core.package_identification:_identify(nav_ws_gazebo/src/gac_navigation2/nav2_dwb_controller/dwb_msgs) by extensions ['ignore', 'ignore_ament_install']
[0.284s] Level 1:colcon.colcon_core.package_identification:_identify(nav_ws_gazebo/src/gac_navigation2/nav2_dwb_controller/dwb_msgs) by extension 'ignore'
[0.284s] Level 1:colcon.colcon_core.package_identification:_identify(nav_ws_gazebo/src/gac_navigation2/nav2_dwb_controller/dwb_msgs) by extension 'ignore_ament_install'
[0.284s] Level 1:colcon.colcon_core.package_identification:_identify(nav_ws_gazebo/src/gac_navigation2/nav2_dwb_controller/dwb_msgs) by extensions ['colcon_pkg']
[0.284s] Level 1:colcon.colcon_core.package_identification:_identify(nav_ws_gazebo/src/gac_navigation2/nav2_dwb_controller/dwb_msgs) by extension 'colcon_pkg'
[0.284s] Level 1:colcon.colcon_core.package_identification:_identify(nav_ws_gazebo/src/gac_navigation2/nav2_dwb_controller/dwb_msgs) by extensions ['colcon_meta']
[0.284s] Level 1:colcon.colcon_core.package_identification:_identify(nav_ws_gazebo/src/gac_navigation2/nav2_dwb_controller/dwb_msgs) by extension 'colcon_meta'
[0.284s] Level 1:colcon.colcon_core.package_identification:_identify(nav_ws_gazebo/src/gac_navigation2/nav2_dwb_controller/dwb_msgs) by extensions ['ros']
[0.284s] Level 1:colcon.colcon_core.package_identification:_identify(nav_ws_gazebo/src/gac_navigation2/nav2_dwb_controller/dwb_msgs) by extension 'ros'
[0.285s] DEBUG:colcon.colcon_core.package_identification:Package 'nav_ws_gazebo/src/gac_navigation2/nav2_dwb_controller/dwb_msgs' with type 'ros.ament_cmake' and name 'dwb_msgs'
[0.285s] Level 1:colcon.colcon_core.package_identification:_identify(nav_ws_gazebo/src/gac_navigation2/nav2_dwb_controller/dwb_plugins) by extensions ['ignore', 'ignore_ament_install']
[0.285s] Level 1:colcon.colcon_core.package_identification:_identify(nav_ws_gazebo/src/gac_navigation2/nav2_dwb_controller/dwb_plugins) by extension 'ignore'
[0.285s] Level 1:colcon.colcon_core.package_identification:_identify(nav_ws_gazebo/src/gac_navigation2/nav2_dwb_controller/dwb_plugins) by extension 'ignore_ament_install'
[0.285s] Level 1:colcon.colcon_core.package_identification:_identify(nav_ws_gazebo/src/gac_navigation2/nav2_dwb_controller/dwb_plugins) by extensions ['colcon_pkg']
[0.285s] Level 1:colcon.colcon_core.package_identification:_identify(nav_ws_gazebo/src/gac_navigation2/nav2_dwb_controller/dwb_plugins) by extension 'colcon_pkg'
[0.285s] Level 1:colcon.colcon_core.package_identification:_identify(nav_ws_gazebo/src/gac_navigation2/nav2_dwb_controller/dwb_plugins) by extensions ['colcon_meta']
[0.285s] Level 1:colcon.colcon_core.package_identification:_identify(nav_ws_gazebo/src/gac_navigation2/nav2_dwb_controller/dwb_plugins) by extension 'colcon_meta'
[0.285s] Level 1:colcon.colcon_core.package_identification:_identify(nav_ws_gazebo/src/gac_navigation2/nav2_dwb_controller/dwb_plugins) by extensions ['ros']
[0.285s] Level 1:colcon.colcon_core.package_identification:_identify(nav_ws_gazebo/src/gac_navigation2/nav2_dwb_controller/dwb_plugins) by extension 'ros'
[0.286s] DEBUG:colcon.colcon_core.package_identification:Package 'nav_ws_gazebo/src/gac_navigation2/nav2_dwb_controller/dwb_plugins' with type 'ros.ament_cmake' and name 'dwb_plugins'
[0.286s] Level 1:colcon.colcon_core.package_identification:_identify(nav_ws_gazebo/src/gac_navigation2/nav2_dwb_controller/images) by extensions ['ignore', 'ignore_ament_install']
[0.286s] Level 1:colcon.colcon_core.package_identification:_identify(nav_ws_gazebo/src/gac_navigation2/nav2_dwb_controller/images) by extension 'ignore'
[0.286s] Level 1:colcon.colcon_core.package_identification:_identify(nav_ws_gazebo/src/gac_navigation2/nav2_dwb_controller/images) by extension 'ignore_ament_install'
[0.286s] Level 1:colcon.colcon_core.package_identification:_identify(nav_ws_gazebo/src/gac_navigation2/nav2_dwb_controller/images) by extensions ['colcon_pkg']
[0.286s] Level 1:colcon.colcon_core.package_identification:_identify(nav_ws_gazebo/src/gac_navigation2/nav2_dwb_controller/images) by extension 'colcon_pkg'
[0.286s] Level 1:colcon.colcon_core.package_identification:_identify(nav_ws_gazebo/src/gac_navigation2/nav2_dwb_controller/images) by extensions ['colcon_meta']
[0.286s] Level 1:colcon.colcon_core.package_identification:_identify(nav_ws_gazebo/src/gac_navigation2/nav2_dwb_controller/images) by extension 'colcon_meta'
[0.286s] Level 1:colcon.colcon_core.package_identification:_identify(nav_ws_gazebo/src/gac_navigation2/nav2_dwb_controller/images) by extensions ['ros']
[0.286s] Level 1:colcon.colcon_core.package_identification:_identify(nav_ws_gazebo/src/gac_navigation2/nav2_dwb_controller/images) by extension 'ros'
[0.286s] Level 1:colcon.colcon_core.package_identification:_identify(nav_ws_gazebo/src/gac_navigation2/nav2_dwb_controller/images) by extensions ['cmake', 'python']
[0.286s] Level 1:colcon.colcon_core.package_identification:_identify(nav_ws_gazebo/src/gac_navigation2/nav2_dwb_controller/images) by extension 'cmake'
[0.286s] Level 1:colcon.colcon_core.package_identification:_identify(nav_ws_gazebo/src/gac_navigation2/nav2_dwb_controller/images) by extension 'python'
[0.286s] Level 1:colcon.colcon_core.package_identification:_identify(nav_ws_gazebo/src/gac_navigation2/nav2_dwb_controller/images) by extensions ['python_setup_py']
[0.286s] Level 1:colcon.colcon_core.package_identification:_identify(nav_ws_gazebo/src/gac_navigation2/nav2_dwb_controller/images) by extension 'python_setup_py'
[0.287s] Level 1:colcon.colcon_core.package_identification:_identify(nav_ws_gazebo/src/gac_navigation2/nav2_dwb_controller/nav2_dwb_controller) by extensions ['ignore', 'ignore_ament_install']
[0.287s] Level 1:colcon.colcon_core.package_identification:_identify(nav_ws_gazebo/src/gac_navigation2/nav2_dwb_controller/nav2_dwb_controller) by extension 'ignore'
[0.287s] Level 1:colcon.colcon_core.package_identification:_identify(nav_ws_gazebo/src/gac_navigation2/nav2_dwb_controller/nav2_dwb_controller) by extension 'ignore_ament_install'
[0.287s] Level 1:colcon.colcon_core.package_identification:_identify(nav_ws_gazebo/src/gac_navigation2/nav2_dwb_controller/nav2_dwb_controller) by extensions ['colcon_pkg']
[0.287s] Level 1:colcon.colcon_core.package_identification:_identify(nav_ws_gazebo/src/gac_navigation2/nav2_dwb_controller/nav2_dwb_controller) by extension 'colcon_pkg'
[0.287s] Level 1:colcon.colcon_core.package_identification:_identify(nav_ws_gazebo/src/gac_navigation2/nav2_dwb_controller/nav2_dwb_controller) by extensions ['colcon_meta']
[0.287s] Level 1:colcon.colcon_core.package_identification:_identify(nav_ws_gazebo/src/gac_navigation2/nav2_dwb_controller/nav2_dwb_controller) by extension 'colcon_meta'
[0.287s] Level 1:colcon.colcon_core.package_identification:_identify(nav_ws_gazebo/src/gac_navigation2/nav2_dwb_controller/nav2_dwb_controller) by extensions ['ros']
[0.287s] Level 1:colcon.colcon_core.package_identification:_identify(nav_ws_gazebo/src/gac_navigation2/nav2_dwb_controller/nav2_dwb_controller) by extension 'ros'
[0.288s] DEBUG:colcon.colcon_core.package_identification:Package 'nav_ws_gazebo/src/gac_navigation2/nav2_dwb_controller/nav2_dwb_controller' with type 'ros.ament_cmake' and name 'nav2_dwb_controller'
[0.288s] Level 1:colcon.colcon_core.package_identification:_identify(nav_ws_gazebo/src/gac_navigation2/nav2_dwb_controller/nav_2d_msgs) by extensions ['ignore', 'ignore_ament_install']
[0.288s] Level 1:colcon.colcon_core.package_identification:_identify(nav_ws_gazebo/src/gac_navigation2/nav2_dwb_controller/nav_2d_msgs) by extension 'ignore'
[0.288s] Level 1:colcon.colcon_core.package_identification:_identify(nav_ws_gazebo/src/gac_navigation2/nav2_dwb_controller/nav_2d_msgs) by extension 'ignore_ament_install'
[0.288s] Level 1:colcon.colcon_core.package_identification:_identify(nav_ws_gazebo/src/gac_navigation2/nav2_dwb_controller/nav_2d_msgs) by extensions ['colcon_pkg']
[0.288s] Level 1:colcon.colcon_core.package_identification:_identify(nav_ws_gazebo/src/gac_navigation2/nav2_dwb_controller/nav_2d_msgs) by extension 'colcon_pkg'
[0.288s] Level 1:colcon.colcon_core.package_identification:_identify(nav_ws_gazebo/src/gac_navigation2/nav2_dwb_controller/nav_2d_msgs) by extensions ['colcon_meta']
[0.289s] Level 1:colcon.colcon_core.package_identification:_identify(nav_ws_gazebo/src/gac_navigation2/nav2_dwb_controller/nav_2d_msgs) by extension 'colcon_meta'
[0.289s] Level 1:colcon.colcon_core.package_identification:_identify(nav_ws_gazebo/src/gac_navigation2/nav2_dwb_controller/nav_2d_msgs) by extensions ['ros']
[0.289s] Level 1:colcon.colcon_core.package_identification:_identify(nav_ws_gazebo/src/gac_navigation2/nav2_dwb_controller/nav_2d_msgs) by extension 'ros'
[0.289s] DEBUG:colcon.colcon_core.package_identification:Package 'nav_ws_gazebo/src/gac_navigation2/nav2_dwb_controller/nav_2d_msgs' with type 'ros.ament_cmake' and name 'nav_2d_msgs'
[0.289s] Level 1:colcon.colcon_core.package_identification:_identify(nav_ws_gazebo/src/gac_navigation2/nav2_dwb_controller/nav_2d_utils) by extensions ['ignore', 'ignore_ament_install']
[0.289s] Level 1:colcon.colcon_core.package_identification:_identify(nav_ws_gazebo/src/gac_navigation2/nav2_dwb_controller/nav_2d_utils) by extension 'ignore'
[0.289s] Level 1:colcon.colcon_core.package_identification:_identify(nav_ws_gazebo/src/gac_navigation2/nav2_dwb_controller/nav_2d_utils) by extension 'ignore_ament_install'
[0.289s] Level 1:colcon.colcon_core.package_identification:_identify(nav_ws_gazebo/src/gac_navigation2/nav2_dwb_controller/nav_2d_utils) by extensions ['colcon_pkg']
[0.289s] Level 1:colcon.colcon_core.package_identification:_identify(nav_ws_gazebo/src/gac_navigation2/nav2_dwb_controller/nav_2d_utils) by extension 'colcon_pkg'
[0.289s] Level 1:colcon.colcon_core.package_identification:_identify(nav_ws_gazebo/src/gac_navigation2/nav2_dwb_controller/nav_2d_utils) by extensions ['colcon_meta']
[0.289s] Level 1:colcon.colcon_core.package_identification:_identify(nav_ws_gazebo/src/gac_navigation2/nav2_dwb_controller/nav_2d_utils) by extension 'colcon_meta'
[0.289s] Level 1:colcon.colcon_core.package_identification:_identify(nav_ws_gazebo/src/gac_navigation2/nav2_dwb_controller/nav_2d_utils) by extensions ['ros']
[0.289s] Level 1:colcon.colcon_core.package_identification:_identify(nav_ws_gazebo/src/gac_navigation2/nav2_dwb_controller/nav_2d_utils) by extension 'ros'
[0.290s] DEBUG:colcon.colcon_core.package_identification:Package 'nav_ws_gazebo/src/gac_navigation2/nav2_dwb_controller/nav_2d_utils' with type 'ros.ament_cmake' and name 'nav_2d_utils'
[0.290s] Level 1:colcon.colcon_core.package_identification:_identify(nav_ws_gazebo/src/gac_navigation2/nav2_fixed_path_route) by extensions ['ignore', 'ignore_ament_install']
[0.290s] Level 1:colcon.colcon_core.package_identification:_identify(nav_ws_gazebo/src/gac_navigation2/nav2_fixed_path_route) by extension 'ignore'
[0.290s] Level 1:colcon.colcon_core.package_identification:_identify(nav_ws_gazebo/src/gac_navigation2/nav2_fixed_path_route) by extension 'ignore_ament_install'
[0.290s] Level 1:colcon.colcon_core.package_identification:_identify(nav_ws_gazebo/src/gac_navigation2/nav2_fixed_path_route) by extensions ['colcon_pkg']
[0.290s] Level 1:colcon.colcon_core.package_identification:_identify(nav_ws_gazebo/src/gac_navigation2/nav2_fixed_path_route) by extension 'colcon_pkg'
[0.290s] Level 1:colcon.colcon_core.package_identification:_identify(nav_ws_gazebo/src/gac_navigation2/nav2_fixed_path_route) by extensions ['colcon_meta']
[0.290s] Level 1:colcon.colcon_core.package_identification:_identify(nav_ws_gazebo/src/gac_navigation2/nav2_fixed_path_route) by extension 'colcon_meta'
[0.290s] Level 1:colcon.colcon_core.package_identification:_identify(nav_ws_gazebo/src/gac_navigation2/nav2_fixed_path_route) by extensions ['ros']
[0.290s] Level 1:colcon.colcon_core.package_identification:_identify(nav_ws_gazebo/src/gac_navigation2/nav2_fixed_path_route) by extension 'ros'
[0.291s] DEBUG:colcon.colcon_core.package_identification:Package 'nav_ws_gazebo/src/gac_navigation2/nav2_fixed_path_route' with type 'ros.ament_cmake' and name 'nav2_fixed_path_route'
[0.291s] Level 1:colcon.colcon_core.package_identification:_identify(nav_ws_gazebo/src/gac_navigation2/nav2_graceful_controller) by extensions ['ignore', 'ignore_ament_install']
[0.291s] Level 1:colcon.colcon_core.package_identification:_identify(nav_ws_gazebo/src/gac_navigation2/nav2_graceful_controller) by extension 'ignore'
[0.291s] Level 1:colcon.colcon_core.package_identification:_identify(nav_ws_gazebo/src/gac_navigation2/nav2_graceful_controller) by extension 'ignore_ament_install'
[0.291s] Level 1:colcon.colcon_core.package_identification:_identify(nav_ws_gazebo/src/gac_navigation2/nav2_graceful_controller) by extensions ['colcon_pkg']
[0.291s] Level 1:colcon.colcon_core.package_identification:_identify(nav_ws_gazebo/src/gac_navigation2/nav2_graceful_controller) by extension 'colcon_pkg'
[0.292s] Level 1:colcon.colcon_core.package_identification:_identify(nav_ws_gazebo/src/gac_navigation2/nav2_graceful_controller) by extensions ['colcon_meta']
[0.292s] Level 1:colcon.colcon_core.package_identification:_identify(nav_ws_gazebo/src/gac_navigation2/nav2_graceful_controller) by extension 'colcon_meta'
[0.292s] Level 1:colcon.colcon_core.package_identification:_identify(nav_ws_gazebo/src/gac_navigation2/nav2_graceful_controller) by extensions ['ros']
[0.292s] Level 1:colcon.colcon_core.package_identification:_identify(nav_ws_gazebo/src/gac_navigation2/nav2_graceful_controller) by extension 'ros'
[0.292s] DEBUG:colcon.colcon_core.package_identification:Package 'nav_ws_gazebo/src/gac_navigation2/nav2_graceful_controller' with type 'ros.ament_cmake' and name 'nav2_graceful_controller'
[0.293s] Level 1:colcon.colcon_core.package_identification:_identify(nav_ws_gazebo/src/gac_navigation2/nav2_lifecycle_manager) by extensions ['ignore', 'ignore_ament_install']
[0.293s] Level 1:colcon.colcon_core.package_identification:_identify(nav_ws_gazebo/src/gac_navigation2/nav2_lifecycle_manager) by extension 'ignore'
[0.293s] Level 1:colcon.colcon_core.package_identification:_identify(nav_ws_gazebo/src/gac_navigation2/nav2_lifecycle_manager) by extension 'ignore_ament_install'
[0.293s] Level 1:colcon.colcon_core.package_identification:_identify(nav_ws_gazebo/src/gac_navigation2/nav2_lifecycle_manager) by extensions ['colcon_pkg']
[0.293s] Level 1:colcon.colcon_core.package_identification:_identify(nav_ws_gazebo/src/gac_navigation2/nav2_lifecycle_manager) by extension 'colcon_pkg'
[0.293s] Level 1:colcon.colcon_core.package_identification:_identify(nav_ws_gazebo/src/gac_navigation2/nav2_lifecycle_manager) by extensions ['colcon_meta']
[0.293s] Level 1:colcon.colcon_core.package_identification:_identify(nav_ws_gazebo/src/gac_navigation2/nav2_lifecycle_manager) by extension 'colcon_meta'
[0.293s] Level 1:colcon.colcon_core.package_identification:_identify(nav_ws_gazebo/src/gac_navigation2/nav2_lifecycle_manager) by extensions ['ros']
[0.293s] Level 1:colcon.colcon_core.package_identification:_identify(nav_ws_gazebo/src/gac_navigation2/nav2_lifecycle_manager) by extension 'ros'
[0.293s] DEBUG:colcon.colcon_core.package_identification:Package 'nav_ws_gazebo/src/gac_navigation2/nav2_lifecycle_manager' with type 'ros.ament_cmake' and name 'nav2_lifecycle_manager'
[0.293s] Level 1:colcon.colcon_core.package_identification:_identify(nav_ws_gazebo/src/gac_navigation2/nav2_map_server) by extensions ['ignore', 'ignore_ament_install']
[0.294s] Level 1:colcon.colcon_core.package_identification:_identify(nav_ws_gazebo/src/gac_navigation2/nav2_map_server) by extension 'ignore'
[0.294s] Level 1:colcon.colcon_core.package_identification:_identify(nav_ws_gazebo/src/gac_navigation2/nav2_map_server) by extension 'ignore_ament_install'
[0.294s] Level 1:colcon.colcon_core.package_identification:_identify(nav_ws_gazebo/src/gac_navigation2/nav2_map_server) by extensions ['colcon_pkg']
[0.294s] Level 1:colcon.colcon_core.package_identification:_identify(nav_ws_gazebo/src/gac_navigation2/nav2_map_server) by extension 'colcon_pkg'
[0.294s] Level 1:colcon.colcon_core.package_identification:_identify(nav_ws_gazebo/src/gac_navigation2/nav2_map_server) by extensions ['colcon_meta']
[0.294s] Level 1:colcon.colcon_core.package_identification:_identify(nav_ws_gazebo/src/gac_navigation2/nav2_map_server) by extension 'colcon_meta'
[0.294s] Level 1:colcon.colcon_core.package_identification:_identify(nav_ws_gazebo/src/gac_navigation2/nav2_map_server) by extensions ['ros']
[0.294s] Level 1:colcon.colcon_core.package_identification:_identify(nav_ws_gazebo/src/gac_navigation2/nav2_map_server) by extension 'ros'
[0.295s] DEBUG:colcon.colcon_core.package_identification:Package 'nav_ws_gazebo/src/gac_navigation2/nav2_map_server' with type 'ros.ament_cmake' and name 'nav2_map_server'
[0.295s] Level 1:colcon.colcon_core.package_identification:_identify(nav_ws_gazebo/src/gac_navigation2/nav2_mppi_controller) by extensions ['ignore', 'ignore_ament_install']
[0.295s] Level 1:colcon.colcon_core.package_identification:_identify(nav_ws_gazebo/src/gac_navigation2/nav2_mppi_controller) by extension 'ignore'
[0.295s] Level 1:colcon.colcon_core.package_identification:_identify(nav_ws_gazebo/src/gac_navigation2/nav2_mppi_controller) by extension 'ignore_ament_install'
[0.295s] Level 1:colcon.colcon_core.package_identification:_identify(nav_ws_gazebo/src/gac_navigation2/nav2_mppi_controller) by extensions ['colcon_pkg']
[0.295s] Level 1:colcon.colcon_core.package_identification:_identify(nav_ws_gazebo/src/gac_navigation2/nav2_mppi_controller) by extension 'colcon_pkg'
[0.295s] Level 1:colcon.colcon_core.package_identification:_identify(nav_ws_gazebo/src/gac_navigation2/nav2_mppi_controller) by extensions ['colcon_meta']
[0.295s] Level 1:colcon.colcon_core.package_identification:_identify(nav_ws_gazebo/src/gac_navigation2/nav2_mppi_controller) by extension 'colcon_meta'
[0.295s] Level 1:colcon.colcon_core.package_identification:_identify(nav_ws_gazebo/src/gac_navigation2/nav2_mppi_controller) by extensions ['ros']
[0.295s] Level 1:colcon.colcon_core.package_identification:_identify(nav_ws_gazebo/src/gac_navigation2/nav2_mppi_controller) by extension 'ros'
[0.296s] DEBUG:colcon.colcon_core.package_identification:Package 'nav_ws_gazebo/src/gac_navigation2/nav2_mppi_controller' with type 'ros.ament_cmake' and name 'nav2_mppi_controller'
[0.296s] Level 1:colcon.colcon_core.package_identification:_identify(nav_ws_gazebo/src/gac_navigation2/nav2_navfn_planner) by extensions ['ignore', 'ignore_ament_install']
[0.296s] Level 1:colcon.colcon_core.package_identification:_identify(nav_ws_gazebo/src/gac_navigation2/nav2_navfn_planner) by extension 'ignore'
[0.296s] Level 1:colcon.colcon_core.package_identification:_identify(nav_ws_gazebo/src/gac_navigation2/nav2_navfn_planner) by extension 'ignore_ament_install'
[0.296s] Level 1:colcon.colcon_core.package_identification:_identify(nav_ws_gazebo/src/gac_navigation2/nav2_navfn_planner) by extensions ['colcon_pkg']
[0.296s] Level 1:colcon.colcon_core.package_identification:_identify(nav_ws_gazebo/src/gac_navigation2/nav2_navfn_planner) by extension 'colcon_pkg'
[0.296s] Level 1:colcon.colcon_core.package_identification:_identify(nav_ws_gazebo/src/gac_navigation2/nav2_navfn_planner) by extensions ['colcon_meta']
[0.296s] Level 1:colcon.colcon_core.package_identification:_identify(nav_ws_gazebo/src/gac_navigation2/nav2_navfn_planner) by extension 'colcon_meta'
[0.296s] Level 1:colcon.colcon_core.package_identification:_identify(nav_ws_gazebo/src/gac_navigation2/nav2_navfn_planner) by extensions ['ros']
[0.296s] Level 1:colcon.colcon_core.package_identification:_identify(nav_ws_gazebo/src/gac_navigation2/nav2_navfn_planner) by extension 'ros'
[0.297s] DEBUG:colcon.colcon_core.package_identification:Package 'nav_ws_gazebo/src/gac_navigation2/nav2_navfn_planner' with type 'ros.ament_cmake' and name 'nav2_navfn_planner'
[0.298s] Level 1:colcon.colcon_core.package_identification:_identify(nav_ws_gazebo/src/gac_navigation2/nav2_regulated_pure_pursuit_controller) by extensions ['ignore', 'ignore_ament_install']
[0.298s] Level 1:colcon.colcon_core.package_identification:_identify(nav_ws_gazebo/src/gac_navigation2/nav2_regulated_pure_pursuit_controller) by extension 'ignore'
[0.298s] Level 1:colcon.colcon_core.package_identification:_identify(nav_ws_gazebo/src/gac_navigation2/nav2_regulated_pure_pursuit_controller) by extension 'ignore_ament_install'
[0.298s] Level 1:colcon.colcon_core.package_identification:_identify(nav_ws_gazebo/src/gac_navigation2/nav2_regulated_pure_pursuit_controller) by extensions ['colcon_pkg']
[0.298s] Level 1:colcon.colcon_core.package_identification:_identify(nav_ws_gazebo/src/gac_navigation2/nav2_regulated_pure_pursuit_controller) by extension 'colcon_pkg'
[0.298s] Level 1:colcon.colcon_core.package_identification:_identify(nav_ws_gazebo/src/gac_navigation2/nav2_regulated_pure_pursuit_controller) by extensions ['colcon_meta']
[0.298s] Level 1:colcon.colcon_core.package_identification:_identify(nav_ws_gazebo/src/gac_navigation2/nav2_regulated_pure_pursuit_controller) by extension 'colcon_meta'
[0.298s] Level 1:colcon.colcon_core.package_identification:_identify(nav_ws_gazebo/src/gac_navigation2/nav2_regulated_pure_pursuit_controller) by extensions ['ros']
[0.298s] Level 1:colcon.colcon_core.package_identification:_identify(nav_ws_gazebo/src/gac_navigation2/nav2_regulated_pure_pursuit_controller) by extension 'ros'
[0.299s] DEBUG:colcon.colcon_core.package_identification:Package 'nav_ws_gazebo/src/gac_navigation2/nav2_regulated_pure_pursuit_controller' with type 'ros.ament_cmake' and name 'nav2_regulated_pure_pursuit_controller'
[0.299s] Level 1:colcon.colcon_core.package_identification:_identify(nav_ws_gazebo/src/gac_navigation2/nav2_rotation_shim_controller) by extensions ['ignore', 'ignore_ament_install']
[0.299s] Level 1:colcon.colcon_core.package_identification:_identify(nav_ws_gazebo/src/gac_navigation2/nav2_rotation_shim_controller) by extension 'ignore'
[0.299s] Level 1:colcon.colcon_core.package_identification:_identify(nav_ws_gazebo/src/gac_navigation2/nav2_rotation_shim_controller) by extension 'ignore_ament_install'
[0.299s] Level 1:colcon.colcon_core.package_identification:_identify(nav_ws_gazebo/src/gac_navigation2/nav2_rotation_shim_controller) by extensions ['colcon_pkg']
[0.299s] Level 1:colcon.colcon_core.package_identification:_identify(nav_ws_gazebo/src/gac_navigation2/nav2_rotation_shim_controller) by extension 'colcon_pkg'
[0.299s] Level 1:colcon.colcon_core.package_identification:_identify(nav_ws_gazebo/src/gac_navigation2/nav2_rotation_shim_controller) by extensions ['colcon_meta']
[0.299s] Level 1:colcon.colcon_core.package_identification:_identify(nav_ws_gazebo/src/gac_navigation2/nav2_rotation_shim_controller) by extension 'colcon_meta'
[0.299s] Level 1:colcon.colcon_core.package_identification:_identify(nav_ws_gazebo/src/gac_navigation2/nav2_rotation_shim_controller) by extensions ['ros']
[0.299s] Level 1:colcon.colcon_core.package_identification:_identify(nav_ws_gazebo/src/gac_navigation2/nav2_rotation_shim_controller) by extension 'ros'
[0.300s] DEBUG:colcon.colcon_core.package_identification:Package 'nav_ws_gazebo/src/gac_navigation2/nav2_rotation_shim_controller' with type 'ros.ament_cmake' and name 'nav2_rotation_shim_controller'
[0.300s] Level 1:colcon.colcon_core.package_identification:_identify(nav_ws_gazebo/src/gac_navigation2/nav2_smac_planner) by extensions ['ignore', 'ignore_ament_install']
[0.300s] Level 1:colcon.colcon_core.package_identification:_identify(nav_ws_gazebo/src/gac_navigation2/nav2_smac_planner) by extension 'ignore'
[0.300s] Level 1:colcon.colcon_core.package_identification:_identify(nav_ws_gazebo/src/gac_navigation2/nav2_smac_planner) by extension 'ignore_ament_install'
[0.300s] Level 1:colcon.colcon_core.package_identification:_identify(nav_ws_gazebo/src/gac_navigation2/nav2_smac_planner) by extensions ['colcon_pkg']
[0.300s] Level 1:colcon.colcon_core.package_identification:_identify(nav_ws_gazebo/src/gac_navigation2/nav2_smac_planner) by extension 'colcon_pkg'
[0.300s] Level 1:colcon.colcon_core.package_identification:_identify(nav_ws_gazebo/src/gac_navigation2/nav2_smac_planner) by extensions ['colcon_meta']
[0.300s] Level 1:colcon.colcon_core.package_identification:_identify(nav_ws_gazebo/src/gac_navigation2/nav2_smac_planner) by extension 'colcon_meta'
[0.300s] Level 1:colcon.colcon_core.package_identification:_identify(nav_ws_gazebo/src/gac_navigation2/nav2_smac_planner) by extensions ['ros']
[0.300s] Level 1:colcon.colcon_core.package_identification:_identify(nav_ws_gazebo/src/gac_navigation2/nav2_smac_planner) by extension 'ros'
[0.301s] DEBUG:colcon.colcon_core.package_identification:Package 'nav_ws_gazebo/src/gac_navigation2/nav2_smac_planner' with type 'ros.ament_cmake' and name 'nav2_smac_planner'
[0.301s] Level 1:colcon.colcon_core.package_identification:_identify(nav_ws_gazebo/src/gac_navigation2/nav2_theta_star_planner) by extensions ['ignore', 'ignore_ament_install']
[0.301s] Level 1:colcon.colcon_core.package_identification:_identify(nav_ws_gazebo/src/gac_navigation2/nav2_theta_star_planner) by extension 'ignore'
[0.302s] Level 1:colcon.colcon_core.package_identification:_identify(nav_ws_gazebo/src/gac_navigation2/nav2_theta_star_planner) by extension 'ignore_ament_install'
[0.302s] Level 1:colcon.colcon_core.package_identification:_identify(nav_ws_gazebo/src/gac_navigation2/nav2_theta_star_planner) by extensions ['colcon_pkg']
[0.302s] Level 1:colcon.colcon_core.package_identification:_identify(nav_ws_gazebo/src/gac_navigation2/nav2_theta_star_planner) by extension 'colcon_pkg'
[0.302s] Level 1:colcon.colcon_core.package_identification:_identify(nav_ws_gazebo/src/gac_navigation2/nav2_theta_star_planner) by extensions ['colcon_meta']
[0.302s] Level 1:colcon.colcon_core.package_identification:_identify(nav_ws_gazebo/src/gac_navigation2/nav2_theta_star_planner) by extension 'colcon_meta'
[0.302s] Level 1:colcon.colcon_core.package_identification:_identify(nav_ws_gazebo/src/gac_navigation2/nav2_theta_star_planner) by extensions ['ros']
[0.302s] Level 1:colcon.colcon_core.package_identification:_identify(nav_ws_gazebo/src/gac_navigation2/nav2_theta_star_planner) by extension 'ros'
[0.303s] DEBUG:colcon.colcon_core.package_identification:Package 'nav_ws_gazebo/src/gac_navigation2/nav2_theta_star_planner' with type 'ros.ament_cmake' and name 'nav2_theta_star_planner'
[0.303s] Level 1:colcon.colcon_core.package_identification:_identify(nav_ws_gazebo/src/gac_navigation2/nav2_util) by extensions ['ignore', 'ignore_ament_install']
[0.303s] Level 1:colcon.colcon_core.package_identification:_identify(nav_ws_gazebo/src/gac_navigation2/nav2_util) by extension 'ignore'
[0.303s] Level 1:colcon.colcon_core.package_identification:_identify(nav_ws_gazebo/src/gac_navigation2/nav2_util) by extension 'ignore_ament_install'
[0.303s] Level 1:colcon.colcon_core.package_identification:_identify(nav_ws_gazebo/src/gac_navigation2/nav2_util) by extensions ['colcon_pkg']
[0.303s] Level 1:colcon.colcon_core.package_identification:_identify(nav_ws_gazebo/src/gac_navigation2/nav2_util) by extension 'colcon_pkg'
[0.303s] Level 1:colcon.colcon_core.package_identification:_identify(nav_ws_gazebo/src/gac_navigation2/nav2_util) by extensions ['colcon_meta']
[0.303s] Level 1:colcon.colcon_core.package_identification:_identify(nav_ws_gazebo/src/gac_navigation2/nav2_util) by extension 'colcon_meta'
[0.303s] Level 1:colcon.colcon_core.package_identification:_identify(nav_ws_gazebo/src/gac_navigation2/nav2_util) by extensions ['ros']
[0.303s] Level 1:colcon.colcon_core.package_identification:_identify(nav_ws_gazebo/src/gac_navigation2/nav2_util) by extension 'ros'
[0.304s] DEBUG:colcon.colcon_core.package_identification:Package 'nav_ws_gazebo/src/gac_navigation2/nav2_util' with type 'ros.ament_cmake' and name 'nav2_util'
[0.304s] Level 1:colcon.colcon_core.package_identification:_identify(nav_ws_gazebo/src/gac_robot_msgs) by extensions ['ignore', 'ignore_ament_install']
[0.304s] Level 1:colcon.colcon_core.package_identification:_identify(nav_ws_gazebo/src/gac_robot_msgs) by extension 'ignore'
[0.304s] Level 1:colcon.colcon_core.package_identification:_identify(nav_ws_gazebo/src/gac_robot_msgs) by extension 'ignore_ament_install'
[0.304s] Level 1:colcon.colcon_core.package_identification:_identify(nav_ws_gazebo/src/gac_robot_msgs) by extensions ['colcon_pkg']
[0.304s] Level 1:colcon.colcon_core.package_identification:_identify(nav_ws_gazebo/src/gac_robot_msgs) by extension 'colcon_pkg'
[0.304s] Level 1:colcon.colcon_core.package_identification:_identify(nav_ws_gazebo/src/gac_robot_msgs) by extensions ['colcon_meta']
[0.304s] Level 1:colcon.colcon_core.package_identification:_identify(nav_ws_gazebo/src/gac_robot_msgs) by extension 'colcon_meta'
[0.304s] Level 1:colcon.colcon_core.package_identification:_identify(nav_ws_gazebo/src/gac_robot_msgs) by extensions ['ros']
[0.304s] Level 1:colcon.colcon_core.package_identification:_identify(nav_ws_gazebo/src/gac_robot_msgs) by extension 'ros'
[0.305s] DEBUG:colcon.colcon_core.package_identification:Package 'nav_ws_gazebo/src/gac_robot_msgs' with type 'ros.ament_cmake' and name 'gac_robot_msgs'
[0.305s] Level 1:colcon.colcon_core.package_identification:_identify(nav_ws_gazebo/src/gac_robot_task) by extensions ['ignore', 'ignore_ament_install']
[0.305s] Level 1:colcon.colcon_core.package_identification:_identify(nav_ws_gazebo/src/gac_robot_task) by extension 'ignore'
[0.305s] Level 1:colcon.colcon_core.package_identification:_identify(nav_ws_gazebo/src/gac_robot_task) by extension 'ignore_ament_install'
[0.305s] Level 1:colcon.colcon_core.package_identification:_identify(nav_ws_gazebo/src/gac_robot_task) by extensions ['colcon_pkg']
[0.305s] Level 1:colcon.colcon_core.package_identification:_identify(nav_ws_gazebo/src/gac_robot_task) by extension 'colcon_pkg'
[0.305s] Level 1:colcon.colcon_core.package_identification:_identify(nav_ws_gazebo/src/gac_robot_task) by extensions ['colcon_meta']
[0.305s] Level 1:colcon.colcon_core.package_identification:_identify(nav_ws_gazebo/src/gac_robot_task) by extension 'colcon_meta'
[0.305s] Level 1:colcon.colcon_core.package_identification:_identify(nav_ws_gazebo/src/gac_robot_task) by extensions ['ros']
[0.305s] Level 1:colcon.colcon_core.package_identification:_identify(nav_ws_gazebo/src/gac_robot_task) by extension 'ros'
[0.306s] DEBUG:colcon.colcon_core.package_identification:Package 'nav_ws_gazebo/src/gac_robot_task' with type 'ros.ament_cmake' and name 'gac_robot_task'
[0.306s] Level 1:colcon.colcon_core.package_identification:_identify(nav_ws_gazebo/src/gac_robot_task_py) by extensions ['ignore', 'ignore_ament_install']
[0.306s] Level 1:colcon.colcon_core.package_identification:_identify(nav_ws_gazebo/src/gac_robot_task_py) by extension 'ignore'
[0.306s] Level 1:colcon.colcon_core.package_identification:_identify(nav_ws_gazebo/src/gac_robot_task_py) by extension 'ignore_ament_install'
[0.306s] Level 1:colcon.colcon_core.package_identification:_identify(nav_ws_gazebo/src/gac_robot_task_py) by extensions ['colcon_pkg']
[0.306s] Level 1:colcon.colcon_core.package_identification:_identify(nav_ws_gazebo/src/gac_robot_task_py) by extension 'colcon_pkg'
[0.306s] Level 1:colcon.colcon_core.package_identification:_identify(nav_ws_gazebo/src/gac_robot_task_py) by extensions ['colcon_meta']
[0.306s] Level 1:colcon.colcon_core.package_identification:_identify(nav_ws_gazebo/src/gac_robot_task_py) by extension 'colcon_meta'
[0.306s] Level 1:colcon.colcon_core.package_identification:_identify(nav_ws_gazebo/src/gac_robot_task_py) by extensions ['ros']
[0.306s] Level 1:colcon.colcon_core.package_identification:_identify(nav_ws_gazebo/src/gac_robot_task_py) by extension 'ros'
[0.307s] DEBUG:colcon.colcon_core.package_identification:Package 'nav_ws_gazebo/src/gac_robot_task_py' with type 'ros.ament_python' and name 'gac_robot_task_py'
[0.307s] Level 1:colcon.colcon_core.package_identification:_identify(nav_ws_gazebo/src/laser_odom_transformer) by extensions ['ignore', 'ignore_ament_install']
[0.307s] Level 1:colcon.colcon_core.package_identification:_identify(nav_ws_gazebo/src/laser_odom_transformer) by extension 'ignore'
[0.307s] Level 1:colcon.colcon_core.package_identification:_identify(nav_ws_gazebo/src/laser_odom_transformer) by extension 'ignore_ament_install'
[0.307s] Level 1:colcon.colcon_core.package_identification:_identify(nav_ws_gazebo/src/laser_odom_transformer) by extensions ['colcon_pkg']
[0.307s] Level 1:colcon.colcon_core.package_identification:_identify(nav_ws_gazebo/src/laser_odom_transformer) by extension 'colcon_pkg'
[0.307s] Level 1:colcon.colcon_core.package_identification:_identify(nav_ws_gazebo/src/laser_odom_transformer) by extensions ['colcon_meta']
[0.307s] Level 1:colcon.colcon_core.package_identification:_identify(nav_ws_gazebo/src/laser_odom_transformer) by extension 'colcon_meta'
[0.307s] Level 1:colcon.colcon_core.package_identification:_identify(nav_ws_gazebo/src/laser_odom_transformer) by extensions ['ros']
[0.307s] Level 1:colcon.colcon_core.package_identification:_identify(nav_ws_gazebo/src/laser_odom_transformer) by extension 'ros'
[0.308s] DEBUG:colcon.colcon_core.package_identification:Package 'nav_ws_gazebo/src/laser_odom_transformer' with type 'ros.ament_cmake' and name 'laser_odom_transformer'
[0.308s] Level 1:colcon.colcon_core.package_identification:_identify(nav_ws_gazebo/src/mqtt_nav_control_cpp) by extensions ['ignore', 'ignore_ament_install']
[0.308s] Level 1:colcon.colcon_core.package_identification:_identify(nav_ws_gazebo/src/mqtt_nav_control_cpp) by extension 'ignore'
[0.308s] Level 1:colcon.colcon_core.package_identification:_identify(nav_ws_gazebo/src/mqtt_nav_control_cpp) by extension 'ignore_ament_install'
[0.308s] Level 1:colcon.colcon_core.package_identification:_identify(nav_ws_gazebo/src/mqtt_nav_control_cpp) by extensions ['colcon_pkg']
[0.308s] Level 1:colcon.colcon_core.package_identification:_identify(nav_ws_gazebo/src/mqtt_nav_control_cpp) by extension 'colcon_pkg'
[0.308s] Level 1:colcon.colcon_core.package_identification:_identify(nav_ws_gazebo/src/mqtt_nav_control_cpp) by extensions ['colcon_meta']
[0.308s] Level 1:colcon.colcon_core.package_identification:_identify(nav_ws_gazebo/src/mqtt_nav_control_cpp) by extension 'colcon_meta'
[0.308s] Level 1:colcon.colcon_core.package_identification:_identify(nav_ws_gazebo/src/mqtt_nav_control_cpp) by extensions ['ros']
[0.308s] Level 1:colcon.colcon_core.package_identification:_identify(nav_ws_gazebo/src/mqtt_nav_control_cpp) by extension 'ros'
[0.309s] DEBUG:colcon.colcon_core.package_identification:Package 'nav_ws_gazebo/src/mqtt_nav_control_cpp' with type 'ros.ament_cmake' and name 'mqtt_nav_control_cpp'
[0.309s] Level 1:colcon.colcon_core.package_identification:_identify(nav_ws_gazebo/src/record_path) by extensions ['ignore', 'ignore_ament_install']
[0.309s] Level 1:colcon.colcon_core.package_identification:_identify(nav_ws_gazebo/src/record_path) by extension 'ignore'
[0.309s] Level 1:colcon.colcon_core.package_identification:_identify(nav_ws_gazebo/src/record_path) by extension 'ignore_ament_install'
[0.309s] Level 1:colcon.colcon_core.package_identification:_identify(nav_ws_gazebo/src/record_path) by extensions ['colcon_pkg']
[0.309s] Level 1:colcon.colcon_core.package_identification:_identify(nav_ws_gazebo/src/record_path) by extension 'colcon_pkg'
[0.309s] Level 1:colcon.colcon_core.package_identification:_identify(nav_ws_gazebo/src/record_path) by extensions ['colcon_meta']
[0.309s] Level 1:colcon.colcon_core.package_identification:_identify(nav_ws_gazebo/src/record_path) by extension 'colcon_meta'
[0.309s] Level 1:colcon.colcon_core.package_identification:_identify(nav_ws_gazebo/src/record_path) by extensions ['ros']
[0.309s] Level 1:colcon.colcon_core.package_identification:_identify(nav_ws_gazebo/src/record_path) by extension 'ros'
[0.309s] DEBUG:colcon.colcon_core.package_identification:Package 'nav_ws_gazebo/src/record_path' with type 'ros.ament_cmake' and name 'record_path'
[0.309s] Level 1:colcon.colcon_core.package_identification:_identify(nav_ws_gazebo/src/road_network_collection_py) by extensions ['ignore', 'ignore_ament_install']
[0.310s] Level 1:colcon.colcon_core.package_identification:_identify(nav_ws_gazebo/src/road_network_collection_py) by extension 'ignore'
[0.310s] Level 1:colcon.colcon_core.package_identification:_identify(nav_ws_gazebo/src/road_network_collection_py) by extension 'ignore_ament_install'
[0.310s] Level 1:colcon.colcon_core.package_identification:_identify(nav_ws_gazebo/src/road_network_collection_py) by extensions ['colcon_pkg']
[0.310s] Level 1:colcon.colcon_core.package_identification:_identify(nav_ws_gazebo/src/road_network_collection_py) by extension 'colcon_pkg'
[0.310s] Level 1:colcon.colcon_core.package_identification:_identify(nav_ws_gazebo/src/road_network_collection_py) by extensions ['colcon_meta']
[0.310s] Level 1:colcon.colcon_core.package_identification:_identify(nav_ws_gazebo/src/road_network_collection_py) by extension 'colcon_meta'
[0.310s] Level 1:colcon.colcon_core.package_identification:_identify(nav_ws_gazebo/src/road_network_collection_py) by extensions ['ros']
[0.310s] Level 1:colcon.colcon_core.package_identification:_identify(nav_ws_gazebo/src/road_network_collection_py) by extension 'ros'
[0.310s] DEBUG:colcon.colcon_core.package_identification:Package 'nav_ws_gazebo/src/road_network_collection_py' with type 'ros.ament_python' and name 'road_network_collection_py'
[0.310s] Level 1:colcon.colcon_core.package_identification:_identify(nav_ws_gazebo/src/robot_navigation) by extensions ['ignore', 'ignore_ament_install']
[0.310s] Level 1:colcon.colcon_core.package_identification:_identify(nav_ws_gazebo/src/robot_navigation) by extension 'ignore'
[0.311s] Level 1:colcon.colcon_core.package_identification:_identify(nav_ws_gazebo/src/robot_navigation) by extension 'ignore_ament_install'
[0.311s] Level 1:colcon.colcon_core.package_identification:_identify(nav_ws_gazebo/src/robot_navigation) by extensions ['colcon_pkg']
[0.311s] Level 1:colcon.colcon_core.package_identification:_identify(nav_ws_gazebo/src/robot_navigation) by extension 'colcon_pkg'
[0.311s] Level 1:colcon.colcon_core.package_identification:_identify(nav_ws_gazebo/src/robot_navigation) by extensions ['colcon_meta']
[0.311s] Level 1:colcon.colcon_core.package_identification:_identify(nav_ws_gazebo/src/robot_navigation) by extension 'colcon_meta'
[0.311s] Level 1:colcon.colcon_core.package_identification:_identify(nav_ws_gazebo/src/robot_navigation) by extensions ['ros']
[0.311s] Level 1:colcon.colcon_core.package_identification:_identify(nav_ws_gazebo/src/robot_navigation) by extension 'ros'
[0.311s] DEBUG:colcon.colcon_core.package_identification:Package 'nav_ws_gazebo/src/robot_navigation' with type 'ros.ament_python' and name 'robot_navigation'
[0.311s] Level 1:colcon.colcon_core.package_identification:_identify(sim) by extensions ['ignore', 'ignore_ament_install']
[0.311s] Level 1:colcon.colcon_core.package_identification:_identify(sim) by extension 'ignore'
[0.311s] Level 1:colcon.colcon_core.package_identification:_identify(sim) by extension 'ignore_ament_install'
[0.311s] Level 1:colcon.colcon_core.package_identification:_identify(sim) by extensions ['colcon_pkg']
[0.311s] Level 1:colcon.colcon_core.package_identification:_identify(sim) by extension 'colcon_pkg'
[0.312s] Level 1:colcon.colcon_core.package_identification:_identify(sim) by extensions ['colcon_meta']
[0.312s] Level 1:colcon.colcon_core.package_identification:_identify(sim) by extension 'colcon_meta'
[0.312s] Level 1:colcon.colcon_core.package_identification:_identify(sim) by extensions ['ros']
[0.312s] Level 1:colcon.colcon_core.package_identification:_identify(sim) by extension 'ros'
[0.312s] Level 1:colcon.colcon_core.package_identification:_identify(sim) by extensions ['cmake', 'python']
[0.312s] Level 1:colcon.colcon_core.package_identification:_identify(sim) by extension 'cmake'
[0.312s] Level 1:colcon.colcon_core.package_identification:_identify(sim) by extension 'python'
[0.312s] Level 1:colcon.colcon_core.package_identification:_identify(sim) by extensions ['python_setup_py']
[0.312s] Level 1:colcon.colcon_core.package_identification:_identify(sim) by extension 'python_setup_py'
[0.312s] Level 1:colcon.colcon_core.package_identification:_identify(sim/defender_3a) by extensions ['ignore', 'ignore_ament_install']
[0.312s] Level 1:colcon.colcon_core.package_identification:_identify(sim/defender_3a) by extension 'ignore'
[0.312s] Level 1:colcon.colcon_core.package_identification:_identify(sim/defender_3a) by extension 'ignore_ament_install'
[0.312s] Level 1:colcon.colcon_core.package_identification:_identify(sim/defender_3a) by extensions ['colcon_pkg']
[0.312s] Level 1:colcon.colcon_core.package_identification:_identify(sim/defender_3a) by extension 'colcon_pkg'
[0.312s] Level 1:colcon.colcon_core.package_identification:_identify(sim/defender_3a) by extensions ['colcon_meta']
[0.312s] Level 1:colcon.colcon_core.package_identification:_identify(sim/defender_3a) by extension 'colcon_meta'
[0.312s] Level 1:colcon.colcon_core.package_identification:_identify(sim/defender_3a) by extensions ['ros']
[0.312s] Level 1:colcon.colcon_core.package_identification:_identify(sim/defender_3a) by extension 'ros'
[0.312s] DEBUG:colcon.colcon_core.package_identification:Package 'sim/defender_3a' with type 'ros.ament_cmake' and name 'defender_3a'
[0.312s] Level 1:colcon.colcon_core.package_identification:_identify(sim/robot_relate) by extensions ['ignore', 'ignore_ament_install']
[0.313s] Level 1:colcon.colcon_core.package_identification:_identify(sim/robot_relate) by extension 'ignore'
[0.313s] Level 1:colcon.colcon_core.package_identification:_identify(sim/robot_relate) by extension 'ignore_ament_install'
[0.313s] Level 1:colcon.colcon_core.package_identification:_identify(sim/robot_relate) by extensions ['colcon_pkg']
[0.313s] Level 1:colcon.colcon_core.package_identification:_identify(sim/robot_relate) by extension 'colcon_pkg'
[0.313s] Level 1:colcon.colcon_core.package_identification:_identify(sim/robot_relate) by extensions ['colcon_meta']
[0.313s] Level 1:colcon.colcon_core.package_identification:_identify(sim/robot_relate) by extension 'colcon_meta'
[0.313s] Level 1:colcon.colcon_core.package_identification:_identify(sim/robot_relate) by extensions ['ros']
[0.313s] Level 1:colcon.colcon_core.package_identification:_identify(sim/robot_relate) by extension 'ros'
[0.313s] DEBUG:colcon.colcon_core.package_identification:Package 'sim/robot_relate' with type 'ros.ament_cmake' and name 'robot_relate'
[0.313s] Level 1:colcon.colcon_core.package_identification:_identify(sim/robot_relate_python) by extensions ['ignore', 'ignore_ament_install']
[0.313s] Level 1:colcon.colcon_core.package_identification:_identify(sim/robot_relate_python) by extension 'ignore'
[0.313s] Level 1:colcon.colcon_core.package_identification:_identify(sim/robot_relate_python) by extension 'ignore_ament_install'
[0.313s] Level 1:colcon.colcon_core.package_identification:_identify(sim/robot_relate_python) by extensions ['colcon_pkg']
[0.313s] Level 1:colcon.colcon_core.package_identification:_identify(sim/robot_relate_python) by extension 'colcon_pkg'
[0.313s] Level 1:colcon.colcon_core.package_identification:_identify(sim/robot_relate_python) by extensions ['colcon_meta']
[0.313s] Level 1:colcon.colcon_core.package_identification:_identify(sim/robot_relate_python) by extension 'colcon_meta'
[0.313s] Level 1:colcon.colcon_core.package_identification:_identify(sim/robot_relate_python) by extensions ['ros']
[0.313s] Level 1:colcon.colcon_core.package_identification:_identify(sim/robot_relate_python) by extension 'ros'
[0.314s] DEBUG:colcon.colcon_core.package_identification:Package 'sim/robot_relate_python' with type 'ros.ament_python' and name 'robot_relate_python'
[0.314s] Level 1:colcon.colcon_core.package_identification:_identify(sim/sim_amcl_bringup) by extensions ['ignore', 'ignore_ament_install']
[0.314s] Level 1:colcon.colcon_core.package_identification:_identify(sim/sim_amcl_bringup) by extension 'ignore'
[0.314s] Level 1:colcon.colcon_core.package_identification:_identify(sim/sim_amcl_bringup) by extension 'ignore_ament_install'
[0.314s] Level 1:colcon.colcon_core.package_identification:_identify(sim/sim_amcl_bringup) by extensions ['colcon_pkg']
[0.314s] Level 1:colcon.colcon_core.package_identification:_identify(sim/sim_amcl_bringup) by extension 'colcon_pkg'
[0.314s] Level 1:colcon.colcon_core.package_identification:_identify(sim/sim_amcl_bringup) by extensions ['colcon_meta']
[0.314s] Level 1:colcon.colcon_core.package_identification:_identify(sim/sim_amcl_bringup) by extension 'colcon_meta'
[0.314s] Level 1:colcon.colcon_core.package_identification:_identify(sim/sim_amcl_bringup) by extensions ['ros']
[0.314s] Level 1:colcon.colcon_core.package_identification:_identify(sim/sim_amcl_bringup) by extension 'ros'
[0.315s] DEBUG:colcon.colcon_core.package_identification:Package 'sim/sim_amcl_bringup' with type 'ros.ament_cmake' and name 'sim_amcl_bringup'
[0.315s] Level 1:colcon.colcon_core.package_identification:_identify(vizanti_server) by extensions ['ignore', 'ignore_ament_install']
[0.315s] Level 1:colcon.colcon_core.package_identification:_identify(vizanti_server) by extension 'ignore'
[0.315s] Level 1:colcon.colcon_core.package_identification:_identify(vizanti_server) by extension 'ignore_ament_install'
[0.315s] Level 1:colcon.colcon_core.package_identification:_identify(vizanti_server) by extensions ['colcon_pkg']
[0.315s] Level 1:colcon.colcon_core.package_identification:_identify(vizanti_server) by extension 'colcon_pkg'
[0.315s] Level 1:colcon.colcon_core.package_identification:_identify(vizanti_server) by extensions ['colcon_meta']
[0.315s] Level 1:colcon.colcon_core.package_identification:_identify(vizanti_server) by extension 'colcon_meta'
[0.315s] Level 1:colcon.colcon_core.package_identification:_identify(vizanti_server) by extensions ['ros']
[0.315s] Level 1:colcon.colcon_core.package_identification:_identify(vizanti_server) by extension 'ros'
[0.315s] Level 1:colcon.colcon_core.package_identification:_identify(vizanti_server) by extensions ['cmake', 'python']
[0.315s] Level 1:colcon.colcon_core.package_identification:_identify(vizanti_server) by extension 'cmake'
[0.315s] Level 1:colcon.colcon_core.package_identification:_identify(vizanti_server) by extension 'python'
[0.315s] Level 1:colcon.colcon_core.package_identification:_identify(vizanti_server) by extensions ['python_setup_py']
[0.315s] Level 1:colcon.colcon_core.package_identification:_identify(vizanti_server) by extension 'python_setup_py'
[0.315s] Level 1:colcon.colcon_core.package_identification:_identify(vizanti_server/cicd) by extensions ['ignore', 'ignore_ament_install']
[0.315s] Level 1:colcon.colcon_core.package_identification:_identify(vizanti_server/cicd) by extension 'ignore'
[0.315s] Level 1:colcon.colcon_core.package_identification:_identify(vizanti_server/cicd) by extension 'ignore_ament_install'
[0.315s] Level 1:colcon.colcon_core.package_identification:_identify(vizanti_server/cicd) by extensions ['colcon_pkg']
[0.315s] Level 1:colcon.colcon_core.package_identification:_identify(vizanti_server/cicd) by extension 'colcon_pkg'
[0.315s] Level 1:colcon.colcon_core.package_identification:_identify(vizanti_server/cicd) by extensions ['colcon_meta']
[0.315s] Level 1:colcon.colcon_core.package_identification:_identify(vizanti_server/cicd) by extension 'colcon_meta'
[0.315s] Level 1:colcon.colcon_core.package_identification:_identify(vizanti_server/cicd) by extensions ['ros']
[0.315s] Level 1:colcon.colcon_core.package_identification:_identify(vizanti_server/cicd) by extension 'ros'
[0.315s] Level 1:colcon.colcon_core.package_identification:_identify(vizanti_server/cicd) by extensions ['cmake', 'python']
[0.315s] Level 1:colcon.colcon_core.package_identification:_identify(vizanti_server/cicd) by extension 'cmake'
[0.316s] Level 1:colcon.colcon_core.package_identification:_identify(vizanti_server/cicd) by extension 'python'
[0.316s] Level 1:colcon.colcon_core.package_identification:_identify(vizanti_server/cicd) by extensions ['python_setup_py']
[0.316s] Level 1:colcon.colcon_core.package_identification:_identify(vizanti_server/cicd) by extension 'python_setup_py'
[0.316s] Level 1:colcon.colcon_core.package_identification:_identify(vizanti_server/cicd/devops) by extensions ['ignore', 'ignore_ament_install']
[0.316s] Level 1:colcon.colcon_core.package_identification:_identify(vizanti_server/cicd/devops) by extension 'ignore'
[0.316s] Level 1:colcon.colcon_core.package_identification:_identify(vizanti_server/cicd/devops) by extension 'ignore_ament_install'
[0.316s] Level 1:colcon.colcon_core.package_identification:_identify(vizanti_server/cicd/devops) by extensions ['colcon_pkg']
[0.316s] Level 1:colcon.colcon_core.package_identification:_identify(vizanti_server/cicd/devops) by extension 'colcon_pkg'
[0.316s] Level 1:colcon.colcon_core.package_identification:_identify(vizanti_server/cicd/devops) by extensions ['colcon_meta']
[0.316s] Level 1:colcon.colcon_core.package_identification:_identify(vizanti_server/cicd/devops) by extension 'colcon_meta'
[0.316s] Level 1:colcon.colcon_core.package_identification:_identify(vizanti_server/cicd/devops) by extensions ['ros']
[0.316s] Level 1:colcon.colcon_core.package_identification:_identify(vizanti_server/cicd/devops) by extension 'ros'
[0.316s] Level 1:colcon.colcon_core.package_identification:_identify(vizanti_server/cicd/devops) by extensions ['cmake', 'python']
[0.316s] Level 1:colcon.colcon_core.package_identification:_identify(vizanti_server/cicd/devops) by extension 'cmake'
[0.316s] Level 1:colcon.colcon_core.package_identification:_identify(vizanti_server/cicd/devops) by extension 'python'
[0.316s] Level 1:colcon.colcon_core.package_identification:_identify(vizanti_server/cicd/devops) by extensions ['python_setup_py']
[0.316s] Level 1:colcon.colcon_core.package_identification:_identify(vizanti_server/cicd/devops) by extension 'python_setup_py'
[0.316s] Level 1:colcon.colcon_core.package_identification:_identify(vizanti_server/cicd/devops/DEBIAN) by extensions ['ignore', 'ignore_ament_install']
[0.316s] Level 1:colcon.colcon_core.package_identification:_identify(vizanti_server/cicd/devops/DEBIAN) by extension 'ignore'
[0.316s] Level 1:colcon.colcon_core.package_identification:_identify(vizanti_server/cicd/devops/DEBIAN) by extension 'ignore_ament_install'
[0.316s] Level 1:colcon.colcon_core.package_identification:_identify(vizanti_server/cicd/devops/DEBIAN) by extensions ['colcon_pkg']
[0.316s] Level 1:colcon.colcon_core.package_identification:_identify(vizanti_server/cicd/devops/DEBIAN) by extension 'colcon_pkg'
[0.316s] Level 1:colcon.colcon_core.package_identification:_identify(vizanti_server/cicd/devops/DEBIAN) by extensions ['colcon_meta']
[0.316s] Level 1:colcon.colcon_core.package_identification:_identify(vizanti_server/cicd/devops/DEBIAN) by extension 'colcon_meta'
[0.316s] Level 1:colcon.colcon_core.package_identification:_identify(vizanti_server/cicd/devops/DEBIAN) by extensions ['ros']
[0.316s] Level 1:colcon.colcon_core.package_identification:_identify(vizanti_server/cicd/devops/DEBIAN) by extension 'ros'
[0.316s] Level 1:colcon.colcon_core.package_identification:_identify(vizanti_server/cicd/devops/DEBIAN) by extensions ['cmake', 'python']
[0.316s] Level 1:colcon.colcon_core.package_identification:_identify(vizanti_server/cicd/devops/DEBIAN) by extension 'cmake'
[0.316s] Level 1:colcon.colcon_core.package_identification:_identify(vizanti_server/cicd/devops/DEBIAN) by extension 'python'
[0.316s] Level 1:colcon.colcon_core.package_identification:_identify(vizanti_server/cicd/devops/DEBIAN) by extensions ['python_setup_py']
[0.316s] Level 1:colcon.colcon_core.package_identification:_identify(vizanti_server/cicd/devops/DEBIAN) by extension 'python_setup_py'
[0.317s] Level 1:colcon.colcon_core.package_identification:_identify(vizanti_server/src) by extensions ['ignore', 'ignore_ament_install']
[0.317s] Level 1:colcon.colcon_core.package_identification:_identify(vizanti_server/src) by extension 'ignore'
[0.317s] Level 1:colcon.colcon_core.package_identification:_identify(vizanti_server/src) by extension 'ignore_ament_install'
[0.317s] Level 1:colcon.colcon_core.package_identification:_identify(vizanti_server/src) by extensions ['colcon_pkg']
[0.317s] Level 1:colcon.colcon_core.package_identification:_identify(vizanti_server/src) by extension 'colcon_pkg'
[0.317s] Level 1:colcon.colcon_core.package_identification:_identify(vizanti_server/src) by extensions ['colcon_meta']
[0.317s] Level 1:colcon.colcon_core.package_identification:_identify(vizanti_server/src) by extension 'colcon_meta'
[0.317s] Level 1:colcon.colcon_core.package_identification:_identify(vizanti_server/src) by extensions ['ros']
[0.317s] Level 1:colcon.colcon_core.package_identification:_identify(vizanti_server/src) by extension 'ros'
[0.317s] Level 1:colcon.colcon_core.package_identification:_identify(vizanti_server/src) by extensions ['cmake', 'python']
[0.317s] Level 1:colcon.colcon_core.package_identification:_identify(vizanti_server/src) by extension 'cmake'
[0.317s] Level 1:colcon.colcon_core.package_identification:_identify(vizanti_server/src) by extension 'python'
[0.317s] Level 1:colcon.colcon_core.package_identification:_identify(vizanti_server/src) by extensions ['python_setup_py']
[0.317s] Level 1:colcon.colcon_core.package_identification:_identify(vizanti_server/src) by extension 'python_setup_py'
[0.317s] Level 1:colcon.colcon_core.package_identification:_identify(vizanti_server/src/rws) by extensions ['ignore', 'ignore_ament_install']
[0.317s] Level 1:colcon.colcon_core.package_identification:_identify(vizanti_server/src/rws) by extension 'ignore'
[0.317s] Level 1:colcon.colcon_core.package_identification:_identify(vizanti_server/src/rws) by extension 'ignore_ament_install'
[0.317s] Level 1:colcon.colcon_core.package_identification:_identify(vizanti_server/src/rws) by extensions ['colcon_pkg']
[0.317s] Level 1:colcon.colcon_core.package_identification:_identify(vizanti_server/src/rws) by extension 'colcon_pkg'
[0.317s] Level 1:colcon.colcon_core.package_identification:_identify(vizanti_server/src/rws) by extensions ['colcon_meta']
[0.317s] Level 1:colcon.colcon_core.package_identification:_identify(vizanti_server/src/rws) by extension 'colcon_meta'
[0.317s] Level 1:colcon.colcon_core.package_identification:_identify(vizanti_server/src/rws) by extensions ['ros']
[0.317s] Level 1:colcon.colcon_core.package_identification:_identify(vizanti_server/src/rws) by extension 'ros'
[0.318s] DEBUG:colcon.colcon_core.package_identification:Package 'vizanti_server/src/rws' with type 'ros.ament_cmake' and name 'rws'
[0.318s] Level 1:colcon.colcon_core.package_identification:_identify(vizanti_server/src/vizanti) by extensions ['ignore', 'ignore_ament_install']
[0.318s] Level 1:colcon.colcon_core.package_identification:_identify(vizanti_server/src/vizanti) by extension 'ignore'
[0.318s] Level 1:colcon.colcon_core.package_identification:_identify(vizanti_server/src/vizanti) by extension 'ignore_ament_install'
[0.318s] Level 1:colcon.colcon_core.package_identification:_identify(vizanti_server/src/vizanti) by extensions ['colcon_pkg']
[0.318s] Level 1:colcon.colcon_core.package_identification:_identify(vizanti_server/src/vizanti) by extension 'colcon_pkg'
[0.318s] Level 1:colcon.colcon_core.package_identification:_identify(vizanti_server/src/vizanti) by extensions ['colcon_meta']
[0.318s] Level 1:colcon.colcon_core.package_identification:_identify(vizanti_server/src/vizanti) by extension 'colcon_meta'
[0.318s] Level 1:colcon.colcon_core.package_identification:_identify(vizanti_server/src/vizanti) by extensions ['ros']
[0.318s] Level 1:colcon.colcon_core.package_identification:_identify(vizanti_server/src/vizanti) by extension 'ros'
[0.318s] Level 1:colcon.colcon_core.package_identification:_identify(vizanti_server/src/vizanti) by extensions ['cmake', 'python']
[0.318s] Level 1:colcon.colcon_core.package_identification:_identify(vizanti_server/src/vizanti) by extension 'cmake'
[0.318s] Level 1:colcon.colcon_core.package_identification:_identify(vizanti_server/src/vizanti) by extension 'python'
[0.318s] Level 1:colcon.colcon_core.package_identification:_identify(vizanti_server/src/vizanti) by extensions ['python_setup_py']
[0.318s] Level 1:colcon.colcon_core.package_identification:_identify(vizanti_server/src/vizanti) by extension 'python_setup_py'
[0.318s] Level 1:colcon.colcon_core.package_identification:_identify(vizanti_server/src/vizanti/docker) by extensions ['ignore', 'ignore_ament_install']
[0.318s] Level 1:colcon.colcon_core.package_identification:_identify(vizanti_server/src/vizanti/docker) by extension 'ignore'
[0.318s] Level 1:colcon.colcon_core.package_identification:_identify(vizanti_server/src/vizanti/docker) by extension 'ignore_ament_install'
[0.318s] Level 1:colcon.colcon_core.package_identification:_identify(vizanti_server/src/vizanti/docker) by extensions ['colcon_pkg']
[0.318s] Level 1:colcon.colcon_core.package_identification:_identify(vizanti_server/src/vizanti/docker) by extension 'colcon_pkg'
[0.318s] Level 1:colcon.colcon_core.package_identification:_identify(vizanti_server/src/vizanti/docker) by extensions ['colcon_meta']
[0.318s] Level 1:colcon.colcon_core.package_identification:_identify(vizanti_server/src/vizanti/docker) by extension 'colcon_meta'
[0.318s] Level 1:colcon.colcon_core.package_identification:_identify(vizanti_server/src/vizanti/docker) by extensions ['ros']
[0.319s] Level 1:colcon.colcon_core.package_identification:_identify(vizanti_server/src/vizanti/docker) by extension 'ros'
[0.319s] Level 1:colcon.colcon_core.package_identification:_identify(vizanti_server/src/vizanti/docker) by extensions ['cmake', 'python']
[0.319s] Level 1:colcon.colcon_core.package_identification:_identify(vizanti_server/src/vizanti/docker) by extension 'cmake'
[0.319s] Level 1:colcon.colcon_core.package_identification:_identify(vizanti_server/src/vizanti/docker) by extension 'python'
[0.319s] Level 1:colcon.colcon_core.package_identification:_identify(vizanti_server/src/vizanti/docker) by extensions ['python_setup_py']
[0.319s] Level 1:colcon.colcon_core.package_identification:_identify(vizanti_server/src/vizanti/docker) by extension 'python_setup_py'
[0.319s] Level 1:colcon.colcon_core.package_identification:_identify(vizanti_server/src/vizanti/vizanti) by extensions ['ignore', 'ignore_ament_install']
[0.319s] Level 1:colcon.colcon_core.package_identification:_identify(vizanti_server/src/vizanti/vizanti) by extension 'ignore'
[0.319s] Level 1:colcon.colcon_core.package_identification:_identify(vizanti_server/src/vizanti/vizanti) by extension 'ignore_ament_install'
[0.319s] Level 1:colcon.colcon_core.package_identification:_identify(vizanti_server/src/vizanti/vizanti) by extensions ['colcon_pkg']
[0.319s] Level 1:colcon.colcon_core.package_identification:_identify(vizanti_server/src/vizanti/vizanti) by extension 'colcon_pkg'
[0.319s] Level 1:colcon.colcon_core.package_identification:_identify(vizanti_server/src/vizanti/vizanti) by extensions ['colcon_meta']
[0.319s] Level 1:colcon.colcon_core.package_identification:_identify(vizanti_server/src/vizanti/vizanti) by extension 'colcon_meta'
[0.319s] Level 1:colcon.colcon_core.package_identification:_identify(vizanti_server/src/vizanti/vizanti) by extensions ['ros']
[0.319s] Level 1:colcon.colcon_core.package_identification:_identify(vizanti_server/src/vizanti/vizanti) by extension 'ros'
[0.319s] DEBUG:colcon.colcon_core.package_identification:Package 'vizanti_server/src/vizanti/vizanti' with type 'ros.ament_cmake' and name 'vizanti'
[0.320s] Level 1:colcon.colcon_core.package_identification:_identify(vizanti_server/src/vizanti/vizanti_cpp) by extensions ['ignore', 'ignore_ament_install']
[0.320s] Level 1:colcon.colcon_core.package_identification:_identify(vizanti_server/src/vizanti/vizanti_cpp) by extension 'ignore'
[0.320s] Level 1:colcon.colcon_core.package_identification:_identify(vizanti_server/src/vizanti/vizanti_cpp) by extension 'ignore_ament_install'
[0.320s] Level 1:colcon.colcon_core.package_identification:_identify(vizanti_server/src/vizanti/vizanti_cpp) by extensions ['colcon_pkg']
[0.320s] Level 1:colcon.colcon_core.package_identification:_identify(vizanti_server/src/vizanti/vizanti_cpp) by extension 'colcon_pkg'
[0.320s] Level 1:colcon.colcon_core.package_identification:_identify(vizanti_server/src/vizanti/vizanti_cpp) by extensions ['colcon_meta']
[0.320s] Level 1:colcon.colcon_core.package_identification:_identify(vizanti_server/src/vizanti/vizanti_cpp) by extension 'colcon_meta'
[0.320s] Level 1:colcon.colcon_core.package_identification:_identify(vizanti_server/src/vizanti/vizanti_cpp) by extensions ['ros']
[0.320s] Level 1:colcon.colcon_core.package_identification:_identify(vizanti_server/src/vizanti/vizanti_cpp) by extension 'ros'
[0.320s] DEBUG:colcon.colcon_core.package_identification:Package 'vizanti_server/src/vizanti/vizanti_cpp' with type 'ros.ament_cmake' and name 'vizanti_cpp'
[0.320s] Level 1:colcon.colcon_core.package_identification:_identify(vizanti_server/src/vizanti/vizanti_demos) by extensions ['ignore', 'ignore_ament_install']
[0.320s] Level 1:colcon.colcon_core.package_identification:_identify(vizanti_server/src/vizanti/vizanti_demos) by extension 'ignore'
[0.320s] Level 1:colcon.colcon_core.package_identification:_identify(vizanti_server/src/vizanti/vizanti_demos) by extension 'ignore_ament_install'
[0.320s] Level 1:colcon.colcon_core.package_identification:_identify(vizanti_server/src/vizanti/vizanti_demos) by extensions ['colcon_pkg']
[0.320s] Level 1:colcon.colcon_core.package_identification:_identify(vizanti_server/src/vizanti/vizanti_demos) by extension 'colcon_pkg'
[0.320s] Level 1:colcon.colcon_core.package_identification:_identify(vizanti_server/src/vizanti/vizanti_demos) by extensions ['colcon_meta']
[0.321s] Level 1:colcon.colcon_core.package_identification:_identify(vizanti_server/src/vizanti/vizanti_demos) by extension 'colcon_meta'
[0.321s] Level 1:colcon.colcon_core.package_identification:_identify(vizanti_server/src/vizanti/vizanti_demos) by extensions ['ros']
[0.321s] Level 1:colcon.colcon_core.package_identification:_identify(vizanti_server/src/vizanti/vizanti_demos) by extension 'ros'
[0.321s] DEBUG:colcon.colcon_core.package_identification:Package 'vizanti_server/src/vizanti/vizanti_demos' with type 'ros.ament_cmake' and name 'vizanti_demos'
[0.321s] Level 1:colcon.colcon_core.package_identification:_identify(vizanti_server/src/vizanti/vizanti_msgs) by extensions ['ignore', 'ignore_ament_install']
[0.321s] Level 1:colcon.colcon_core.package_identification:_identify(vizanti_server/src/vizanti/vizanti_msgs) by extension 'ignore'
[0.322s] Level 1:colcon.colcon_core.package_identification:_identify(vizanti_server/src/vizanti/vizanti_msgs) by extension 'ignore_ament_install'
[0.322s] Level 1:colcon.colcon_core.package_identification:_identify(vizanti_server/src/vizanti/vizanti_msgs) by extensions ['colcon_pkg']
[0.322s] Level 1:colcon.colcon_core.package_identification:_identify(vizanti_server/src/vizanti/vizanti_msgs) by extension 'colcon_pkg'
[0.322s] Level 1:colcon.colcon_core.package_identification:_identify(vizanti_server/src/vizanti/vizanti_msgs) by extensions ['colcon_meta']
[0.322s] Level 1:colcon.colcon_core.package_identification:_identify(vizanti_server/src/vizanti/vizanti_msgs) by extension 'colcon_meta'
[0.322s] Level 1:colcon.colcon_core.package_identification:_identify(vizanti_server/src/vizanti/vizanti_msgs) by extensions ['ros']
[0.322s] Level 1:colcon.colcon_core.package_identification:_identify(vizanti_server/src/vizanti/vizanti_msgs) by extension 'ros'
[0.322s] DEBUG:colcon.colcon_core.package_identification:Package 'vizanti_server/src/vizanti/vizanti_msgs' with type 'ros.ament_cmake' and name 'vizanti_msgs'
[0.322s] Level 1:colcon.colcon_core.package_identification:_identify(vizanti_server/src/vizanti/vizanti_server) by extensions ['ignore', 'ignore_ament_install']
[0.322s] Level 1:colcon.colcon_core.package_identification:_identify(vizanti_server/src/vizanti/vizanti_server) by extension 'ignore'
[0.322s] Level 1:colcon.colcon_core.package_identification:_identify(vizanti_server/src/vizanti/vizanti_server) by extension 'ignore_ament_install'
[0.322s] Level 1:colcon.colcon_core.package_identification:_identify(vizanti_server/src/vizanti/vizanti_server) by extensions ['colcon_pkg']
[0.322s] Level 1:colcon.colcon_core.package_identification:_identify(vizanti_server/src/vizanti/vizanti_server) by extension 'colcon_pkg'
[0.322s] Level 1:colcon.colcon_core.package_identification:_identify(vizanti_server/src/vizanti/vizanti_server) by extensions ['colcon_meta']
[0.322s] Level 1:colcon.colcon_core.package_identification:_identify(vizanti_server/src/vizanti/vizanti_server) by extension 'colcon_meta'
[0.323s] Level 1:colcon.colcon_core.package_identification:_identify(vizanti_server/src/vizanti/vizanti_server) by extensions ['ros']
[0.323s] Level 1:colcon.colcon_core.package_identification:_identify(vizanti_server/src/vizanti/vizanti_server) by extension 'ros'
[0.324s] DEBUG:colcon.colcon_core.package_identification:Package 'vizanti_server/src/vizanti/vizanti_server' with type 'ros.ament_cmake' and name 'vizanti_server'
[0.324s] Level 1:colcon.colcon_core.package_discovery:discover_packages(recursive) using defaults
[0.324s] Level 1:colcon.colcon_core.package_discovery:discover_packages(ignore) discover
[0.324s] Level 1:colcon.colcon_core.package_discovery:discover_packages(ignore) using defaults
[0.324s] Level 1:colcon.colcon_core.package_discovery:discover_packages(path) discover
[0.324s] Level 1:colcon.colcon_core.package_discovery:discover_packages(path) using defaults
[0.357s] INFO:colcon.colcon_core.package_selection:Skipping not selected package 'defender_3a' in 'sim/defender_3a'
[0.357s] INFO:colcon.colcon_core.package_selection:Skipping not selected package 'gac_nav2_voxel_grid' in 'nav_ws_gazebo/src/gac_navigation2/gac_nav2_voxel_grid'
[0.357s] INFO:colcon.colcon_core.package_selection:Skipping not selected package 'gac_robot_msgs' in 'nav_ws_gazebo/src/gac_robot_msgs'
[0.358s] INFO:colcon.colcon_core.package_selection:Skipping not selected package 'gac_robot_task' in 'nav_ws_gazebo/src/gac_robot_task'
[0.358s] INFO:colcon.colcon_core.package_selection:Skipping not selected package 'laser_odom_transformer' in 'nav_ws_gazebo/src/laser_odom_transformer'
[0.358s] INFO:colcon.colcon_core.package_selection:Skipping not selected package 'mqtt_nav_control_cpp' in 'nav_ws_gazebo/src/mqtt_nav_control_cpp'
[0.358s] INFO:colcon.colcon_core.package_selection:Skipping not selected package 'nav2_util' in 'nav_ws_gazebo/src/gac_navigation2/nav2_util'
[0.358s] INFO:colcon.colcon_core.package_selection:Skipping not selected package 'nav_2d_msgs' in 'nav_ws_gazebo/src/gac_navigation2/nav2_dwb_controller/nav_2d_msgs'
[0.358s] INFO:colcon.colcon_core.package_selection:Skipping not selected package 'record_path' in 'nav_ws_gazebo/src/record_path'
[0.358s] INFO:colcon.colcon_core.package_selection:Skipping not selected package 'robot_relate_python' in 'sim/robot_relate_python'
[0.358s] INFO:colcon.colcon_core.package_selection:Skipping not selected package 'rws' in 'vizanti_server/src/rws'
[0.358s] INFO:colcon.colcon_core.package_selection:Skipping not selected package 'vizanti_cpp' in 'vizanti_server/src/vizanti/vizanti_cpp'
[0.358s] INFO:colcon.colcon_core.package_selection:Skipping not selected package 'vizanti_msgs' in 'vizanti_server/src/vizanti/vizanti_msgs'
[0.358s] INFO:colcon.colcon_core.package_selection:Skipping not selected package 'dwb_msgs' in 'nav_ws_gazebo/src/gac_navigation2/nav2_dwb_controller/dwb_msgs'
[0.358s] INFO:colcon.colcon_core.package_selection:Skipping not selected package 'gac_nav2_behavior_tree' in 'nav_ws_gazebo/src/gac_navigation2/gac_nav2_behavior_tree'
[0.358s] INFO:colcon.colcon_core.package_selection:Skipping not selected package 'gac_nav2_velocity_smoother' in 'nav_ws_gazebo/src/gac_navigation2/gac_nav2_velocity_smoother'
[0.358s] INFO:colcon.colcon_core.package_selection:Skipping not selected package 'gac_robot_task_py' in 'nav_ws_gazebo/src/gac_robot_task_py'
[0.358s] INFO:colcon.colcon_core.package_selection:Skipping not selected package 'nav2_lifecycle_manager' in 'nav_ws_gazebo/src/gac_navigation2/nav2_lifecycle_manager'
[0.358s] INFO:colcon.colcon_core.package_selection:Skipping not selected package 'nav2_map_server' in 'nav_ws_gazebo/src/gac_navigation2/nav2_map_server'
[0.358s] INFO:colcon.colcon_core.package_selection:Skipping not selected package 'nav_2d_utils' in 'nav_ws_gazebo/src/gac_navigation2/nav2_dwb_controller/nav_2d_utils'
[0.358s] INFO:colcon.colcon_core.package_selection:Skipping not selected package 'road_network_collection_py' in 'nav_ws_gazebo/src/road_network_collection_py'
[0.358s] INFO:colcon.colcon_core.package_selection:Skipping not selected package 'robot_navigation' in 'nav_ws_gazebo/src/robot_navigation'
[0.358s] INFO:colcon.colcon_core.package_selection:Skipping not selected package 'vizanti_demos' in 'vizanti_server/src/vizanti/vizanti_demos'
[0.358s] INFO:colcon.colcon_core.package_selection:Skipping not selected package 'vizanti_server' in 'vizanti_server/src/vizanti/vizanti_server'
[0.358s] INFO:colcon.colcon_core.package_selection:Skipping not selected package 'gac_nav2_bringup' in 'nav_ws_gazebo/src/gac_navigation2/gac_nav2_bringup'
[0.358s] INFO:colcon.colcon_core.package_selection:Skipping not selected package 'gac_nav2_costmap_2d' in 'nav_ws_gazebo/src/gac_navigation2/gac_nav2_costmap_2d'
[0.358s] INFO:colcon.colcon_core.package_selection:Skipping not selected package 'nav2_keepout_pkg' in 'nav_ws_gazebo/src/gac_nav2_keepout_pkg'
[0.358s] INFO:colcon.colcon_core.package_selection:Skipping not selected package 'sim_amcl_bringup' in 'sim/sim_amcl_bringup'
[0.358s] INFO:colcon.colcon_core.package_selection:Skipping not selected package 'vizanti' in 'vizanti_server/src/vizanti/vizanti'
[0.358s] INFO:colcon.colcon_core.package_selection:Skipping not selected package 'costmap_queue' in 'nav_ws_gazebo/src/gac_navigation2/nav2_dwb_controller/costmap_queue'
[0.358s] INFO:colcon.colcon_core.package_selection:Skipping not selected package 'gac_nav2_collision_monitor' in 'nav_ws_gazebo/src/gac_navigation2/gac_nav2_collision_monitor'
[0.358s] INFO:colcon.colcon_core.package_selection:Skipping not selected package 'gac_nav2_core' in 'nav_ws_gazebo/src/gac_navigation2/gac_nav2_core'
[0.358s] INFO:colcon.colcon_core.package_selection:Skipping not selected package 'dwb_core' in 'nav_ws_gazebo/src/gac_navigation2/nav2_dwb_controller/dwb_core'
[0.358s] INFO:colcon.colcon_core.package_selection:Skipping not selected package 'gac_nav2_behaviors' in 'nav_ws_gazebo/src/gac_navigation2/gac_nav2_behaviors'
[0.358s] INFO:colcon.colcon_core.package_selection:Skipping not selected package 'gac_nav2_bt_navigator' in 'nav_ws_gazebo/src/gac_navigation2/gac_nav2_bt_navigator'
[0.358s] INFO:colcon.colcon_core.package_selection:Skipping not selected package 'gac_nav2_controller' in 'nav_ws_gazebo/src/gac_navigation2/gac_nav2_controller'
[0.358s] INFO:colcon.colcon_core.package_selection:Skipping not selected package 'gac_nav2_planner' in 'nav_ws_gazebo/src/gac_navigation2/gac_nav2_planner'
[0.358s] INFO:colcon.colcon_core.package_selection:Skipping not selected package 'gac_nav2_smoother' in 'nav_ws_gazebo/src/gac_navigation2/gac_nav2_smoother'
[0.358s] INFO:colcon.colcon_core.package_selection:Skipping not selected package 'gac_nav2_waypoint_follower' in 'nav_ws_gazebo/src/gac_navigation2/gac_nav2_waypoint_follower'
[0.358s] INFO:colcon.colcon_core.package_selection:Skipping not selected package 'nav2_fixed_path_route' in 'nav_ws_gazebo/src/gac_navigation2/nav2_fixed_path_route'
[0.358s] INFO:colcon.colcon_core.package_selection:Skipping not selected package 'nav2_mppi_controller' in 'nav_ws_gazebo/src/gac_navigation2/nav2_mppi_controller'
[0.358s] INFO:colcon.colcon_core.package_selection:Skipping not selected package 'nav2_navfn_planner' in 'nav_ws_gazebo/src/gac_navigation2/nav2_navfn_planner'
[0.358s] INFO:colcon.colcon_core.package_selection:Skipping not selected package 'nav2_rotation_shim_controller' in 'nav_ws_gazebo/src/gac_navigation2/nav2_rotation_shim_controller'
[0.358s] INFO:colcon.colcon_core.package_selection:Skipping not selected package 'nav2_smac_planner' in 'nav_ws_gazebo/src/gac_navigation2/nav2_smac_planner'
[0.358s] INFO:colcon.colcon_core.package_selection:Skipping not selected package 'nav2_theta_star_planner' in 'nav_ws_gazebo/src/gac_navigation2/nav2_theta_star_planner'
[0.358s] INFO:colcon.colcon_core.package_selection:Skipping not selected package 'dwb_critics' in 'nav_ws_gazebo/src/gac_navigation2/nav2_dwb_controller/dwb_critics'
[0.358s] INFO:colcon.colcon_core.package_selection:Skipping not selected package 'dwb_plugins' in 'nav_ws_gazebo/src/gac_navigation2/nav2_dwb_controller/dwb_plugins'
[0.358s] INFO:colcon.colcon_core.package_selection:Skipping not selected package 'gac_navigation2' in 'nav_ws_gazebo/src/gac_navigation2/gac_navigation2'
[0.358s] INFO:colcon.colcon_core.package_selection:Skipping not selected package 'nav2_graceful_controller' in 'nav_ws_gazebo/src/gac_navigation2/nav2_graceful_controller'
[0.358s] INFO:colcon.colcon_core.package_selection:Skipping not selected package 'nav2_regulated_pure_pursuit_controller' in 'nav_ws_gazebo/src/gac_navigation2/nav2_regulated_pure_pursuit_controller'
[0.358s] INFO:colcon.colcon_core.package_selection:Skipping not selected package 'nav2_dwb_controller' in 'nav_ws_gazebo/src/gac_navigation2/nav2_dwb_controller/nav2_dwb_controller'
[0.359s] Level 1:colcon.colcon_core.package_discovery:discover_packages(prefix_path) check parameters
[0.359s] Level 1:colcon.colcon_core.package_discovery:discover_packages(prefix_path) discover
[0.362s] DEBUG:colcon.colcon_installed_package_information.package_discovery:Found 448 installed packages in /opt/ros/humble
[0.364s] Level 1:colcon.colcon_core.package_discovery:discover_packages(prefix_path) using defaults
[0.405s] Level 5:colcon.colcon_core.verb:set package 'robot_relate' build argument 'cmake_args' from command line to 'None'
[0.405s] Level 5:colcon.colcon_core.verb:set package 'robot_relate' build argument 'cmake_target' from command line to 'None'
[0.405s] Level 5:colcon.colcon_core.verb:set package 'robot_relate' build argument 'cmake_target_skip_unavailable' from command line to 'False'
[0.405s] Level 5:colcon.colcon_core.verb:set package 'robot_relate' build argument 'cmake_clean_cache' from command line to 'False'
[0.405s] Level 5:colcon.colcon_core.verb:set package 'robot_relate' build argument 'cmake_clean_first' from command line to 'False'
[0.405s] Level 5:colcon.colcon_core.verb:set package 'robot_relate' build argument 'cmake_force_configure' from command line to 'False'
[0.406s] Level 5:colcon.colcon_core.verb:set package 'robot_relate' build argument 'ament_cmake_args' from command line to 'None'
[0.406s] Level 5:colcon.colcon_core.verb:set package 'robot_relate' build argument 'catkin_cmake_args' from command line to 'None'
[0.406s] Level 5:colcon.colcon_core.verb:set package 'robot_relate' build argument 'catkin_skip_building_tests' from command line to 'False'
[0.406s] DEBUG:colcon.colcon_core.verb:Building package 'robot_relate' with the following arguments: {'ament_cmake_args': None, 'build_base': '/home/zr/code/src/build/robot_relate', 'catkin_cmake_args': None, 'catkin_skip_building_tests': False, 'cmake_args': None, 'cmake_clean_cache': False, 'cmake_clean_first': False, 'cmake_force_configure': False, 'cmake_target': None, 'cmake_target_skip_unavailable': False, 'install_base': '/home/zr/code/src/install/robot_relate', 'merge_install': False, 'path': '/home/zr/code/src/sim/robot_relate', 'symlink_install': False, 'test_result_base': None}
[0.406s] INFO:colcon.colcon_core.executor:Executing jobs using 'parallel' executor
[0.407s] DEBUG:colcon.colcon_parallel_executor.executor.parallel:run_until_complete
[0.407s] INFO:colcon.colcon_ros.task.ament_cmake.build:Building ROS package in '/home/zr/code/src/sim/robot_relate' with build type 'ament_cmake'
[0.407s] INFO:colcon.colcon_cmake.task.cmake.build:Building CMake package in '/home/zr/code/src/sim/robot_relate'
[0.410s] INFO:colcon.colcon_core.plugin_system:Skipping extension 'colcon_core.shell.bat': Not used on non-Windows systems
[0.410s] INFO:colcon.colcon_core.shell:Skip shell extension 'powershell' for command environment: Not usable outside of PowerShell
[0.410s] DEBUG:colcon.colcon_core.shell:Skip shell extension 'dsv' for command environment
[0.419s] DEBUG:colcon.colcon_core.event_handler.log_command:Invoking command in '/home/zr/code/src/build/robot_relate': CMAKE_PREFIX_PATH=/opt/ros/humble /usr/bin/cmake /home/zr/code/src/sim/robot_relate -DCMAKE_INSTALL_PREFIX=/home/zr/code/src/install/robot_relate
[1.045s] DEBUG:colcon.colcon_core.event_handler.log_command:Invoked command in '/home/zr/code/src/build/robot_relate' returned '0': CMAKE_PREFIX_PATH=/opt/ros/humble /usr/bin/cmake /home/zr/code/src/sim/robot_relate -DCMAKE_INSTALL_PREFIX=/home/zr/code/src/install/robot_relate
[1.046s] DEBUG:colcon.colcon_core.event_handler.log_command:Invoking command in '/home/zr/code/src/build/robot_relate': CMAKE_PREFIX_PATH=/opt/ros/humble /usr/bin/cmake --build /home/zr/code/src/build/robot_relate -- -j16 -l16
[1.088s] DEBUG:colcon.colcon_core.event_handler.log_command:Invoked command in '/home/zr/code/src/build/robot_relate' returned '0': CMAKE_PREFIX_PATH=/opt/ros/humble /usr/bin/cmake --build /home/zr/code/src/build/robot_relate -- -j16 -l16
[1.098s] DEBUG:colcon.colcon_core.event_handler.log_command:Invoking command in '/home/zr/code/src/build/robot_relate': CMAKE_PREFIX_PATH=/opt/ros/humble /usr/bin/cmake --install /home/zr/code/src/build/robot_relate
[1.121s] Level 1:colcon.colcon_core.environment:create_environment_scripts_only(robot_relate)
[1.124s] Level 1:colcon.colcon_core.environment:checking '/home/zr/code/src/install/robot_relate' for CMake module files
[1.124s] Level 1:colcon.colcon_core.environment:checking '/home/zr/code/src/install/robot_relate' for CMake config files
[1.125s] DEBUG:colcon.colcon_core.event_handler.log_command:Invoked command in '/home/zr/code/src/build/robot_relate' returned '0': CMAKE_PREFIX_PATH=/opt/ros/humble /usr/bin/cmake --install /home/zr/code/src/build/robot_relate
[1.125s] Level 1:colcon.colcon_core.shell:create_environment_hook('robot_relate', 'cmake_prefix_path')
[1.125s] INFO:colcon.colcon_core.shell:Creating environment hook '/home/zr/code/src/install/robot_relate/share/robot_relate/hook/cmake_prefix_path.ps1'
[1.126s] INFO:colcon.colcon_core.shell:Creating environment descriptor '/home/zr/code/src/install/robot_relate/share/robot_relate/hook/cmake_prefix_path.dsv'
[1.126s] INFO:colcon.colcon_core.shell:Creating environment hook '/home/zr/code/src/install/robot_relate/share/robot_relate/hook/cmake_prefix_path.sh'
[1.127s] Level 1:colcon.colcon_core.environment:checking '/home/zr/code/src/install/robot_relate/bin'
[1.127s] Level 1:colcon.colcon_core.environment:checking '/home/zr/code/src/install/robot_relate/lib/pkgconfig/robot_relate.pc'
[1.127s] Level 1:colcon.colcon_core.environment:checking '/home/zr/code/src/install/robot_relate/lib/python3.10/site-packages'
[1.128s] Level 1:colcon.colcon_core.environment:checking '/home/zr/code/src/install/robot_relate/bin'
[1.128s] INFO:colcon.colcon_core.shell:Creating package script '/home/zr/code/src/install/robot_relate/share/robot_relate/package.ps1'
[1.129s] INFO:colcon.colcon_core.shell:Creating package descriptor '/home/zr/code/src/install/robot_relate/share/robot_relate/package.dsv'
[1.129s] INFO:colcon.colcon_core.shell:Creating package script '/home/zr/code/src/install/robot_relate/share/robot_relate/package.sh'
[1.129s] INFO:colcon.colcon_core.shell:Creating package script '/home/zr/code/src/install/robot_relate/share/robot_relate/package.bash'
[1.130s] INFO:colcon.colcon_core.shell:Creating package script '/home/zr/code/src/install/robot_relate/share/robot_relate/package.zsh'
[1.130s] Level 1:colcon.colcon_core.environment:create_file_with_runtime_dependencies(/home/zr/code/src/install/robot_relate/share/colcon-core/packages/robot_relate)
[1.131s] Level 1:colcon.colcon_core.environment:create_environment_scripts_only(robot_relate)
[1.131s] Level 1:colcon.colcon_core.environment:checking '/home/zr/code/src/install/robot_relate' for CMake module files
[1.131s] Level 1:colcon.colcon_core.environment:checking '/home/zr/code/src/install/robot_relate' for CMake config files
[1.132s] Level 1:colcon.colcon_core.shell:create_environment_hook('robot_relate', 'cmake_prefix_path')
[1.132s] INFO:colcon.colcon_core.shell:Creating environment hook '/home/zr/code/src/install/robot_relate/share/robot_relate/hook/cmake_prefix_path.ps1'
[1.132s] INFO:colcon.colcon_core.shell:Creating environment descriptor '/home/zr/code/src/install/robot_relate/share/robot_relate/hook/cmake_prefix_path.dsv'
[1.132s] INFO:colcon.colcon_core.shell:Creating environment hook '/home/zr/code/src/install/robot_relate/share/robot_relate/hook/cmake_prefix_path.sh'
[1.133s] Level 1:colcon.colcon_core.environment:checking '/home/zr/code/src/install/robot_relate/bin'
[1.133s] Level 1:colcon.colcon_core.environment:checking '/home/zr/code/src/install/robot_relate/lib/pkgconfig/robot_relate.pc'
[1.133s] Level 1:colcon.colcon_core.environment:checking '/home/zr/code/src/install/robot_relate/lib/python3.10/site-packages'
[1.133s] Level 1:colcon.colcon_core.environment:checking '/home/zr/code/src/install/robot_relate/bin'
[1.133s] INFO:colcon.colcon_core.shell:Creating package script '/home/zr/code/src/install/robot_relate/share/robot_relate/package.ps1'
[1.134s] INFO:colcon.colcon_core.shell:Creating package descriptor '/home/zr/code/src/install/robot_relate/share/robot_relate/package.dsv'
[1.134s] INFO:colcon.colcon_core.shell:Creating package script '/home/zr/code/src/install/robot_relate/share/robot_relate/package.sh'
[1.134s] INFO:colcon.colcon_core.shell:Creating package script '/home/zr/code/src/install/robot_relate/share/robot_relate/package.bash'
[1.135s] INFO:colcon.colcon_core.shell:Creating package script '/home/zr/code/src/install/robot_relate/share/robot_relate/package.zsh'
[1.135s] Level 1:colcon.colcon_core.environment:create_file_with_runtime_dependencies(/home/zr/code/src/install/robot_relate/share/colcon-core/packages/robot_relate)
[1.135s] DEBUG:colcon.colcon_parallel_executor.executor.parallel:closing loop
[1.136s] DEBUG:colcon.colcon_parallel_executor.executor.parallel:loop closed
[1.136s] DEBUG:colcon.colcon_parallel_executor.executor.parallel:run_until_complete finished with '0'
[1.136s] DEBUG:colcon.colcon_core.event_reactor:joining thread
[1.141s] INFO:colcon.colcon_core.plugin_system:Skipping extension 'colcon_notification.desktop_notification.terminal_notifier': Not used on non-Darwin systems
[1.141s] INFO:colcon.colcon_core.plugin_system:Skipping extension 'colcon_notification.desktop_notification.win32': Not used on non-Windows systems
[1.141s] INFO:colcon.colcon_notification.desktop_notification:Sending desktop notification using 'notify2'
[1.153s] DEBUG:colcon.colcon_core.event_reactor:joined thread
[1.154s] INFO:colcon.colcon_core.shell:Creating prefix script '/home/zr/code/src/install/local_setup.ps1'
[1.155s] INFO:colcon.colcon_core.shell:Creating prefix util module '/home/zr/code/src/install/_local_setup_util_ps1.py'
[1.156s] INFO:colcon.colcon_core.shell:Creating prefix chain script '/home/zr/code/src/install/setup.ps1'
[1.157s] INFO:colcon.colcon_core.shell:Creating prefix script '/home/zr/code/src/install/local_setup.sh'
[1.157s] INFO:colcon.colcon_core.shell:Creating prefix util module '/home/zr/code/src/install/_local_setup_util_sh.py'
[1.158s] INFO:colcon.colcon_core.shell:Creating prefix chain script '/home/zr/code/src/install/setup.sh'
[1.158s] INFO:colcon.colcon_core.shell:Creating prefix script '/home/zr/code/src/install/local_setup.bash'
[1.159s] INFO:colcon.colcon_core.shell:Creating prefix chain script '/home/zr/code/src/install/setup.bash'
[1.159s] INFO:colcon.colcon_core.shell:Creating prefix script '/home/zr/code/src/install/local_setup.zsh'
[1.159s] INFO:colcon.colcon_core.shell:Creating prefix chain script '/home/zr/code/src/install/setup.zsh'
