[0.113s] DEBUG:colcon:Command line arguments: ['/usr/bin/colcon', 'build', '--packages-select', 'nav_status_bridge', '--symlink-install']
[0.114s] DEBUG:colcon:Parsed command line arguments: Namespace(log_base=None, log_level=None, verb_name='build', build_base='build', install_base='install', merge_install=False, symlink_install=True, test_result_base=None, continue_on_error=False, executor='parallel', parallel_workers=16, event_handlers=None, ignore_user_meta=False, metas=['./colcon.meta'], base_paths=['.'], packages_ignore=None, packages_ignore_regex=None, paths=None, packages_up_to=None, packages_up_to_regex=None, packages_above=None, packages_above_and_dependencies=None, packages_above_depth=None, packages_select_by_dep=None, packages_skip_by_dep=None, packages_skip_up_to=None, packages_select_build_failed=False, packages_skip_build_finished=False, packages_select_test_failures=False, packages_skip_test_passed=False, packages_select=['nav_status_bridge'], packages_skip=None, packages_select_regex=None, packages_skip_regex=None, packages_start=None, packages_end=None, allow_overriding=[], cmake_args=None, cmake_target=None, cmake_target_skip_unavailable=False, cmake_clean_cache=False, cmake_clean_first=False, cmake_force_configure=False, ament_cmake_args=None, catkin_cmake_args=None, catkin_skip_building_tests=False, verb_parser=<colcon_defaults.argument_parser.defaults.DefaultArgumentsDecorator object at 0x73a9225aa2f0>, verb_extension=<colcon_core.verb.build.BuildVerb object at 0x73a9225a9d50>, main=<bound method BuildVerb.main of <colcon_core.verb.build.BuildVerb object at 0x73a9225a9d50>>)
[0.317s] Level 1:colcon.colcon_core.package_discovery:discover_packages(colcon_meta) check parameters
[0.317s] Level 1:colcon.colcon_core.package_discovery:discover_packages(recursive) check parameters
[0.317s] Level 1:colcon.colcon_core.package_discovery:discover_packages(ignore) check parameters
[0.317s] Level 1:colcon.colcon_core.package_discovery:discover_packages(path) check parameters
[0.317s] Level 1:colcon.colcon_core.package_discovery:discover_packages(colcon_meta) discover
[0.317s] Level 1:colcon.colcon_core.package_discovery:discover_packages(recursive) discover
[0.317s] INFO:colcon.colcon_core.package_discovery:Crawling recursively for packages in '/home/zr/code/src'
[0.317s] Level 1:colcon.colcon_core.package_identification:_identify(.) by extensions ['ignore', 'ignore_ament_install']
[0.317s] Level 1:colcon.colcon_core.package_identification:_identify(.) by extension 'ignore'
[0.317s] Level 1:colcon.colcon_core.package_identification:_identify(.) by extension 'ignore_ament_install'
[0.318s] Level 1:colcon.colcon_core.package_identification:_identify(.) by extensions ['colcon_pkg']
[0.318s] Level 1:colcon.colcon_core.package_identification:_identify(.) by extension 'colcon_pkg'
[0.318s] Level 1:colcon.colcon_core.package_identification:_identify(.) by extensions ['colcon_meta']
[0.318s] Level 1:colcon.colcon_core.package_identification:_identify(.) by extension 'colcon_meta'
[0.318s] Level 1:colcon.colcon_core.package_identification:_identify(.) by extensions ['ros']
[0.318s] Level 1:colcon.colcon_core.package_identification:_identify(.) by extension 'ros'
[0.349s] Level 1:colcon.colcon_core.package_identification:_identify(.) by extensions ['cmake', 'python']
[0.349s] Level 1:colcon.colcon_core.package_identification:_identify(.) by extension 'cmake'
[0.349s] Level 1:colcon.colcon_core.package_identification:_identify(.) by extension 'python'
[0.349s] Level 1:colcon.colcon_core.package_identification:_identify(.) by extensions ['python_setup_py']
[0.349s] Level 1:colcon.colcon_core.package_identification:_identify(.) by extension 'python_setup_py'
[0.349s] Level 1:colcon.colcon_core.package_identification:_identify(build) by extensions ['ignore', 'ignore_ament_install']
[0.350s] Level 1:colcon.colcon_core.package_identification:_identify(build) by extension 'ignore'
[0.350s] Level 1:colcon.colcon_core.package_identification:_identify(build) ignored
[0.350s] Level 1:colcon.colcon_core.package_identification:_identify(install) by extensions ['ignore', 'ignore_ament_install']
[0.350s] Level 1:colcon.colcon_core.package_identification:_identify(install) by extension 'ignore'
[0.350s] Level 1:colcon.colcon_core.package_identification:_identify(install) ignored
[0.350s] Level 1:colcon.colcon_core.package_identification:_identify(log) by extensions ['ignore', 'ignore_ament_install']
[0.350s] Level 1:colcon.colcon_core.package_identification:_identify(log) by extension 'ignore'
[0.350s] Level 1:colcon.colcon_core.package_identification:_identify(log) ignored
[0.350s] Level 1:colcon.colcon_core.package_identification:_identify(nav_ws_gazebo) by extensions ['ignore', 'ignore_ament_install']
[0.350s] Level 1:colcon.colcon_core.package_identification:_identify(nav_ws_gazebo) by extension 'ignore'
[0.350s] Level 1:colcon.colcon_core.package_identification:_identify(nav_ws_gazebo) by extension 'ignore_ament_install'
[0.350s] Level 1:colcon.colcon_core.package_identification:_identify(nav_ws_gazebo) by extensions ['colcon_pkg']
[0.350s] Level 1:colcon.colcon_core.package_identification:_identify(nav_ws_gazebo) by extension 'colcon_pkg'
[0.350s] Level 1:colcon.colcon_core.package_identification:_identify(nav_ws_gazebo) by extensions ['colcon_meta']
[0.350s] Level 1:colcon.colcon_core.package_identification:_identify(nav_ws_gazebo) by extension 'colcon_meta'
[0.350s] Level 1:colcon.colcon_core.package_identification:_identify(nav_ws_gazebo) by extensions ['ros']
[0.350s] Level 1:colcon.colcon_core.package_identification:_identify(nav_ws_gazebo) by extension 'ros'
[0.350s] Level 1:colcon.colcon_core.package_identification:_identify(nav_ws_gazebo) by extensions ['cmake', 'python']
[0.350s] Level 1:colcon.colcon_core.package_identification:_identify(nav_ws_gazebo) by extension 'cmake'
[0.350s] Level 1:colcon.colcon_core.package_identification:_identify(nav_ws_gazebo) by extension 'python'
[0.351s] Level 1:colcon.colcon_core.package_identification:_identify(nav_ws_gazebo) by extensions ['python_setup_py']
[0.351s] Level 1:colcon.colcon_core.package_identification:_identify(nav_ws_gazebo) by extension 'python_setup_py'
[0.351s] Level 1:colcon.colcon_core.package_identification:_identify(nav_ws_gazebo/log) by extensions ['ignore', 'ignore_ament_install']
[0.351s] Level 1:colcon.colcon_core.package_identification:_identify(nav_ws_gazebo/log) by extension 'ignore'
[0.351s] Level 1:colcon.colcon_core.package_identification:_identify(nav_ws_gazebo/log) ignored
[0.351s] Level 1:colcon.colcon_core.package_identification:_identify(nav_ws_gazebo/src) by extensions ['ignore', 'ignore_ament_install']
[0.351s] Level 1:colcon.colcon_core.package_identification:_identify(nav_ws_gazebo/src) by extension 'ignore'
[0.351s] Level 1:colcon.colcon_core.package_identification:_identify(nav_ws_gazebo/src) by extension 'ignore_ament_install'
[0.351s] Level 1:colcon.colcon_core.package_identification:_identify(nav_ws_gazebo/src) by extensions ['colcon_pkg']
[0.351s] Level 1:colcon.colcon_core.package_identification:_identify(nav_ws_gazebo/src) by extension 'colcon_pkg'
[0.351s] Level 1:colcon.colcon_core.package_identification:_identify(nav_ws_gazebo/src) by extensions ['colcon_meta']
[0.351s] Level 1:colcon.colcon_core.package_identification:_identify(nav_ws_gazebo/src) by extension 'colcon_meta'
[0.351s] Level 1:colcon.colcon_core.package_identification:_identify(nav_ws_gazebo/src) by extensions ['ros']
[0.351s] Level 1:colcon.colcon_core.package_identification:_identify(nav_ws_gazebo/src) by extension 'ros'
[0.351s] Level 1:colcon.colcon_core.package_identification:_identify(nav_ws_gazebo/src) by extensions ['cmake', 'python']
[0.351s] Level 1:colcon.colcon_core.package_identification:_identify(nav_ws_gazebo/src) by extension 'cmake'
[0.351s] Level 1:colcon.colcon_core.package_identification:_identify(nav_ws_gazebo/src) by extension 'python'
[0.351s] Level 1:colcon.colcon_core.package_identification:_identify(nav_ws_gazebo/src) by extensions ['python_setup_py']
[0.351s] Level 1:colcon.colcon_core.package_identification:_identify(nav_ws_gazebo/src) by extension 'python_setup_py'
[0.351s] Level 1:colcon.colcon_core.package_identification:_identify(nav_ws_gazebo/src/gac_nav2_keepout_pkg) by extensions ['ignore', 'ignore_ament_install']
[0.351s] Level 1:colcon.colcon_core.package_identification:_identify(nav_ws_gazebo/src/gac_nav2_keepout_pkg) by extension 'ignore'
[0.351s] Level 1:colcon.colcon_core.package_identification:_identify(nav_ws_gazebo/src/gac_nav2_keepout_pkg) by extension 'ignore_ament_install'
[0.351s] Level 1:colcon.colcon_core.package_identification:_identify(nav_ws_gazebo/src/gac_nav2_keepout_pkg) by extensions ['colcon_pkg']
[0.351s] Level 1:colcon.colcon_core.package_identification:_identify(nav_ws_gazebo/src/gac_nav2_keepout_pkg) by extension 'colcon_pkg'
[0.351s] Level 1:colcon.colcon_core.package_identification:_identify(nav_ws_gazebo/src/gac_nav2_keepout_pkg) by extensions ['colcon_meta']
[0.352s] Level 1:colcon.colcon_core.package_identification:_identify(nav_ws_gazebo/src/gac_nav2_keepout_pkg) by extension 'colcon_meta'
[0.352s] Level 1:colcon.colcon_core.package_identification:_identify(nav_ws_gazebo/src/gac_nav2_keepout_pkg) by extensions ['ros']
[0.352s] Level 1:colcon.colcon_core.package_identification:_identify(nav_ws_gazebo/src/gac_nav2_keepout_pkg) by extension 'ros'
[0.354s] DEBUG:colcon.colcon_core.package_identification:Package 'nav_ws_gazebo/src/gac_nav2_keepout_pkg' with type 'ros.ament_cmake' and name 'nav2_keepout_pkg'
[0.354s] Level 1:colcon.colcon_core.package_identification:_identify(nav_ws_gazebo/src/gac_navigation2) by extensions ['ignore', 'ignore_ament_install']
[0.354s] Level 1:colcon.colcon_core.package_identification:_identify(nav_ws_gazebo/src/gac_navigation2) by extension 'ignore'
[0.354s] Level 1:colcon.colcon_core.package_identification:_identify(nav_ws_gazebo/src/gac_navigation2) by extension 'ignore_ament_install'
[0.354s] Level 1:colcon.colcon_core.package_identification:_identify(nav_ws_gazebo/src/gac_navigation2) by extensions ['colcon_pkg']
[0.354s] Level 1:colcon.colcon_core.package_identification:_identify(nav_ws_gazebo/src/gac_navigation2) by extension 'colcon_pkg'
[0.355s] Level 1:colcon.colcon_core.package_identification:_identify(nav_ws_gazebo/src/gac_navigation2) by extensions ['colcon_meta']
[0.355s] Level 1:colcon.colcon_core.package_identification:_identify(nav_ws_gazebo/src/gac_navigation2) by extension 'colcon_meta'
[0.355s] Level 1:colcon.colcon_core.package_identification:_identify(nav_ws_gazebo/src/gac_navigation2) by extensions ['ros']
[0.355s] Level 1:colcon.colcon_core.package_identification:_identify(nav_ws_gazebo/src/gac_navigation2) by extension 'ros'
[0.355s] Level 1:colcon.colcon_core.package_identification:_identify(nav_ws_gazebo/src/gac_navigation2) by extensions ['cmake', 'python']
[0.355s] Level 1:colcon.colcon_core.package_identification:_identify(nav_ws_gazebo/src/gac_navigation2) by extension 'cmake'
[0.355s] Level 1:colcon.colcon_core.package_identification:_identify(nav_ws_gazebo/src/gac_navigation2) by extension 'python'
[0.355s] Level 1:colcon.colcon_core.package_identification:_identify(nav_ws_gazebo/src/gac_navigation2) by extensions ['python_setup_py']
[0.355s] Level 1:colcon.colcon_core.package_identification:_identify(nav_ws_gazebo/src/gac_navigation2) by extension 'python_setup_py'
[0.355s] Level 1:colcon.colcon_core.package_identification:_identify(nav_ws_gazebo/src/gac_navigation2/gac_nav2_behavior_tree) by extensions ['ignore', 'ignore_ament_install']
[0.355s] Level 1:colcon.colcon_core.package_identification:_identify(nav_ws_gazebo/src/gac_navigation2/gac_nav2_behavior_tree) by extension 'ignore'
[0.355s] Level 1:colcon.colcon_core.package_identification:_identify(nav_ws_gazebo/src/gac_navigation2/gac_nav2_behavior_tree) by extension 'ignore_ament_install'
[0.355s] Level 1:colcon.colcon_core.package_identification:_identify(nav_ws_gazebo/src/gac_navigation2/gac_nav2_behavior_tree) by extensions ['colcon_pkg']
[0.355s] Level 1:colcon.colcon_core.package_identification:_identify(nav_ws_gazebo/src/gac_navigation2/gac_nav2_behavior_tree) by extension 'colcon_pkg'
[0.355s] Level 1:colcon.colcon_core.package_identification:_identify(nav_ws_gazebo/src/gac_navigation2/gac_nav2_behavior_tree) by extensions ['colcon_meta']
[0.355s] Level 1:colcon.colcon_core.package_identification:_identify(nav_ws_gazebo/src/gac_navigation2/gac_nav2_behavior_tree) by extension 'colcon_meta'
[0.355s] Level 1:colcon.colcon_core.package_identification:_identify(nav_ws_gazebo/src/gac_navigation2/gac_nav2_behavior_tree) by extensions ['ros']
[0.355s] Level 1:colcon.colcon_core.package_identification:_identify(nav_ws_gazebo/src/gac_navigation2/gac_nav2_behavior_tree) by extension 'ros'
[0.356s] DEBUG:colcon.colcon_core.package_identification:Package 'nav_ws_gazebo/src/gac_navigation2/gac_nav2_behavior_tree' with type 'ros.ament_cmake' and name 'gac_nav2_behavior_tree'
[0.356s] Level 1:colcon.colcon_core.package_identification:_identify(nav_ws_gazebo/src/gac_navigation2/gac_nav2_behaviors) by extensions ['ignore', 'ignore_ament_install']
[0.356s] Level 1:colcon.colcon_core.package_identification:_identify(nav_ws_gazebo/src/gac_navigation2/gac_nav2_behaviors) by extension 'ignore'
[0.356s] Level 1:colcon.colcon_core.package_identification:_identify(nav_ws_gazebo/src/gac_navigation2/gac_nav2_behaviors) by extension 'ignore_ament_install'
[0.356s] Level 1:colcon.colcon_core.package_identification:_identify(nav_ws_gazebo/src/gac_navigation2/gac_nav2_behaviors) by extensions ['colcon_pkg']
[0.356s] Level 1:colcon.colcon_core.package_identification:_identify(nav_ws_gazebo/src/gac_navigation2/gac_nav2_behaviors) by extension 'colcon_pkg'
[0.356s] Level 1:colcon.colcon_core.package_identification:_identify(nav_ws_gazebo/src/gac_navigation2/gac_nav2_behaviors) by extensions ['colcon_meta']
[0.356s] Level 1:colcon.colcon_core.package_identification:_identify(nav_ws_gazebo/src/gac_navigation2/gac_nav2_behaviors) by extension 'colcon_meta'
[0.357s] Level 1:colcon.colcon_core.package_identification:_identify(nav_ws_gazebo/src/gac_navigation2/gac_nav2_behaviors) by extensions ['ros']
[0.357s] Level 1:colcon.colcon_core.package_identification:_identify(nav_ws_gazebo/src/gac_navigation2/gac_nav2_behaviors) by extension 'ros'
[0.357s] DEBUG:colcon.colcon_core.package_identification:Package 'nav_ws_gazebo/src/gac_navigation2/gac_nav2_behaviors' with type 'ros.ament_cmake' and name 'gac_nav2_behaviors'
[0.358s] Level 1:colcon.colcon_core.package_identification:_identify(nav_ws_gazebo/src/gac_navigation2/gac_nav2_bringup) by extensions ['ignore', 'ignore_ament_install']
[0.358s] Level 1:colcon.colcon_core.package_identification:_identify(nav_ws_gazebo/src/gac_navigation2/gac_nav2_bringup) by extension 'ignore'
[0.358s] Level 1:colcon.colcon_core.package_identification:_identify(nav_ws_gazebo/src/gac_navigation2/gac_nav2_bringup) by extension 'ignore_ament_install'
[0.358s] Level 1:colcon.colcon_core.package_identification:_identify(nav_ws_gazebo/src/gac_navigation2/gac_nav2_bringup) by extensions ['colcon_pkg']
[0.358s] Level 1:colcon.colcon_core.package_identification:_identify(nav_ws_gazebo/src/gac_navigation2/gac_nav2_bringup) by extension 'colcon_pkg'
[0.358s] Level 1:colcon.colcon_core.package_identification:_identify(nav_ws_gazebo/src/gac_navigation2/gac_nav2_bringup) by extensions ['colcon_meta']
[0.358s] Level 1:colcon.colcon_core.package_identification:_identify(nav_ws_gazebo/src/gac_navigation2/gac_nav2_bringup) by extension 'colcon_meta'
[0.358s] Level 1:colcon.colcon_core.package_identification:_identify(nav_ws_gazebo/src/gac_navigation2/gac_nav2_bringup) by extensions ['ros']
[0.358s] Level 1:colcon.colcon_core.package_identification:_identify(nav_ws_gazebo/src/gac_navigation2/gac_nav2_bringup) by extension 'ros'
[0.359s] DEBUG:colcon.colcon_core.package_identification:Package 'nav_ws_gazebo/src/gac_navigation2/gac_nav2_bringup' with type 'ros.ament_cmake' and name 'gac_nav2_bringup'
[0.359s] Level 1:colcon.colcon_core.package_identification:_identify(nav_ws_gazebo/src/gac_navigation2/gac_nav2_bt_navigator) by extensions ['ignore', 'ignore_ament_install']
[0.359s] Level 1:colcon.colcon_core.package_identification:_identify(nav_ws_gazebo/src/gac_navigation2/gac_nav2_bt_navigator) by extension 'ignore'
[0.359s] Level 1:colcon.colcon_core.package_identification:_identify(nav_ws_gazebo/src/gac_navigation2/gac_nav2_bt_navigator) by extension 'ignore_ament_install'
[0.359s] Level 1:colcon.colcon_core.package_identification:_identify(nav_ws_gazebo/src/gac_navigation2/gac_nav2_bt_navigator) by extensions ['colcon_pkg']
[0.359s] Level 1:colcon.colcon_core.package_identification:_identify(nav_ws_gazebo/src/gac_navigation2/gac_nav2_bt_navigator) by extension 'colcon_pkg'
[0.359s] Level 1:colcon.colcon_core.package_identification:_identify(nav_ws_gazebo/src/gac_navigation2/gac_nav2_bt_navigator) by extensions ['colcon_meta']
[0.359s] Level 1:colcon.colcon_core.package_identification:_identify(nav_ws_gazebo/src/gac_navigation2/gac_nav2_bt_navigator) by extension 'colcon_meta'
[0.359s] Level 1:colcon.colcon_core.package_identification:_identify(nav_ws_gazebo/src/gac_navigation2/gac_nav2_bt_navigator) by extensions ['ros']
[0.359s] Level 1:colcon.colcon_core.package_identification:_identify(nav_ws_gazebo/src/gac_navigation2/gac_nav2_bt_navigator) by extension 'ros'
[0.360s] DEBUG:colcon.colcon_core.package_identification:Package 'nav_ws_gazebo/src/gac_navigation2/gac_nav2_bt_navigator' with type 'ros.ament_cmake' and name 'gac_nav2_bt_navigator'
[0.360s] Level 1:colcon.colcon_core.package_identification:_identify(nav_ws_gazebo/src/gac_navigation2/gac_nav2_collision_monitor) by extensions ['ignore', 'ignore_ament_install']
[0.360s] Level 1:colcon.colcon_core.package_identification:_identify(nav_ws_gazebo/src/gac_navigation2/gac_nav2_collision_monitor) by extension 'ignore'
[0.360s] Level 1:colcon.colcon_core.package_identification:_identify(nav_ws_gazebo/src/gac_navigation2/gac_nav2_collision_monitor) by extension 'ignore_ament_install'
[0.361s] Level 1:colcon.colcon_core.package_identification:_identify(nav_ws_gazebo/src/gac_navigation2/gac_nav2_collision_monitor) by extensions ['colcon_pkg']
[0.361s] Level 1:colcon.colcon_core.package_identification:_identify(nav_ws_gazebo/src/gac_navigation2/gac_nav2_collision_monitor) by extension 'colcon_pkg'
[0.361s] Level 1:colcon.colcon_core.package_identification:_identify(nav_ws_gazebo/src/gac_navigation2/gac_nav2_collision_monitor) by extensions ['colcon_meta']
[0.361s] Level 1:colcon.colcon_core.package_identification:_identify(nav_ws_gazebo/src/gac_navigation2/gac_nav2_collision_monitor) by extension 'colcon_meta'
[0.361s] Level 1:colcon.colcon_core.package_identification:_identify(nav_ws_gazebo/src/gac_navigation2/gac_nav2_collision_monitor) by extensions ['ros']
[0.361s] Level 1:colcon.colcon_core.package_identification:_identify(nav_ws_gazebo/src/gac_navigation2/gac_nav2_collision_monitor) by extension 'ros'
[0.362s] DEBUG:colcon.colcon_core.package_identification:Package 'nav_ws_gazebo/src/gac_navigation2/gac_nav2_collision_monitor' with type 'ros.ament_cmake' and name 'gac_nav2_collision_monitor'
[0.362s] Level 1:colcon.colcon_core.package_identification:_identify(nav_ws_gazebo/src/gac_navigation2/gac_nav2_controller) by extensions ['ignore', 'ignore_ament_install']
[0.362s] Level 1:colcon.colcon_core.package_identification:_identify(nav_ws_gazebo/src/gac_navigation2/gac_nav2_controller) by extension 'ignore'
[0.362s] Level 1:colcon.colcon_core.package_identification:_identify(nav_ws_gazebo/src/gac_navigation2/gac_nav2_controller) by extension 'ignore_ament_install'
[0.362s] Level 1:colcon.colcon_core.package_identification:_identify(nav_ws_gazebo/src/gac_navigation2/gac_nav2_controller) by extensions ['colcon_pkg']
[0.362s] Level 1:colcon.colcon_core.package_identification:_identify(nav_ws_gazebo/src/gac_navigation2/gac_nav2_controller) by extension 'colcon_pkg'
[0.362s] Level 1:colcon.colcon_core.package_identification:_identify(nav_ws_gazebo/src/gac_navigation2/gac_nav2_controller) by extensions ['colcon_meta']
[0.362s] Level 1:colcon.colcon_core.package_identification:_identify(nav_ws_gazebo/src/gac_navigation2/gac_nav2_controller) by extension 'colcon_meta'
[0.362s] Level 1:colcon.colcon_core.package_identification:_identify(nav_ws_gazebo/src/gac_navigation2/gac_nav2_controller) by extensions ['ros']
[0.362s] Level 1:colcon.colcon_core.package_identification:_identify(nav_ws_gazebo/src/gac_navigation2/gac_nav2_controller) by extension 'ros'
[0.363s] DEBUG:colcon.colcon_core.package_identification:Package 'nav_ws_gazebo/src/gac_navigation2/gac_nav2_controller' with type 'ros.ament_cmake' and name 'gac_nav2_controller'
[0.363s] Level 1:colcon.colcon_core.package_identification:_identify(nav_ws_gazebo/src/gac_navigation2/gac_nav2_core) by extensions ['ignore', 'ignore_ament_install']
[0.363s] Level 1:colcon.colcon_core.package_identification:_identify(nav_ws_gazebo/src/gac_navigation2/gac_nav2_core) by extension 'ignore'
[0.363s] Level 1:colcon.colcon_core.package_identification:_identify(nav_ws_gazebo/src/gac_navigation2/gac_nav2_core) by extension 'ignore_ament_install'
[0.363s] Level 1:colcon.colcon_core.package_identification:_identify(nav_ws_gazebo/src/gac_navigation2/gac_nav2_core) by extensions ['colcon_pkg']
[0.363s] Level 1:colcon.colcon_core.package_identification:_identify(nav_ws_gazebo/src/gac_navigation2/gac_nav2_core) by extension 'colcon_pkg'
[0.363s] Level 1:colcon.colcon_core.package_identification:_identify(nav_ws_gazebo/src/gac_navigation2/gac_nav2_core) by extensions ['colcon_meta']
[0.363s] Level 1:colcon.colcon_core.package_identification:_identify(nav_ws_gazebo/src/gac_navigation2/gac_nav2_core) by extension 'colcon_meta'
[0.363s] Level 1:colcon.colcon_core.package_identification:_identify(nav_ws_gazebo/src/gac_navigation2/gac_nav2_core) by extensions ['ros']
[0.363s] Level 1:colcon.colcon_core.package_identification:_identify(nav_ws_gazebo/src/gac_navigation2/gac_nav2_core) by extension 'ros'
[0.364s] DEBUG:colcon.colcon_core.package_identification:Package 'nav_ws_gazebo/src/gac_navigation2/gac_nav2_core' with type 'ros.ament_cmake' and name 'gac_nav2_core'
[0.364s] Level 1:colcon.colcon_core.package_identification:_identify(nav_ws_gazebo/src/gac_navigation2/gac_nav2_costmap_2d) by extensions ['ignore', 'ignore_ament_install']
[0.364s] Level 1:colcon.colcon_core.package_identification:_identify(nav_ws_gazebo/src/gac_navigation2/gac_nav2_costmap_2d) by extension 'ignore'
[0.364s] Level 1:colcon.colcon_core.package_identification:_identify(nav_ws_gazebo/src/gac_navigation2/gac_nav2_costmap_2d) by extension 'ignore_ament_install'
[0.364s] Level 1:colcon.colcon_core.package_identification:_identify(nav_ws_gazebo/src/gac_navigation2/gac_nav2_costmap_2d) by extensions ['colcon_pkg']
[0.364s] Level 1:colcon.colcon_core.package_identification:_identify(nav_ws_gazebo/src/gac_navigation2/gac_nav2_costmap_2d) by extension 'colcon_pkg'
[0.364s] Level 1:colcon.colcon_core.package_identification:_identify(nav_ws_gazebo/src/gac_navigation2/gac_nav2_costmap_2d) by extensions ['colcon_meta']
[0.364s] Level 1:colcon.colcon_core.package_identification:_identify(nav_ws_gazebo/src/gac_navigation2/gac_nav2_costmap_2d) by extension 'colcon_meta'
[0.364s] Level 1:colcon.colcon_core.package_identification:_identify(nav_ws_gazebo/src/gac_navigation2/gac_nav2_costmap_2d) by extensions ['ros']
[0.364s] Level 1:colcon.colcon_core.package_identification:_identify(nav_ws_gazebo/src/gac_navigation2/gac_nav2_costmap_2d) by extension 'ros'
[0.366s] DEBUG:colcon.colcon_core.package_identification:Package 'nav_ws_gazebo/src/gac_navigation2/gac_nav2_costmap_2d' with type 'ros.ament_cmake' and name 'gac_nav2_costmap_2d'
[0.366s] Level 1:colcon.colcon_core.package_identification:_identify(nav_ws_gazebo/src/gac_navigation2/gac_nav2_planner) by extensions ['ignore', 'ignore_ament_install']
[0.366s] Level 1:colcon.colcon_core.package_identification:_identify(nav_ws_gazebo/src/gac_navigation2/gac_nav2_planner) by extension 'ignore'
[0.366s] Level 1:colcon.colcon_core.package_identification:_identify(nav_ws_gazebo/src/gac_navigation2/gac_nav2_planner) by extension 'ignore_ament_install'
[0.366s] Level 1:colcon.colcon_core.package_identification:_identify(nav_ws_gazebo/src/gac_navigation2/gac_nav2_planner) by extensions ['colcon_pkg']
[0.366s] Level 1:colcon.colcon_core.package_identification:_identify(nav_ws_gazebo/src/gac_navigation2/gac_nav2_planner) by extension 'colcon_pkg'
[0.366s] Level 1:colcon.colcon_core.package_identification:_identify(nav_ws_gazebo/src/gac_navigation2/gac_nav2_planner) by extensions ['colcon_meta']
[0.366s] Level 1:colcon.colcon_core.package_identification:_identify(nav_ws_gazebo/src/gac_navigation2/gac_nav2_planner) by extension 'colcon_meta'
[0.366s] Level 1:colcon.colcon_core.package_identification:_identify(nav_ws_gazebo/src/gac_navigation2/gac_nav2_planner) by extensions ['ros']
[0.366s] Level 1:colcon.colcon_core.package_identification:_identify(nav_ws_gazebo/src/gac_navigation2/gac_nav2_planner) by extension 'ros'
[0.367s] DEBUG:colcon.colcon_core.package_identification:Package 'nav_ws_gazebo/src/gac_navigation2/gac_nav2_planner' with type 'ros.ament_cmake' and name 'gac_nav2_planner'
[0.367s] Level 1:colcon.colcon_core.package_identification:_identify(nav_ws_gazebo/src/gac_navigation2/gac_nav2_smoother) by extensions ['ignore', 'ignore_ament_install']
[0.367s] Level 1:colcon.colcon_core.package_identification:_identify(nav_ws_gazebo/src/gac_navigation2/gac_nav2_smoother) by extension 'ignore'
[0.367s] Level 1:colcon.colcon_core.package_identification:_identify(nav_ws_gazebo/src/gac_navigation2/gac_nav2_smoother) by extension 'ignore_ament_install'
[0.368s] Level 1:colcon.colcon_core.package_identification:_identify(nav_ws_gazebo/src/gac_navigation2/gac_nav2_smoother) by extensions ['colcon_pkg']
[0.368s] Level 1:colcon.colcon_core.package_identification:_identify(nav_ws_gazebo/src/gac_navigation2/gac_nav2_smoother) by extension 'colcon_pkg'
[0.368s] Level 1:colcon.colcon_core.package_identification:_identify(nav_ws_gazebo/src/gac_navigation2/gac_nav2_smoother) by extensions ['colcon_meta']
[0.368s] Level 1:colcon.colcon_core.package_identification:_identify(nav_ws_gazebo/src/gac_navigation2/gac_nav2_smoother) by extension 'colcon_meta'
[0.368s] Level 1:colcon.colcon_core.package_identification:_identify(nav_ws_gazebo/src/gac_navigation2/gac_nav2_smoother) by extensions ['ros']
[0.368s] Level 1:colcon.colcon_core.package_identification:_identify(nav_ws_gazebo/src/gac_navigation2/gac_nav2_smoother) by extension 'ros'
[0.370s] DEBUG:colcon.colcon_core.package_identification:Package 'nav_ws_gazebo/src/gac_navigation2/gac_nav2_smoother' with type 'ros.ament_cmake' and name 'gac_nav2_smoother'
[0.370s] Level 1:colcon.colcon_core.package_identification:_identify(nav_ws_gazebo/src/gac_navigation2/gac_nav2_velocity_smoother) by extensions ['ignore', 'ignore_ament_install']
[0.370s] Level 1:colcon.colcon_core.package_identification:_identify(nav_ws_gazebo/src/gac_navigation2/gac_nav2_velocity_smoother) by extension 'ignore'
[0.370s] Level 1:colcon.colcon_core.package_identification:_identify(nav_ws_gazebo/src/gac_navigation2/gac_nav2_velocity_smoother) by extension 'ignore_ament_install'
[0.370s] Level 1:colcon.colcon_core.package_identification:_identify(nav_ws_gazebo/src/gac_navigation2/gac_nav2_velocity_smoother) by extensions ['colcon_pkg']
[0.370s] Level 1:colcon.colcon_core.package_identification:_identify(nav_ws_gazebo/src/gac_navigation2/gac_nav2_velocity_smoother) by extension 'colcon_pkg'
[0.370s] Level 1:colcon.colcon_core.package_identification:_identify(nav_ws_gazebo/src/gac_navigation2/gac_nav2_velocity_smoother) by extensions ['colcon_meta']
[0.370s] Level 1:colcon.colcon_core.package_identification:_identify(nav_ws_gazebo/src/gac_navigation2/gac_nav2_velocity_smoother) by extension 'colcon_meta'
[0.370s] Level 1:colcon.colcon_core.package_identification:_identify(nav_ws_gazebo/src/gac_navigation2/gac_nav2_velocity_smoother) by extensions ['ros']
[0.370s] Level 1:colcon.colcon_core.package_identification:_identify(nav_ws_gazebo/src/gac_navigation2/gac_nav2_velocity_smoother) by extension 'ros'
[0.371s] DEBUG:colcon.colcon_core.package_identification:Package 'nav_ws_gazebo/src/gac_navigation2/gac_nav2_velocity_smoother' with type 'ros.ament_cmake' and name 'gac_nav2_velocity_smoother'
[0.371s] Level 1:colcon.colcon_core.package_identification:_identify(nav_ws_gazebo/src/gac_navigation2/gac_nav2_voxel_grid) by extensions ['ignore', 'ignore_ament_install']
[0.371s] Level 1:colcon.colcon_core.package_identification:_identify(nav_ws_gazebo/src/gac_navigation2/gac_nav2_voxel_grid) by extension 'ignore'
[0.371s] Level 1:colcon.colcon_core.package_identification:_identify(nav_ws_gazebo/src/gac_navigation2/gac_nav2_voxel_grid) by extension 'ignore_ament_install'
[0.371s] Level 1:colcon.colcon_core.package_identification:_identify(nav_ws_gazebo/src/gac_navigation2/gac_nav2_voxel_grid) by extensions ['colcon_pkg']
[0.371s] Level 1:colcon.colcon_core.package_identification:_identify(nav_ws_gazebo/src/gac_navigation2/gac_nav2_voxel_grid) by extension 'colcon_pkg'
[0.371s] Level 1:colcon.colcon_core.package_identification:_identify(nav_ws_gazebo/src/gac_navigation2/gac_nav2_voxel_grid) by extensions ['colcon_meta']
[0.371s] Level 1:colcon.colcon_core.package_identification:_identify(nav_ws_gazebo/src/gac_navigation2/gac_nav2_voxel_grid) by extension 'colcon_meta'
[0.371s] Level 1:colcon.colcon_core.package_identification:_identify(nav_ws_gazebo/src/gac_navigation2/gac_nav2_voxel_grid) by extensions ['ros']
[0.371s] Level 1:colcon.colcon_core.package_identification:_identify(nav_ws_gazebo/src/gac_navigation2/gac_nav2_voxel_grid) by extension 'ros'
[0.372s] DEBUG:colcon.colcon_core.package_identification:Package 'nav_ws_gazebo/src/gac_navigation2/gac_nav2_voxel_grid' with type 'ros.ament_cmake' and name 'gac_nav2_voxel_grid'
[0.372s] Level 1:colcon.colcon_core.package_identification:_identify(nav_ws_gazebo/src/gac_navigation2/gac_nav2_waypoint_follower) by extensions ['ignore', 'ignore_ament_install']
[0.372s] Level 1:colcon.colcon_core.package_identification:_identify(nav_ws_gazebo/src/gac_navigation2/gac_nav2_waypoint_follower) by extension 'ignore'
[0.372s] Level 1:colcon.colcon_core.package_identification:_identify(nav_ws_gazebo/src/gac_navigation2/gac_nav2_waypoint_follower) by extension 'ignore_ament_install'
[0.372s] Level 1:colcon.colcon_core.package_identification:_identify(nav_ws_gazebo/src/gac_navigation2/gac_nav2_waypoint_follower) by extensions ['colcon_pkg']
[0.372s] Level 1:colcon.colcon_core.package_identification:_identify(nav_ws_gazebo/src/gac_navigation2/gac_nav2_waypoint_follower) by extension 'colcon_pkg'
[0.372s] Level 1:colcon.colcon_core.package_identification:_identify(nav_ws_gazebo/src/gac_navigation2/gac_nav2_waypoint_follower) by extensions ['colcon_meta']
[0.372s] Level 1:colcon.colcon_core.package_identification:_identify(nav_ws_gazebo/src/gac_navigation2/gac_nav2_waypoint_follower) by extension 'colcon_meta'
[0.372s] Level 1:colcon.colcon_core.package_identification:_identify(nav_ws_gazebo/src/gac_navigation2/gac_nav2_waypoint_follower) by extensions ['ros']
[0.372s] Level 1:colcon.colcon_core.package_identification:_identify(nav_ws_gazebo/src/gac_navigation2/gac_nav2_waypoint_follower) by extension 'ros'
[0.374s] DEBUG:colcon.colcon_core.package_identification:Package 'nav_ws_gazebo/src/gac_navigation2/gac_nav2_waypoint_follower' with type 'ros.ament_cmake' and name 'gac_nav2_waypoint_follower'
[0.374s] Level 1:colcon.colcon_core.package_identification:_identify(nav_ws_gazebo/src/gac_navigation2/gac_navigation2) by extensions ['ignore', 'ignore_ament_install']
[0.374s] Level 1:colcon.colcon_core.package_identification:_identify(nav_ws_gazebo/src/gac_navigation2/gac_navigation2) by extension 'ignore'
[0.374s] Level 1:colcon.colcon_core.package_identification:_identify(nav_ws_gazebo/src/gac_navigation2/gac_navigation2) by extension 'ignore_ament_install'
[0.374s] Level 1:colcon.colcon_core.package_identification:_identify(nav_ws_gazebo/src/gac_navigation2/gac_navigation2) by extensions ['colcon_pkg']
[0.374s] Level 1:colcon.colcon_core.package_identification:_identify(nav_ws_gazebo/src/gac_navigation2/gac_navigation2) by extension 'colcon_pkg'
[0.374s] Level 1:colcon.colcon_core.package_identification:_identify(nav_ws_gazebo/src/gac_navigation2/gac_navigation2) by extensions ['colcon_meta']
[0.374s] Level 1:colcon.colcon_core.package_identification:_identify(nav_ws_gazebo/src/gac_navigation2/gac_navigation2) by extension 'colcon_meta'
[0.374s] Level 1:colcon.colcon_core.package_identification:_identify(nav_ws_gazebo/src/gac_navigation2/gac_navigation2) by extensions ['ros']
[0.374s] Level 1:colcon.colcon_core.package_identification:_identify(nav_ws_gazebo/src/gac_navigation2/gac_navigation2) by extension 'ros'
[0.375s] DEBUG:colcon.colcon_core.package_identification:Package 'nav_ws_gazebo/src/gac_navigation2/gac_navigation2' with type 'ros.ament_cmake' and name 'gac_navigation2'
[0.375s] Level 1:colcon.colcon_core.package_identification:_identify(nav_ws_gazebo/src/gac_navigation2/nav2_dwb_controller) by extensions ['ignore', 'ignore_ament_install']
[0.375s] Level 1:colcon.colcon_core.package_identification:_identify(nav_ws_gazebo/src/gac_navigation2/nav2_dwb_controller) by extension 'ignore'
[0.375s] Level 1:colcon.colcon_core.package_identification:_identify(nav_ws_gazebo/src/gac_navigation2/nav2_dwb_controller) by extension 'ignore_ament_install'
[0.375s] Level 1:colcon.colcon_core.package_identification:_identify(nav_ws_gazebo/src/gac_navigation2/nav2_dwb_controller) by extensions ['colcon_pkg']
[0.375s] Level 1:colcon.colcon_core.package_identification:_identify(nav_ws_gazebo/src/gac_navigation2/nav2_dwb_controller) by extension 'colcon_pkg'
[0.375s] Level 1:colcon.colcon_core.package_identification:_identify(nav_ws_gazebo/src/gac_navigation2/nav2_dwb_controller) by extensions ['colcon_meta']
[0.375s] Level 1:colcon.colcon_core.package_identification:_identify(nav_ws_gazebo/src/gac_navigation2/nav2_dwb_controller) by extension 'colcon_meta'
[0.375s] Level 1:colcon.colcon_core.package_identification:_identify(nav_ws_gazebo/src/gac_navigation2/nav2_dwb_controller) by extensions ['ros']
[0.375s] Level 1:colcon.colcon_core.package_identification:_identify(nav_ws_gazebo/src/gac_navigation2/nav2_dwb_controller) by extension 'ros'
[0.375s] Level 1:colcon.colcon_core.package_identification:_identify(nav_ws_gazebo/src/gac_navigation2/nav2_dwb_controller) by extensions ['cmake', 'python']
[0.375s] Level 1:colcon.colcon_core.package_identification:_identify(nav_ws_gazebo/src/gac_navigation2/nav2_dwb_controller) by extension 'cmake'
[0.375s] Level 1:colcon.colcon_core.package_identification:_identify(nav_ws_gazebo/src/gac_navigation2/nav2_dwb_controller) by extension 'python'
[0.375s] Level 1:colcon.colcon_core.package_identification:_identify(nav_ws_gazebo/src/gac_navigation2/nav2_dwb_controller) by extensions ['python_setup_py']
[0.375s] Level 1:colcon.colcon_core.package_identification:_identify(nav_ws_gazebo/src/gac_navigation2/nav2_dwb_controller) by extension 'python_setup_py'
[0.375s] Level 1:colcon.colcon_core.package_identification:_identify(nav_ws_gazebo/src/gac_navigation2/nav2_dwb_controller/costmap_queue) by extensions ['ignore', 'ignore_ament_install']
[0.376s] Level 1:colcon.colcon_core.package_identification:_identify(nav_ws_gazebo/src/gac_navigation2/nav2_dwb_controller/costmap_queue) by extension 'ignore'
[0.376s] Level 1:colcon.colcon_core.package_identification:_identify(nav_ws_gazebo/src/gac_navigation2/nav2_dwb_controller/costmap_queue) by extension 'ignore_ament_install'
[0.376s] Level 1:colcon.colcon_core.package_identification:_identify(nav_ws_gazebo/src/gac_navigation2/nav2_dwb_controller/costmap_queue) by extensions ['colcon_pkg']
[0.376s] Level 1:colcon.colcon_core.package_identification:_identify(nav_ws_gazebo/src/gac_navigation2/nav2_dwb_controller/costmap_queue) by extension 'colcon_pkg'
[0.376s] Level 1:colcon.colcon_core.package_identification:_identify(nav_ws_gazebo/src/gac_navigation2/nav2_dwb_controller/costmap_queue) by extensions ['colcon_meta']
[0.376s] Level 1:colcon.colcon_core.package_identification:_identify(nav_ws_gazebo/src/gac_navigation2/nav2_dwb_controller/costmap_queue) by extension 'colcon_meta'
[0.376s] Level 1:colcon.colcon_core.package_identification:_identify(nav_ws_gazebo/src/gac_navigation2/nav2_dwb_controller/costmap_queue) by extensions ['ros']
[0.376s] Level 1:colcon.colcon_core.package_identification:_identify(nav_ws_gazebo/src/gac_navigation2/nav2_dwb_controller/costmap_queue) by extension 'ros'
[0.377s] DEBUG:colcon.colcon_core.package_identification:Package 'nav_ws_gazebo/src/gac_navigation2/nav2_dwb_controller/costmap_queue' with type 'ros.ament_cmake' and name 'costmap_queue'
[0.377s] Level 1:colcon.colcon_core.package_identification:_identify(nav_ws_gazebo/src/gac_navigation2/nav2_dwb_controller/dwb_core) by extensions ['ignore', 'ignore_ament_install']
[0.377s] Level 1:colcon.colcon_core.package_identification:_identify(nav_ws_gazebo/src/gac_navigation2/nav2_dwb_controller/dwb_core) by extension 'ignore'
[0.377s] Level 1:colcon.colcon_core.package_identification:_identify(nav_ws_gazebo/src/gac_navigation2/nav2_dwb_controller/dwb_core) by extension 'ignore_ament_install'
[0.377s] Level 1:colcon.colcon_core.package_identification:_identify(nav_ws_gazebo/src/gac_navigation2/nav2_dwb_controller/dwb_core) by extensions ['colcon_pkg']
[0.377s] Level 1:colcon.colcon_core.package_identification:_identify(nav_ws_gazebo/src/gac_navigation2/nav2_dwb_controller/dwb_core) by extension 'colcon_pkg'
[0.377s] Level 1:colcon.colcon_core.package_identification:_identify(nav_ws_gazebo/src/gac_navigation2/nav2_dwb_controller/dwb_core) by extensions ['colcon_meta']
[0.377s] Level 1:colcon.colcon_core.package_identification:_identify(nav_ws_gazebo/src/gac_navigation2/nav2_dwb_controller/dwb_core) by extension 'colcon_meta'
[0.377s] Level 1:colcon.colcon_core.package_identification:_identify(nav_ws_gazebo/src/gac_navigation2/nav2_dwb_controller/dwb_core) by extensions ['ros']
[0.377s] Level 1:colcon.colcon_core.package_identification:_identify(nav_ws_gazebo/src/gac_navigation2/nav2_dwb_controller/dwb_core) by extension 'ros'
[0.378s] DEBUG:colcon.colcon_core.package_identification:Package 'nav_ws_gazebo/src/gac_navigation2/nav2_dwb_controller/dwb_core' with type 'ros.ament_cmake' and name 'dwb_core'
[0.378s] Level 1:colcon.colcon_core.package_identification:_identify(nav_ws_gazebo/src/gac_navigation2/nav2_dwb_controller/dwb_critics) by extensions ['ignore', 'ignore_ament_install']
[0.378s] Level 1:colcon.colcon_core.package_identification:_identify(nav_ws_gazebo/src/gac_navigation2/nav2_dwb_controller/dwb_critics) by extension 'ignore'
[0.378s] Level 1:colcon.colcon_core.package_identification:_identify(nav_ws_gazebo/src/gac_navigation2/nav2_dwb_controller/dwb_critics) by extension 'ignore_ament_install'
[0.378s] Level 1:colcon.colcon_core.package_identification:_identify(nav_ws_gazebo/src/gac_navigation2/nav2_dwb_controller/dwb_critics) by extensions ['colcon_pkg']
[0.378s] Level 1:colcon.colcon_core.package_identification:_identify(nav_ws_gazebo/src/gac_navigation2/nav2_dwb_controller/dwb_critics) by extension 'colcon_pkg'
[0.378s] Level 1:colcon.colcon_core.package_identification:_identify(nav_ws_gazebo/src/gac_navigation2/nav2_dwb_controller/dwb_critics) by extensions ['colcon_meta']
[0.378s] Level 1:colcon.colcon_core.package_identification:_identify(nav_ws_gazebo/src/gac_navigation2/nav2_dwb_controller/dwb_critics) by extension 'colcon_meta'
[0.378s] Level 1:colcon.colcon_core.package_identification:_identify(nav_ws_gazebo/src/gac_navigation2/nav2_dwb_controller/dwb_critics) by extensions ['ros']
[0.378s] Level 1:colcon.colcon_core.package_identification:_identify(nav_ws_gazebo/src/gac_navigation2/nav2_dwb_controller/dwb_critics) by extension 'ros'
[0.379s] DEBUG:colcon.colcon_core.package_identification:Package 'nav_ws_gazebo/src/gac_navigation2/nav2_dwb_controller/dwb_critics' with type 'ros.ament_cmake' and name 'dwb_critics'
[0.380s] Level 1:colcon.colcon_core.package_identification:_identify(nav_ws_gazebo/src/gac_navigation2/nav2_dwb_controller/dwb_msgs) by extensions ['ignore', 'ignore_ament_install']
[0.380s] Level 1:colcon.colcon_core.package_identification:_identify(nav_ws_gazebo/src/gac_navigation2/nav2_dwb_controller/dwb_msgs) by extension 'ignore'
[0.380s] Level 1:colcon.colcon_core.package_identification:_identify(nav_ws_gazebo/src/gac_navigation2/nav2_dwb_controller/dwb_msgs) by extension 'ignore_ament_install'
[0.380s] Level 1:colcon.colcon_core.package_identification:_identify(nav_ws_gazebo/src/gac_navigation2/nav2_dwb_controller/dwb_msgs) by extensions ['colcon_pkg']
[0.380s] Level 1:colcon.colcon_core.package_identification:_identify(nav_ws_gazebo/src/gac_navigation2/nav2_dwb_controller/dwb_msgs) by extension 'colcon_pkg'
[0.380s] Level 1:colcon.colcon_core.package_identification:_identify(nav_ws_gazebo/src/gac_navigation2/nav2_dwb_controller/dwb_msgs) by extensions ['colcon_meta']
[0.380s] Level 1:colcon.colcon_core.package_identification:_identify(nav_ws_gazebo/src/gac_navigation2/nav2_dwb_controller/dwb_msgs) by extension 'colcon_meta'
[0.380s] Level 1:colcon.colcon_core.package_identification:_identify(nav_ws_gazebo/src/gac_navigation2/nav2_dwb_controller/dwb_msgs) by extensions ['ros']
[0.380s] Level 1:colcon.colcon_core.package_identification:_identify(nav_ws_gazebo/src/gac_navigation2/nav2_dwb_controller/dwb_msgs) by extension 'ros'
[0.381s] DEBUG:colcon.colcon_core.package_identification:Package 'nav_ws_gazebo/src/gac_navigation2/nav2_dwb_controller/dwb_msgs' with type 'ros.ament_cmake' and name 'dwb_msgs'
[0.381s] Level 1:colcon.colcon_core.package_identification:_identify(nav_ws_gazebo/src/gac_navigation2/nav2_dwb_controller/dwb_plugins) by extensions ['ignore', 'ignore_ament_install']
[0.381s] Level 1:colcon.colcon_core.package_identification:_identify(nav_ws_gazebo/src/gac_navigation2/nav2_dwb_controller/dwb_plugins) by extension 'ignore'
[0.381s] Level 1:colcon.colcon_core.package_identification:_identify(nav_ws_gazebo/src/gac_navigation2/nav2_dwb_controller/dwb_plugins) by extension 'ignore_ament_install'
[0.381s] Level 1:colcon.colcon_core.package_identification:_identify(nav_ws_gazebo/src/gac_navigation2/nav2_dwb_controller/dwb_plugins) by extensions ['colcon_pkg']
[0.381s] Level 1:colcon.colcon_core.package_identification:_identify(nav_ws_gazebo/src/gac_navigation2/nav2_dwb_controller/dwb_plugins) by extension 'colcon_pkg'
[0.381s] Level 1:colcon.colcon_core.package_identification:_identify(nav_ws_gazebo/src/gac_navigation2/nav2_dwb_controller/dwb_plugins) by extensions ['colcon_meta']
[0.381s] Level 1:colcon.colcon_core.package_identification:_identify(nav_ws_gazebo/src/gac_navigation2/nav2_dwb_controller/dwb_plugins) by extension 'colcon_meta'
[0.381s] Level 1:colcon.colcon_core.package_identification:_identify(nav_ws_gazebo/src/gac_navigation2/nav2_dwb_controller/dwb_plugins) by extensions ['ros']
[0.381s] Level 1:colcon.colcon_core.package_identification:_identify(nav_ws_gazebo/src/gac_navigation2/nav2_dwb_controller/dwb_plugins) by extension 'ros'
[0.382s] DEBUG:colcon.colcon_core.package_identification:Package 'nav_ws_gazebo/src/gac_navigation2/nav2_dwb_controller/dwb_plugins' with type 'ros.ament_cmake' and name 'dwb_plugins'
[0.382s] Level 1:colcon.colcon_core.package_identification:_identify(nav_ws_gazebo/src/gac_navigation2/nav2_dwb_controller/images) by extensions ['ignore', 'ignore_ament_install']
[0.382s] Level 1:colcon.colcon_core.package_identification:_identify(nav_ws_gazebo/src/gac_navigation2/nav2_dwb_controller/images) by extension 'ignore'
[0.382s] Level 1:colcon.colcon_core.package_identification:_identify(nav_ws_gazebo/src/gac_navigation2/nav2_dwb_controller/images) by extension 'ignore_ament_install'
[0.382s] Level 1:colcon.colcon_core.package_identification:_identify(nav_ws_gazebo/src/gac_navigation2/nav2_dwb_controller/images) by extensions ['colcon_pkg']
[0.382s] Level 1:colcon.colcon_core.package_identification:_identify(nav_ws_gazebo/src/gac_navigation2/nav2_dwb_controller/images) by extension 'colcon_pkg'
[0.383s] Level 1:colcon.colcon_core.package_identification:_identify(nav_ws_gazebo/src/gac_navigation2/nav2_dwb_controller/images) by extensions ['colcon_meta']
[0.383s] Level 1:colcon.colcon_core.package_identification:_identify(nav_ws_gazebo/src/gac_navigation2/nav2_dwb_controller/images) by extension 'colcon_meta'
[0.383s] Level 1:colcon.colcon_core.package_identification:_identify(nav_ws_gazebo/src/gac_navigation2/nav2_dwb_controller/images) by extensions ['ros']
[0.383s] Level 1:colcon.colcon_core.package_identification:_identify(nav_ws_gazebo/src/gac_navigation2/nav2_dwb_controller/images) by extension 'ros'
[0.383s] Level 1:colcon.colcon_core.package_identification:_identify(nav_ws_gazebo/src/gac_navigation2/nav2_dwb_controller/images) by extensions ['cmake', 'python']
[0.383s] Level 1:colcon.colcon_core.package_identification:_identify(nav_ws_gazebo/src/gac_navigation2/nav2_dwb_controller/images) by extension 'cmake'
[0.383s] Level 1:colcon.colcon_core.package_identification:_identify(nav_ws_gazebo/src/gac_navigation2/nav2_dwb_controller/images) by extension 'python'
[0.383s] Level 1:colcon.colcon_core.package_identification:_identify(nav_ws_gazebo/src/gac_navigation2/nav2_dwb_controller/images) by extensions ['python_setup_py']
[0.383s] Level 1:colcon.colcon_core.package_identification:_identify(nav_ws_gazebo/src/gac_navigation2/nav2_dwb_controller/images) by extension 'python_setup_py'
[0.383s] Level 1:colcon.colcon_core.package_identification:_identify(nav_ws_gazebo/src/gac_navigation2/nav2_dwb_controller/nav2_dwb_controller) by extensions ['ignore', 'ignore_ament_install']
[0.383s] Level 1:colcon.colcon_core.package_identification:_identify(nav_ws_gazebo/src/gac_navigation2/nav2_dwb_controller/nav2_dwb_controller) by extension 'ignore'
[0.383s] Level 1:colcon.colcon_core.package_identification:_identify(nav_ws_gazebo/src/gac_navigation2/nav2_dwb_controller/nav2_dwb_controller) by extension 'ignore_ament_install'
[0.383s] Level 1:colcon.colcon_core.package_identification:_identify(nav_ws_gazebo/src/gac_navigation2/nav2_dwb_controller/nav2_dwb_controller) by extensions ['colcon_pkg']
[0.383s] Level 1:colcon.colcon_core.package_identification:_identify(nav_ws_gazebo/src/gac_navigation2/nav2_dwb_controller/nav2_dwb_controller) by extension 'colcon_pkg'
[0.383s] Level 1:colcon.colcon_core.package_identification:_identify(nav_ws_gazebo/src/gac_navigation2/nav2_dwb_controller/nav2_dwb_controller) by extensions ['colcon_meta']
[0.383s] Level 1:colcon.colcon_core.package_identification:_identify(nav_ws_gazebo/src/gac_navigation2/nav2_dwb_controller/nav2_dwb_controller) by extension 'colcon_meta'
[0.383s] Level 1:colcon.colcon_core.package_identification:_identify(nav_ws_gazebo/src/gac_navigation2/nav2_dwb_controller/nav2_dwb_controller) by extensions ['ros']
[0.383s] Level 1:colcon.colcon_core.package_identification:_identify(nav_ws_gazebo/src/gac_navigation2/nav2_dwb_controller/nav2_dwb_controller) by extension 'ros'
[0.385s] DEBUG:colcon.colcon_core.package_identification:Package 'nav_ws_gazebo/src/gac_navigation2/nav2_dwb_controller/nav2_dwb_controller' with type 'ros.ament_cmake' and name 'nav2_dwb_controller'
[0.385s] Level 1:colcon.colcon_core.package_identification:_identify(nav_ws_gazebo/src/gac_navigation2/nav2_dwb_controller/nav_2d_msgs) by extensions ['ignore', 'ignore_ament_install']
[0.385s] Level 1:colcon.colcon_core.package_identification:_identify(nav_ws_gazebo/src/gac_navigation2/nav2_dwb_controller/nav_2d_msgs) by extension 'ignore'
[0.385s] Level 1:colcon.colcon_core.package_identification:_identify(nav_ws_gazebo/src/gac_navigation2/nav2_dwb_controller/nav_2d_msgs) by extension 'ignore_ament_install'
[0.385s] Level 1:colcon.colcon_core.package_identification:_identify(nav_ws_gazebo/src/gac_navigation2/nav2_dwb_controller/nav_2d_msgs) by extensions ['colcon_pkg']
[0.385s] Level 1:colcon.colcon_core.package_identification:_identify(nav_ws_gazebo/src/gac_navigation2/nav2_dwb_controller/nav_2d_msgs) by extension 'colcon_pkg'
[0.385s] Level 1:colcon.colcon_core.package_identification:_identify(nav_ws_gazebo/src/gac_navigation2/nav2_dwb_controller/nav_2d_msgs) by extensions ['colcon_meta']
[0.385s] Level 1:colcon.colcon_core.package_identification:_identify(nav_ws_gazebo/src/gac_navigation2/nav2_dwb_controller/nav_2d_msgs) by extension 'colcon_meta'
[0.385s] Level 1:colcon.colcon_core.package_identification:_identify(nav_ws_gazebo/src/gac_navigation2/nav2_dwb_controller/nav_2d_msgs) by extensions ['ros']
[0.385s] Level 1:colcon.colcon_core.package_identification:_identify(nav_ws_gazebo/src/gac_navigation2/nav2_dwb_controller/nav_2d_msgs) by extension 'ros'
[0.386s] DEBUG:colcon.colcon_core.package_identification:Package 'nav_ws_gazebo/src/gac_navigation2/nav2_dwb_controller/nav_2d_msgs' with type 'ros.ament_cmake' and name 'nav_2d_msgs'
[0.387s] Level 1:colcon.colcon_core.package_identification:_identify(nav_ws_gazebo/src/gac_navigation2/nav2_dwb_controller/nav_2d_utils) by extensions ['ignore', 'ignore_ament_install']
[0.387s] Level 1:colcon.colcon_core.package_identification:_identify(nav_ws_gazebo/src/gac_navigation2/nav2_dwb_controller/nav_2d_utils) by extension 'ignore'
[0.387s] Level 1:colcon.colcon_core.package_identification:_identify(nav_ws_gazebo/src/gac_navigation2/nav2_dwb_controller/nav_2d_utils) by extension 'ignore_ament_install'
[0.387s] Level 1:colcon.colcon_core.package_identification:_identify(nav_ws_gazebo/src/gac_navigation2/nav2_dwb_controller/nav_2d_utils) by extensions ['colcon_pkg']
[0.387s] Level 1:colcon.colcon_core.package_identification:_identify(nav_ws_gazebo/src/gac_navigation2/nav2_dwb_controller/nav_2d_utils) by extension 'colcon_pkg'
[0.387s] Level 1:colcon.colcon_core.package_identification:_identify(nav_ws_gazebo/src/gac_navigation2/nav2_dwb_controller/nav_2d_utils) by extensions ['colcon_meta']
[0.387s] Level 1:colcon.colcon_core.package_identification:_identify(nav_ws_gazebo/src/gac_navigation2/nav2_dwb_controller/nav_2d_utils) by extension 'colcon_meta'
[0.387s] Level 1:colcon.colcon_core.package_identification:_identify(nav_ws_gazebo/src/gac_navigation2/nav2_dwb_controller/nav_2d_utils) by extensions ['ros']
[0.387s] Level 1:colcon.colcon_core.package_identification:_identify(nav_ws_gazebo/src/gac_navigation2/nav2_dwb_controller/nav_2d_utils) by extension 'ros'
[0.388s] DEBUG:colcon.colcon_core.package_identification:Package 'nav_ws_gazebo/src/gac_navigation2/nav2_dwb_controller/nav_2d_utils' with type 'ros.ament_cmake' and name 'nav_2d_utils'
[0.388s] Level 1:colcon.colcon_core.package_identification:_identify(nav_ws_gazebo/src/gac_navigation2/nav2_fixed_path_route) by extensions ['ignore', 'ignore_ament_install']
[0.388s] Level 1:colcon.colcon_core.package_identification:_identify(nav_ws_gazebo/src/gac_navigation2/nav2_fixed_path_route) by extension 'ignore'
[0.388s] Level 1:colcon.colcon_core.package_identification:_identify(nav_ws_gazebo/src/gac_navigation2/nav2_fixed_path_route) by extension 'ignore_ament_install'
[0.388s] Level 1:colcon.colcon_core.package_identification:_identify(nav_ws_gazebo/src/gac_navigation2/nav2_fixed_path_route) by extensions ['colcon_pkg']
[0.388s] Level 1:colcon.colcon_core.package_identification:_identify(nav_ws_gazebo/src/gac_navigation2/nav2_fixed_path_route) by extension 'colcon_pkg'
[0.388s] Level 1:colcon.colcon_core.package_identification:_identify(nav_ws_gazebo/src/gac_navigation2/nav2_fixed_path_route) by extensions ['colcon_meta']
[0.388s] Level 1:colcon.colcon_core.package_identification:_identify(nav_ws_gazebo/src/gac_navigation2/nav2_fixed_path_route) by extension 'colcon_meta'
[0.388s] Level 1:colcon.colcon_core.package_identification:_identify(nav_ws_gazebo/src/gac_navigation2/nav2_fixed_path_route) by extensions ['ros']
[0.388s] Level 1:colcon.colcon_core.package_identification:_identify(nav_ws_gazebo/src/gac_navigation2/nav2_fixed_path_route) by extension 'ros'
[0.389s] DEBUG:colcon.colcon_core.package_identification:Package 'nav_ws_gazebo/src/gac_navigation2/nav2_fixed_path_route' with type 'ros.ament_cmake' and name 'nav2_fixed_path_route'
[0.389s] Level 1:colcon.colcon_core.package_identification:_identify(nav_ws_gazebo/src/gac_navigation2/nav2_graceful_controller) by extensions ['ignore', 'ignore_ament_install']
[0.390s] Level 1:colcon.colcon_core.package_identification:_identify(nav_ws_gazebo/src/gac_navigation2/nav2_graceful_controller) by extension 'ignore'
[0.390s] Level 1:colcon.colcon_core.package_identification:_identify(nav_ws_gazebo/src/gac_navigation2/nav2_graceful_controller) by extension 'ignore_ament_install'
[0.390s] Level 1:colcon.colcon_core.package_identification:_identify(nav_ws_gazebo/src/gac_navigation2/nav2_graceful_controller) by extensions ['colcon_pkg']
[0.390s] Level 1:colcon.colcon_core.package_identification:_identify(nav_ws_gazebo/src/gac_navigation2/nav2_graceful_controller) by extension 'colcon_pkg'
[0.390s] Level 1:colcon.colcon_core.package_identification:_identify(nav_ws_gazebo/src/gac_navigation2/nav2_graceful_controller) by extensions ['colcon_meta']
[0.390s] Level 1:colcon.colcon_core.package_identification:_identify(nav_ws_gazebo/src/gac_navigation2/nav2_graceful_controller) by extension 'colcon_meta'
[0.390s] Level 1:colcon.colcon_core.package_identification:_identify(nav_ws_gazebo/src/gac_navigation2/nav2_graceful_controller) by extensions ['ros']
[0.390s] Level 1:colcon.colcon_core.package_identification:_identify(nav_ws_gazebo/src/gac_navigation2/nav2_graceful_controller) by extension 'ros'
[0.391s] DEBUG:colcon.colcon_core.package_identification:Package 'nav_ws_gazebo/src/gac_navigation2/nav2_graceful_controller' with type 'ros.ament_cmake' and name 'nav2_graceful_controller'
[0.391s] Level 1:colcon.colcon_core.package_identification:_identify(nav_ws_gazebo/src/gac_navigation2/nav2_lifecycle_manager) by extensions ['ignore', 'ignore_ament_install']
[0.391s] Level 1:colcon.colcon_core.package_identification:_identify(nav_ws_gazebo/src/gac_navigation2/nav2_lifecycle_manager) by extension 'ignore'
[0.391s] Level 1:colcon.colcon_core.package_identification:_identify(nav_ws_gazebo/src/gac_navigation2/nav2_lifecycle_manager) by extension 'ignore_ament_install'
[0.391s] Level 1:colcon.colcon_core.package_identification:_identify(nav_ws_gazebo/src/gac_navigation2/nav2_lifecycle_manager) by extensions ['colcon_pkg']
[0.391s] Level 1:colcon.colcon_core.package_identification:_identify(nav_ws_gazebo/src/gac_navigation2/nav2_lifecycle_manager) by extension 'colcon_pkg'
[0.391s] Level 1:colcon.colcon_core.package_identification:_identify(nav_ws_gazebo/src/gac_navigation2/nav2_lifecycle_manager) by extensions ['colcon_meta']
[0.391s] Level 1:colcon.colcon_core.package_identification:_identify(nav_ws_gazebo/src/gac_navigation2/nav2_lifecycle_manager) by extension 'colcon_meta'
[0.391s] Level 1:colcon.colcon_core.package_identification:_identify(nav_ws_gazebo/src/gac_navigation2/nav2_lifecycle_manager) by extensions ['ros']
[0.391s] Level 1:colcon.colcon_core.package_identification:_identify(nav_ws_gazebo/src/gac_navigation2/nav2_lifecycle_manager) by extension 'ros'
[0.392s] DEBUG:colcon.colcon_core.package_identification:Package 'nav_ws_gazebo/src/gac_navigation2/nav2_lifecycle_manager' with type 'ros.ament_cmake' and name 'nav2_lifecycle_manager'
[0.392s] Level 1:colcon.colcon_core.package_identification:_identify(nav_ws_gazebo/src/gac_navigation2/nav2_map_server) by extensions ['ignore', 'ignore_ament_install']
[0.392s] Level 1:colcon.colcon_core.package_identification:_identify(nav_ws_gazebo/src/gac_navigation2/nav2_map_server) by extension 'ignore'
[0.392s] Level 1:colcon.colcon_core.package_identification:_identify(nav_ws_gazebo/src/gac_navigation2/nav2_map_server) by extension 'ignore_ament_install'
[0.392s] Level 1:colcon.colcon_core.package_identification:_identify(nav_ws_gazebo/src/gac_navigation2/nav2_map_server) by extensions ['colcon_pkg']
[0.392s] Level 1:colcon.colcon_core.package_identification:_identify(nav_ws_gazebo/src/gac_navigation2/nav2_map_server) by extension 'colcon_pkg'
[0.392s] Level 1:colcon.colcon_core.package_identification:_identify(nav_ws_gazebo/src/gac_navigation2/nav2_map_server) by extensions ['colcon_meta']
[0.392s] Level 1:colcon.colcon_core.package_identification:_identify(nav_ws_gazebo/src/gac_navigation2/nav2_map_server) by extension 'colcon_meta'
[0.392s] Level 1:colcon.colcon_core.package_identification:_identify(nav_ws_gazebo/src/gac_navigation2/nav2_map_server) by extensions ['ros']
[0.392s] Level 1:colcon.colcon_core.package_identification:_identify(nav_ws_gazebo/src/gac_navigation2/nav2_map_server) by extension 'ros'
[0.393s] DEBUG:colcon.colcon_core.package_identification:Package 'nav_ws_gazebo/src/gac_navigation2/nav2_map_server' with type 'ros.ament_cmake' and name 'nav2_map_server'
[0.393s] Level 1:colcon.colcon_core.package_identification:_identify(nav_ws_gazebo/src/gac_navigation2/nav2_mppi_controller) by extensions ['ignore', 'ignore_ament_install']
[0.393s] Level 1:colcon.colcon_core.package_identification:_identify(nav_ws_gazebo/src/gac_navigation2/nav2_mppi_controller) by extension 'ignore'
[0.393s] Level 1:colcon.colcon_core.package_identification:_identify(nav_ws_gazebo/src/gac_navigation2/nav2_mppi_controller) by extension 'ignore_ament_install'
[0.393s] Level 1:colcon.colcon_core.package_identification:_identify(nav_ws_gazebo/src/gac_navigation2/nav2_mppi_controller) by extensions ['colcon_pkg']
[0.393s] Level 1:colcon.colcon_core.package_identification:_identify(nav_ws_gazebo/src/gac_navigation2/nav2_mppi_controller) by extension 'colcon_pkg'
[0.393s] Level 1:colcon.colcon_core.package_identification:_identify(nav_ws_gazebo/src/gac_navigation2/nav2_mppi_controller) by extensions ['colcon_meta']
[0.393s] Level 1:colcon.colcon_core.package_identification:_identify(nav_ws_gazebo/src/gac_navigation2/nav2_mppi_controller) by extension 'colcon_meta'
[0.393s] Level 1:colcon.colcon_core.package_identification:_identify(nav_ws_gazebo/src/gac_navigation2/nav2_mppi_controller) by extensions ['ros']
[0.393s] Level 1:colcon.colcon_core.package_identification:_identify(nav_ws_gazebo/src/gac_navigation2/nav2_mppi_controller) by extension 'ros'
[0.394s] DEBUG:colcon.colcon_core.package_identification:Package 'nav_ws_gazebo/src/gac_navigation2/nav2_mppi_controller' with type 'ros.ament_cmake' and name 'nav2_mppi_controller'
[0.395s] Level 1:colcon.colcon_core.package_identification:_identify(nav_ws_gazebo/src/gac_navigation2/nav2_navfn_planner) by extensions ['ignore', 'ignore_ament_install']
[0.395s] Level 1:colcon.colcon_core.package_identification:_identify(nav_ws_gazebo/src/gac_navigation2/nav2_navfn_planner) by extension 'ignore'
[0.395s] Level 1:colcon.colcon_core.package_identification:_identify(nav_ws_gazebo/src/gac_navigation2/nav2_navfn_planner) by extension 'ignore_ament_install'
[0.395s] Level 1:colcon.colcon_core.package_identification:_identify(nav_ws_gazebo/src/gac_navigation2/nav2_navfn_planner) by extensions ['colcon_pkg']
[0.395s] Level 1:colcon.colcon_core.package_identification:_identify(nav_ws_gazebo/src/gac_navigation2/nav2_navfn_planner) by extension 'colcon_pkg'
[0.395s] Level 1:colcon.colcon_core.package_identification:_identify(nav_ws_gazebo/src/gac_navigation2/nav2_navfn_planner) by extensions ['colcon_meta']
[0.395s] Level 1:colcon.colcon_core.package_identification:_identify(nav_ws_gazebo/src/gac_navigation2/nav2_navfn_planner) by extension 'colcon_meta'
[0.395s] Level 1:colcon.colcon_core.package_identification:_identify(nav_ws_gazebo/src/gac_navigation2/nav2_navfn_planner) by extensions ['ros']
[0.395s] Level 1:colcon.colcon_core.package_identification:_identify(nav_ws_gazebo/src/gac_navigation2/nav2_navfn_planner) by extension 'ros'
[0.396s] DEBUG:colcon.colcon_core.package_identification:Package 'nav_ws_gazebo/src/gac_navigation2/nav2_navfn_planner' with type 'ros.ament_cmake' and name 'nav2_navfn_planner'
[0.396s] Level 1:colcon.colcon_core.package_identification:_identify(nav_ws_gazebo/src/gac_navigation2/nav2_regulated_pure_pursuit_controller) by extensions ['ignore', 'ignore_ament_install']
[0.396s] Level 1:colcon.colcon_core.package_identification:_identify(nav_ws_gazebo/src/gac_navigation2/nav2_regulated_pure_pursuit_controller) by extension 'ignore'
[0.396s] Level 1:colcon.colcon_core.package_identification:_identify(nav_ws_gazebo/src/gac_navigation2/nav2_regulated_pure_pursuit_controller) by extension 'ignore_ament_install'
[0.396s] Level 1:colcon.colcon_core.package_identification:_identify(nav_ws_gazebo/src/gac_navigation2/nav2_regulated_pure_pursuit_controller) by extensions ['colcon_pkg']
[0.396s] Level 1:colcon.colcon_core.package_identification:_identify(nav_ws_gazebo/src/gac_navigation2/nav2_regulated_pure_pursuit_controller) by extension 'colcon_pkg'
[0.396s] Level 1:colcon.colcon_core.package_identification:_identify(nav_ws_gazebo/src/gac_navigation2/nav2_regulated_pure_pursuit_controller) by extensions ['colcon_meta']
[0.396s] Level 1:colcon.colcon_core.package_identification:_identify(nav_ws_gazebo/src/gac_navigation2/nav2_regulated_pure_pursuit_controller) by extension 'colcon_meta'
[0.396s] Level 1:colcon.colcon_core.package_identification:_identify(nav_ws_gazebo/src/gac_navigation2/nav2_regulated_pure_pursuit_controller) by extensions ['ros']
[0.396s] Level 1:colcon.colcon_core.package_identification:_identify(nav_ws_gazebo/src/gac_navigation2/nav2_regulated_pure_pursuit_controller) by extension 'ros'
[0.397s] DEBUG:colcon.colcon_core.package_identification:Package 'nav_ws_gazebo/src/gac_navigation2/nav2_regulated_pure_pursuit_controller' with type 'ros.ament_cmake' and name 'nav2_regulated_pure_pursuit_controller'
[0.397s] Level 1:colcon.colcon_core.package_identification:_identify(nav_ws_gazebo/src/gac_navigation2/nav2_rotation_shim_controller) by extensions ['ignore', 'ignore_ament_install']
[0.397s] Level 1:colcon.colcon_core.package_identification:_identify(nav_ws_gazebo/src/gac_navigation2/nav2_rotation_shim_controller) by extension 'ignore'
[0.397s] Level 1:colcon.colcon_core.package_identification:_identify(nav_ws_gazebo/src/gac_navigation2/nav2_rotation_shim_controller) by extension 'ignore_ament_install'
[0.397s] Level 1:colcon.colcon_core.package_identification:_identify(nav_ws_gazebo/src/gac_navigation2/nav2_rotation_shim_controller) by extensions ['colcon_pkg']
[0.397s] Level 1:colcon.colcon_core.package_identification:_identify(nav_ws_gazebo/src/gac_navigation2/nav2_rotation_shim_controller) by extension 'colcon_pkg'
[0.397s] Level 1:colcon.colcon_core.package_identification:_identify(nav_ws_gazebo/src/gac_navigation2/nav2_rotation_shim_controller) by extensions ['colcon_meta']
[0.397s] Level 1:colcon.colcon_core.package_identification:_identify(nav_ws_gazebo/src/gac_navigation2/nav2_rotation_shim_controller) by extension 'colcon_meta'
[0.397s] Level 1:colcon.colcon_core.package_identification:_identify(nav_ws_gazebo/src/gac_navigation2/nav2_rotation_shim_controller) by extensions ['ros']
[0.397s] Level 1:colcon.colcon_core.package_identification:_identify(nav_ws_gazebo/src/gac_navigation2/nav2_rotation_shim_controller) by extension 'ros'
[0.398s] DEBUG:colcon.colcon_core.package_identification:Package 'nav_ws_gazebo/src/gac_navigation2/nav2_rotation_shim_controller' with type 'ros.ament_cmake' and name 'nav2_rotation_shim_controller'
[0.398s] Level 1:colcon.colcon_core.package_identification:_identify(nav_ws_gazebo/src/gac_navigation2/nav2_smac_planner) by extensions ['ignore', 'ignore_ament_install']
[0.398s] Level 1:colcon.colcon_core.package_identification:_identify(nav_ws_gazebo/src/gac_navigation2/nav2_smac_planner) by extension 'ignore'
[0.398s] Level 1:colcon.colcon_core.package_identification:_identify(nav_ws_gazebo/src/gac_navigation2/nav2_smac_planner) by extension 'ignore_ament_install'
[0.398s] Level 1:colcon.colcon_core.package_identification:_identify(nav_ws_gazebo/src/gac_navigation2/nav2_smac_planner) by extensions ['colcon_pkg']
[0.398s] Level 1:colcon.colcon_core.package_identification:_identify(nav_ws_gazebo/src/gac_navigation2/nav2_smac_planner) by extension 'colcon_pkg'
[0.399s] Level 1:colcon.colcon_core.package_identification:_identify(nav_ws_gazebo/src/gac_navigation2/nav2_smac_planner) by extensions ['colcon_meta']
[0.399s] Level 1:colcon.colcon_core.package_identification:_identify(nav_ws_gazebo/src/gac_navigation2/nav2_smac_planner) by extension 'colcon_meta'
[0.399s] Level 1:colcon.colcon_core.package_identification:_identify(nav_ws_gazebo/src/gac_navigation2/nav2_smac_planner) by extensions ['ros']
[0.399s] Level 1:colcon.colcon_core.package_identification:_identify(nav_ws_gazebo/src/gac_navigation2/nav2_smac_planner) by extension 'ros'
[0.400s] DEBUG:colcon.colcon_core.package_identification:Package 'nav_ws_gazebo/src/gac_navigation2/nav2_smac_planner' with type 'ros.ament_cmake' and name 'nav2_smac_planner'
[0.400s] Level 1:colcon.colcon_core.package_identification:_identify(nav_ws_gazebo/src/gac_navigation2/nav2_theta_star_planner) by extensions ['ignore', 'ignore_ament_install']
[0.400s] Level 1:colcon.colcon_core.package_identification:_identify(nav_ws_gazebo/src/gac_navigation2/nav2_theta_star_planner) by extension 'ignore'
[0.400s] Level 1:colcon.colcon_core.package_identification:_identify(nav_ws_gazebo/src/gac_navigation2/nav2_theta_star_planner) by extension 'ignore_ament_install'
[0.401s] Level 1:colcon.colcon_core.package_identification:_identify(nav_ws_gazebo/src/gac_navigation2/nav2_theta_star_planner) by extensions ['colcon_pkg']
[0.401s] Level 1:colcon.colcon_core.package_identification:_identify(nav_ws_gazebo/src/gac_navigation2/nav2_theta_star_planner) by extension 'colcon_pkg'
[0.401s] Level 1:colcon.colcon_core.package_identification:_identify(nav_ws_gazebo/src/gac_navigation2/nav2_theta_star_planner) by extensions ['colcon_meta']
[0.401s] Level 1:colcon.colcon_core.package_identification:_identify(nav_ws_gazebo/src/gac_navigation2/nav2_theta_star_planner) by extension 'colcon_meta'
[0.401s] Level 1:colcon.colcon_core.package_identification:_identify(nav_ws_gazebo/src/gac_navigation2/nav2_theta_star_planner) by extensions ['ros']
[0.401s] Level 1:colcon.colcon_core.package_identification:_identify(nav_ws_gazebo/src/gac_navigation2/nav2_theta_star_planner) by extension 'ros'
[0.402s] DEBUG:colcon.colcon_core.package_identification:Package 'nav_ws_gazebo/src/gac_navigation2/nav2_theta_star_planner' with type 'ros.ament_cmake' and name 'nav2_theta_star_planner'
[0.402s] Level 1:colcon.colcon_core.package_identification:_identify(nav_ws_gazebo/src/gac_navigation2/nav2_util) by extensions ['ignore', 'ignore_ament_install']
[0.402s] Level 1:colcon.colcon_core.package_identification:_identify(nav_ws_gazebo/src/gac_navigation2/nav2_util) by extension 'ignore'
[0.402s] Level 1:colcon.colcon_core.package_identification:_identify(nav_ws_gazebo/src/gac_navigation2/nav2_util) by extension 'ignore_ament_install'
[0.402s] Level 1:colcon.colcon_core.package_identification:_identify(nav_ws_gazebo/src/gac_navigation2/nav2_util) by extensions ['colcon_pkg']
[0.402s] Level 1:colcon.colcon_core.package_identification:_identify(nav_ws_gazebo/src/gac_navigation2/nav2_util) by extension 'colcon_pkg'
[0.402s] Level 1:colcon.colcon_core.package_identification:_identify(nav_ws_gazebo/src/gac_navigation2/nav2_util) by extensions ['colcon_meta']
[0.402s] Level 1:colcon.colcon_core.package_identification:_identify(nav_ws_gazebo/src/gac_navigation2/nav2_util) by extension 'colcon_meta'
[0.402s] Level 1:colcon.colcon_core.package_identification:_identify(nav_ws_gazebo/src/gac_navigation2/nav2_util) by extensions ['ros']
[0.403s] Level 1:colcon.colcon_core.package_identification:_identify(nav_ws_gazebo/src/gac_navigation2/nav2_util) by extension 'ros'
[0.404s] DEBUG:colcon.colcon_core.package_identification:Package 'nav_ws_gazebo/src/gac_navigation2/nav2_util' with type 'ros.ament_cmake' and name 'nav2_util'
[0.404s] Level 1:colcon.colcon_core.package_identification:_identify(nav_ws_gazebo/src/gac_robot_msgs) by extensions ['ignore', 'ignore_ament_install']
[0.404s] Level 1:colcon.colcon_core.package_identification:_identify(nav_ws_gazebo/src/gac_robot_msgs) by extension 'ignore'
[0.404s] Level 1:colcon.colcon_core.package_identification:_identify(nav_ws_gazebo/src/gac_robot_msgs) by extension 'ignore_ament_install'
[0.404s] Level 1:colcon.colcon_core.package_identification:_identify(nav_ws_gazebo/src/gac_robot_msgs) by extensions ['colcon_pkg']
[0.404s] Level 1:colcon.colcon_core.package_identification:_identify(nav_ws_gazebo/src/gac_robot_msgs) by extension 'colcon_pkg'
[0.404s] Level 1:colcon.colcon_core.package_identification:_identify(nav_ws_gazebo/src/gac_robot_msgs) by extensions ['colcon_meta']
[0.404s] Level 1:colcon.colcon_core.package_identification:_identify(nav_ws_gazebo/src/gac_robot_msgs) by extension 'colcon_meta'
[0.404s] Level 1:colcon.colcon_core.package_identification:_identify(nav_ws_gazebo/src/gac_robot_msgs) by extensions ['ros']
[0.404s] Level 1:colcon.colcon_core.package_identification:_identify(nav_ws_gazebo/src/gac_robot_msgs) by extension 'ros'
[0.405s] DEBUG:colcon.colcon_core.package_identification:Package 'nav_ws_gazebo/src/gac_robot_msgs' with type 'ros.ament_cmake' and name 'gac_robot_msgs'
[0.405s] Level 1:colcon.colcon_core.package_identification:_identify(nav_ws_gazebo/src/gac_robot_task) by extensions ['ignore', 'ignore_ament_install']
[0.405s] Level 1:colcon.colcon_core.package_identification:_identify(nav_ws_gazebo/src/gac_robot_task) by extension 'ignore'
[0.405s] Level 1:colcon.colcon_core.package_identification:_identify(nav_ws_gazebo/src/gac_robot_task) by extension 'ignore_ament_install'
[0.405s] Level 1:colcon.colcon_core.package_identification:_identify(nav_ws_gazebo/src/gac_robot_task) by extensions ['colcon_pkg']
[0.405s] Level 1:colcon.colcon_core.package_identification:_identify(nav_ws_gazebo/src/gac_robot_task) by extension 'colcon_pkg'
[0.405s] Level 1:colcon.colcon_core.package_identification:_identify(nav_ws_gazebo/src/gac_robot_task) by extensions ['colcon_meta']
[0.405s] Level 1:colcon.colcon_core.package_identification:_identify(nav_ws_gazebo/src/gac_robot_task) by extension 'colcon_meta'
[0.405s] Level 1:colcon.colcon_core.package_identification:_identify(nav_ws_gazebo/src/gac_robot_task) by extensions ['ros']
[0.405s] Level 1:colcon.colcon_core.package_identification:_identify(nav_ws_gazebo/src/gac_robot_task) by extension 'ros'
[0.406s] DEBUG:colcon.colcon_core.package_identification:Package 'nav_ws_gazebo/src/gac_robot_task' with type 'ros.ament_cmake' and name 'gac_robot_task'
[0.406s] Level 1:colcon.colcon_core.package_identification:_identify(nav_ws_gazebo/src/gac_robot_task_py) by extensions ['ignore', 'ignore_ament_install']
[0.406s] Level 1:colcon.colcon_core.package_identification:_identify(nav_ws_gazebo/src/gac_robot_task_py) by extension 'ignore'
[0.406s] Level 1:colcon.colcon_core.package_identification:_identify(nav_ws_gazebo/src/gac_robot_task_py) by extension 'ignore_ament_install'
[0.406s] Level 1:colcon.colcon_core.package_identification:_identify(nav_ws_gazebo/src/gac_robot_task_py) by extensions ['colcon_pkg']
[0.406s] Level 1:colcon.colcon_core.package_identification:_identify(nav_ws_gazebo/src/gac_robot_task_py) by extension 'colcon_pkg'
[0.406s] Level 1:colcon.colcon_core.package_identification:_identify(nav_ws_gazebo/src/gac_robot_task_py) by extensions ['colcon_meta']
[0.406s] Level 1:colcon.colcon_core.package_identification:_identify(nav_ws_gazebo/src/gac_robot_task_py) by extension 'colcon_meta'
[0.406s] Level 1:colcon.colcon_core.package_identification:_identify(nav_ws_gazebo/src/gac_robot_task_py) by extensions ['ros']
[0.407s] Level 1:colcon.colcon_core.package_identification:_identify(nav_ws_gazebo/src/gac_robot_task_py) by extension 'ros'
[0.407s] DEBUG:colcon.colcon_core.package_identification:Package 'nav_ws_gazebo/src/gac_robot_task_py' with type 'ros.ament_python' and name 'gac_robot_task_py'
[0.407s] Level 1:colcon.colcon_core.package_identification:_identify(nav_ws_gazebo/src/laser_odom_transformer) by extensions ['ignore', 'ignore_ament_install']
[0.407s] Level 1:colcon.colcon_core.package_identification:_identify(nav_ws_gazebo/src/laser_odom_transformer) by extension 'ignore'
[0.407s] Level 1:colcon.colcon_core.package_identification:_identify(nav_ws_gazebo/src/laser_odom_transformer) by extension 'ignore_ament_install'
[0.407s] Level 1:colcon.colcon_core.package_identification:_identify(nav_ws_gazebo/src/laser_odom_transformer) by extensions ['colcon_pkg']
[0.407s] Level 1:colcon.colcon_core.package_identification:_identify(nav_ws_gazebo/src/laser_odom_transformer) by extension 'colcon_pkg'
[0.407s] Level 1:colcon.colcon_core.package_identification:_identify(nav_ws_gazebo/src/laser_odom_transformer) by extensions ['colcon_meta']
[0.407s] Level 1:colcon.colcon_core.package_identification:_identify(nav_ws_gazebo/src/laser_odom_transformer) by extension 'colcon_meta'
[0.408s] Level 1:colcon.colcon_core.package_identification:_identify(nav_ws_gazebo/src/laser_odom_transformer) by extensions ['ros']
[0.408s] Level 1:colcon.colcon_core.package_identification:_identify(nav_ws_gazebo/src/laser_odom_transformer) by extension 'ros'
[0.408s] DEBUG:colcon.colcon_core.package_identification:Package 'nav_ws_gazebo/src/laser_odom_transformer' with type 'ros.ament_cmake' and name 'laser_odom_transformer'
[0.408s] Level 1:colcon.colcon_core.package_identification:_identify(nav_ws_gazebo/src/mqtt_nav_control_cpp) by extensions ['ignore', 'ignore_ament_install']
[0.408s] Level 1:colcon.colcon_core.package_identification:_identify(nav_ws_gazebo/src/mqtt_nav_control_cpp) by extension 'ignore'
[0.408s] Level 1:colcon.colcon_core.package_identification:_identify(nav_ws_gazebo/src/mqtt_nav_control_cpp) by extension 'ignore_ament_install'
[0.408s] Level 1:colcon.colcon_core.package_identification:_identify(nav_ws_gazebo/src/mqtt_nav_control_cpp) by extensions ['colcon_pkg']
[0.408s] Level 1:colcon.colcon_core.package_identification:_identify(nav_ws_gazebo/src/mqtt_nav_control_cpp) by extension 'colcon_pkg'
[0.408s] Level 1:colcon.colcon_core.package_identification:_identify(nav_ws_gazebo/src/mqtt_nav_control_cpp) by extensions ['colcon_meta']
[0.408s] Level 1:colcon.colcon_core.package_identification:_identify(nav_ws_gazebo/src/mqtt_nav_control_cpp) by extension 'colcon_meta'
[0.408s] Level 1:colcon.colcon_core.package_identification:_identify(nav_ws_gazebo/src/mqtt_nav_control_cpp) by extensions ['ros']
[0.408s] Level 1:colcon.colcon_core.package_identification:_identify(nav_ws_gazebo/src/mqtt_nav_control_cpp) by extension 'ros'
[0.409s] DEBUG:colcon.colcon_core.package_identification:Package 'nav_ws_gazebo/src/mqtt_nav_control_cpp' with type 'ros.ament_cmake' and name 'mqtt_nav_control_cpp'
[0.409s] Level 1:colcon.colcon_core.package_identification:_identify(nav_ws_gazebo/src/nav_status_bridge) by extensions ['ignore', 'ignore_ament_install']
[0.409s] Level 1:colcon.colcon_core.package_identification:_identify(nav_ws_gazebo/src/nav_status_bridge) by extension 'ignore'
[0.409s] Level 1:colcon.colcon_core.package_identification:_identify(nav_ws_gazebo/src/nav_status_bridge) by extension 'ignore_ament_install'
[0.409s] Level 1:colcon.colcon_core.package_identification:_identify(nav_ws_gazebo/src/nav_status_bridge) by extensions ['colcon_pkg']
[0.409s] Level 1:colcon.colcon_core.package_identification:_identify(nav_ws_gazebo/src/nav_status_bridge) by extension 'colcon_pkg'
[0.409s] Level 1:colcon.colcon_core.package_identification:_identify(nav_ws_gazebo/src/nav_status_bridge) by extensions ['colcon_meta']
[0.409s] Level 1:colcon.colcon_core.package_identification:_identify(nav_ws_gazebo/src/nav_status_bridge) by extension 'colcon_meta'
[0.409s] Level 1:colcon.colcon_core.package_identification:_identify(nav_ws_gazebo/src/nav_status_bridge) by extensions ['ros']
[0.409s] Level 1:colcon.colcon_core.package_identification:_identify(nav_ws_gazebo/src/nav_status_bridge) by extension 'ros'
[0.410s] DEBUG:colcon.colcon_core.package_identification:Package 'nav_ws_gazebo/src/nav_status_bridge' with type 'ros.ament_cmake' and name 'nav_status_bridge'
[0.410s] Level 1:colcon.colcon_core.package_identification:_identify(nav_ws_gazebo/src/record_path) by extensions ['ignore', 'ignore_ament_install']
[0.410s] Level 1:colcon.colcon_core.package_identification:_identify(nav_ws_gazebo/src/record_path) by extension 'ignore'
[0.410s] Level 1:colcon.colcon_core.package_identification:_identify(nav_ws_gazebo/src/record_path) by extension 'ignore_ament_install'
[0.410s] Level 1:colcon.colcon_core.package_identification:_identify(nav_ws_gazebo/src/record_path) by extensions ['colcon_pkg']
[0.410s] Level 1:colcon.colcon_core.package_identification:_identify(nav_ws_gazebo/src/record_path) by extension 'colcon_pkg'
[0.410s] Level 1:colcon.colcon_core.package_identification:_identify(nav_ws_gazebo/src/record_path) by extensions ['colcon_meta']
[0.410s] Level 1:colcon.colcon_core.package_identification:_identify(nav_ws_gazebo/src/record_path) by extension 'colcon_meta'
[0.410s] Level 1:colcon.colcon_core.package_identification:_identify(nav_ws_gazebo/src/record_path) by extensions ['ros']
[0.411s] Level 1:colcon.colcon_core.package_identification:_identify(nav_ws_gazebo/src/record_path) by extension 'ros'
[0.411s] DEBUG:colcon.colcon_core.package_identification:Package 'nav_ws_gazebo/src/record_path' with type 'ros.ament_cmake' and name 'record_path'
[0.411s] Level 1:colcon.colcon_core.package_identification:_identify(nav_ws_gazebo/src/road_network_collection_py) by extensions ['ignore', 'ignore_ament_install']
[0.412s] Level 1:colcon.colcon_core.package_identification:_identify(nav_ws_gazebo/src/road_network_collection_py) by extension 'ignore'
[0.412s] Level 1:colcon.colcon_core.package_identification:_identify(nav_ws_gazebo/src/road_network_collection_py) by extension 'ignore_ament_install'
[0.412s] Level 1:colcon.colcon_core.package_identification:_identify(nav_ws_gazebo/src/road_network_collection_py) by extensions ['colcon_pkg']
[0.412s] Level 1:colcon.colcon_core.package_identification:_identify(nav_ws_gazebo/src/road_network_collection_py) by extension 'colcon_pkg'
[0.412s] Level 1:colcon.colcon_core.package_identification:_identify(nav_ws_gazebo/src/road_network_collection_py) by extensions ['colcon_meta']
[0.412s] Level 1:colcon.colcon_core.package_identification:_identify(nav_ws_gazebo/src/road_network_collection_py) by extension 'colcon_meta'
[0.412s] Level 1:colcon.colcon_core.package_identification:_identify(nav_ws_gazebo/src/road_network_collection_py) by extensions ['ros']
[0.412s] Level 1:colcon.colcon_core.package_identification:_identify(nav_ws_gazebo/src/road_network_collection_py) by extension 'ros'
[0.413s] DEBUG:colcon.colcon_core.package_identification:Package 'nav_ws_gazebo/src/road_network_collection_py' with type 'ros.ament_python' and name 'road_network_collection_py'
[0.413s] Level 1:colcon.colcon_core.package_identification:_identify(nav_ws_gazebo/src/robot_navigation) by extensions ['ignore', 'ignore_ament_install']
[0.413s] Level 1:colcon.colcon_core.package_identification:_identify(nav_ws_gazebo/src/robot_navigation) by extension 'ignore'
[0.413s] Level 1:colcon.colcon_core.package_identification:_identify(nav_ws_gazebo/src/robot_navigation) by extension 'ignore_ament_install'
[0.413s] Level 1:colcon.colcon_core.package_identification:_identify(nav_ws_gazebo/src/robot_navigation) by extensions ['colcon_pkg']
[0.413s] Level 1:colcon.colcon_core.package_identification:_identify(nav_ws_gazebo/src/robot_navigation) by extension 'colcon_pkg'
[0.413s] Level 1:colcon.colcon_core.package_identification:_identify(nav_ws_gazebo/src/robot_navigation) by extensions ['colcon_meta']
[0.413s] Level 1:colcon.colcon_core.package_identification:_identify(nav_ws_gazebo/src/robot_navigation) by extension 'colcon_meta'
[0.413s] Level 1:colcon.colcon_core.package_identification:_identify(nav_ws_gazebo/src/robot_navigation) by extensions ['ros']
[0.413s] Level 1:colcon.colcon_core.package_identification:_identify(nav_ws_gazebo/src/robot_navigation) by extension 'ros'
[0.414s] DEBUG:colcon.colcon_core.package_identification:Package 'nav_ws_gazebo/src/robot_navigation' with type 'ros.ament_python' and name 'robot_navigation'
[0.414s] Level 1:colcon.colcon_core.package_identification:_identify(sim) by extensions ['ignore', 'ignore_ament_install']
[0.414s] Level 1:colcon.colcon_core.package_identification:_identify(sim) by extension 'ignore'
[0.414s] Level 1:colcon.colcon_core.package_identification:_identify(sim) by extension 'ignore_ament_install'
[0.414s] Level 1:colcon.colcon_core.package_identification:_identify(sim) by extensions ['colcon_pkg']
[0.414s] Level 1:colcon.colcon_core.package_identification:_identify(sim) by extension 'colcon_pkg'
[0.414s] Level 1:colcon.colcon_core.package_identification:_identify(sim) by extensions ['colcon_meta']
[0.414s] Level 1:colcon.colcon_core.package_identification:_identify(sim) by extension 'colcon_meta'
[0.414s] Level 1:colcon.colcon_core.package_identification:_identify(sim) by extensions ['ros']
[0.414s] Level 1:colcon.colcon_core.package_identification:_identify(sim) by extension 'ros'
[0.414s] Level 1:colcon.colcon_core.package_identification:_identify(sim) by extensions ['cmake', 'python']
[0.414s] Level 1:colcon.colcon_core.package_identification:_identify(sim) by extension 'cmake'
[0.414s] Level 1:colcon.colcon_core.package_identification:_identify(sim) by extension 'python'
[0.414s] Level 1:colcon.colcon_core.package_identification:_identify(sim) by extensions ['python_setup_py']
[0.414s] Level 1:colcon.colcon_core.package_identification:_identify(sim) by extension 'python_setup_py'
[0.414s] Level 1:colcon.colcon_core.package_identification:_identify(sim/build) by extensions ['ignore', 'ignore_ament_install']
[0.415s] Level 1:colcon.colcon_core.package_identification:_identify(sim/build) by extension 'ignore'
[0.415s] Level 1:colcon.colcon_core.package_identification:_identify(sim/build) ignored
[0.415s] Level 1:colcon.colcon_core.package_identification:_identify(sim/defender_3a) by extensions ['ignore', 'ignore_ament_install']
[0.415s] Level 1:colcon.colcon_core.package_identification:_identify(sim/defender_3a) by extension 'ignore'
[0.415s] Level 1:colcon.colcon_core.package_identification:_identify(sim/defender_3a) by extension 'ignore_ament_install'
[0.415s] Level 1:colcon.colcon_core.package_identification:_identify(sim/defender_3a) by extensions ['colcon_pkg']
[0.415s] Level 1:colcon.colcon_core.package_identification:_identify(sim/defender_3a) by extension 'colcon_pkg'
[0.415s] Level 1:colcon.colcon_core.package_identification:_identify(sim/defender_3a) by extensions ['colcon_meta']
[0.415s] Level 1:colcon.colcon_core.package_identification:_identify(sim/defender_3a) by extension 'colcon_meta'
[0.415s] Level 1:colcon.colcon_core.package_identification:_identify(sim/defender_3a) by extensions ['ros']
[0.415s] Level 1:colcon.colcon_core.package_identification:_identify(sim/defender_3a) by extension 'ros'
[0.415s] DEBUG:colcon.colcon_core.package_identification:Package 'sim/defender_3a' with type 'ros.ament_cmake' and name 'defender_3a'
[0.415s] Level 1:colcon.colcon_core.package_identification:_identify(sim/install) by extensions ['ignore', 'ignore_ament_install']
[0.416s] Level 1:colcon.colcon_core.package_identification:_identify(sim/install) by extension 'ignore'
[0.416s] Level 1:colcon.colcon_core.package_identification:_identify(sim/install) ignored
[0.416s] Level 1:colcon.colcon_core.package_identification:_identify(sim/log) by extensions ['ignore', 'ignore_ament_install']
[0.416s] Level 1:colcon.colcon_core.package_identification:_identify(sim/log) by extension 'ignore'
[0.416s] Level 1:colcon.colcon_core.package_identification:_identify(sim/log) ignored
[0.416s] Level 1:colcon.colcon_core.package_identification:_identify(sim/robot_relate) by extensions ['ignore', 'ignore_ament_install']
[0.416s] Level 1:colcon.colcon_core.package_identification:_identify(sim/robot_relate) by extension 'ignore'
[0.416s] Level 1:colcon.colcon_core.package_identification:_identify(sim/robot_relate) by extension 'ignore_ament_install'
[0.416s] Level 1:colcon.colcon_core.package_identification:_identify(sim/robot_relate) by extensions ['colcon_pkg']
[0.416s] Level 1:colcon.colcon_core.package_identification:_identify(sim/robot_relate) by extension 'colcon_pkg'
[0.416s] Level 1:colcon.colcon_core.package_identification:_identify(sim/robot_relate) by extensions ['colcon_meta']
[0.416s] Level 1:colcon.colcon_core.package_identification:_identify(sim/robot_relate) by extension 'colcon_meta'
[0.416s] Level 1:colcon.colcon_core.package_identification:_identify(sim/robot_relate) by extensions ['ros']
[0.416s] Level 1:colcon.colcon_core.package_identification:_identify(sim/robot_relate) by extension 'ros'
[0.417s] DEBUG:colcon.colcon_core.package_identification:Package 'sim/robot_relate' with type 'ros.ament_cmake' and name 'robot_relate'
[0.417s] Level 1:colcon.colcon_core.package_identification:_identify(sim/robot_relate_python) by extensions ['ignore', 'ignore_ament_install']
[0.417s] Level 1:colcon.colcon_core.package_identification:_identify(sim/robot_relate_python) by extension 'ignore'
[0.417s] Level 1:colcon.colcon_core.package_identification:_identify(sim/robot_relate_python) by extension 'ignore_ament_install'
[0.417s] Level 1:colcon.colcon_core.package_identification:_identify(sim/robot_relate_python) by extensions ['colcon_pkg']
[0.417s] Level 1:colcon.colcon_core.package_identification:_identify(sim/robot_relate_python) by extension 'colcon_pkg'
[0.417s] Level 1:colcon.colcon_core.package_identification:_identify(sim/robot_relate_python) by extensions ['colcon_meta']
[0.417s] Level 1:colcon.colcon_core.package_identification:_identify(sim/robot_relate_python) by extension 'colcon_meta'
[0.417s] Level 1:colcon.colcon_core.package_identification:_identify(sim/robot_relate_python) by extensions ['ros']
[0.417s] Level 1:colcon.colcon_core.package_identification:_identify(sim/robot_relate_python) by extension 'ros'
[0.418s] DEBUG:colcon.colcon_core.package_identification:Package 'sim/robot_relate_python' with type 'ros.ament_python' and name 'robot_relate_python'
[0.418s] Level 1:colcon.colcon_core.package_identification:_identify(sim/sim_amcl_bringup) by extensions ['ignore', 'ignore_ament_install']
[0.418s] Level 1:colcon.colcon_core.package_identification:_identify(sim/sim_amcl_bringup) by extension 'ignore'
[0.418s] Level 1:colcon.colcon_core.package_identification:_identify(sim/sim_amcl_bringup) by extension 'ignore_ament_install'
[0.418s] Level 1:colcon.colcon_core.package_identification:_identify(sim/sim_amcl_bringup) by extensions ['colcon_pkg']
[0.418s] Level 1:colcon.colcon_core.package_identification:_identify(sim/sim_amcl_bringup) by extension 'colcon_pkg'
[0.418s] Level 1:colcon.colcon_core.package_identification:_identify(sim/sim_amcl_bringup) by extensions ['colcon_meta']
[0.418s] Level 1:colcon.colcon_core.package_identification:_identify(sim/sim_amcl_bringup) by extension 'colcon_meta'
[0.418s] Level 1:colcon.colcon_core.package_identification:_identify(sim/sim_amcl_bringup) by extensions ['ros']
[0.418s] Level 1:colcon.colcon_core.package_identification:_identify(sim/sim_amcl_bringup) by extension 'ros'
[0.419s] DEBUG:colcon.colcon_core.package_identification:Package 'sim/sim_amcl_bringup' with type 'ros.ament_cmake' and name 'sim_amcl_bringup'
[0.419s] Level 1:colcon.colcon_core.package_identification:_identify(vizanti_server) by extensions ['ignore', 'ignore_ament_install']
[0.419s] Level 1:colcon.colcon_core.package_identification:_identify(vizanti_server) by extension 'ignore'
[0.419s] Level 1:colcon.colcon_core.package_identification:_identify(vizanti_server) by extension 'ignore_ament_install'
[0.419s] Level 1:colcon.colcon_core.package_identification:_identify(vizanti_server) by extensions ['colcon_pkg']
[0.419s] Level 1:colcon.colcon_core.package_identification:_identify(vizanti_server) by extension 'colcon_pkg'
[0.419s] Level 1:colcon.colcon_core.package_identification:_identify(vizanti_server) by extensions ['colcon_meta']
[0.419s] Level 1:colcon.colcon_core.package_identification:_identify(vizanti_server) by extension 'colcon_meta'
[0.419s] Level 1:colcon.colcon_core.package_identification:_identify(vizanti_server) by extensions ['ros']
[0.419s] Level 1:colcon.colcon_core.package_identification:_identify(vizanti_server) by extension 'ros'
[0.419s] Level 1:colcon.colcon_core.package_identification:_identify(vizanti_server) by extensions ['cmake', 'python']
[0.419s] Level 1:colcon.colcon_core.package_identification:_identify(vizanti_server) by extension 'cmake'
[0.419s] Level 1:colcon.colcon_core.package_identification:_identify(vizanti_server) by extension 'python'
[0.419s] Level 1:colcon.colcon_core.package_identification:_identify(vizanti_server) by extensions ['python_setup_py']
[0.419s] Level 1:colcon.colcon_core.package_identification:_identify(vizanti_server) by extension 'python_setup_py'
[0.419s] Level 1:colcon.colcon_core.package_identification:_identify(vizanti_server/cicd) by extensions ['ignore', 'ignore_ament_install']
[0.419s] Level 1:colcon.colcon_core.package_identification:_identify(vizanti_server/cicd) by extension 'ignore'
[0.419s] Level 1:colcon.colcon_core.package_identification:_identify(vizanti_server/cicd) by extension 'ignore_ament_install'
[0.419s] Level 1:colcon.colcon_core.package_identification:_identify(vizanti_server/cicd) by extensions ['colcon_pkg']
[0.419s] Level 1:colcon.colcon_core.package_identification:_identify(vizanti_server/cicd) by extension 'colcon_pkg'
[0.420s] Level 1:colcon.colcon_core.package_identification:_identify(vizanti_server/cicd) by extensions ['colcon_meta']
[0.420s] Level 1:colcon.colcon_core.package_identification:_identify(vizanti_server/cicd) by extension 'colcon_meta'
[0.420s] Level 1:colcon.colcon_core.package_identification:_identify(vizanti_server/cicd) by extensions ['ros']
[0.420s] Level 1:colcon.colcon_core.package_identification:_identify(vizanti_server/cicd) by extension 'ros'
[0.420s] Level 1:colcon.colcon_core.package_identification:_identify(vizanti_server/cicd) by extensions ['cmake', 'python']
[0.420s] Level 1:colcon.colcon_core.package_identification:_identify(vizanti_server/cicd) by extension 'cmake'
[0.420s] Level 1:colcon.colcon_core.package_identification:_identify(vizanti_server/cicd) by extension 'python'
[0.420s] Level 1:colcon.colcon_core.package_identification:_identify(vizanti_server/cicd) by extensions ['python_setup_py']
[0.420s] Level 1:colcon.colcon_core.package_identification:_identify(vizanti_server/cicd) by extension 'python_setup_py'
[0.420s] Level 1:colcon.colcon_core.package_identification:_identify(vizanti_server/cicd/devops) by extensions ['ignore', 'ignore_ament_install']
[0.420s] Level 1:colcon.colcon_core.package_identification:_identify(vizanti_server/cicd/devops) by extension 'ignore'
[0.420s] Level 1:colcon.colcon_core.package_identification:_identify(vizanti_server/cicd/devops) by extension 'ignore_ament_install'
[0.420s] Level 1:colcon.colcon_core.package_identification:_identify(vizanti_server/cicd/devops) by extensions ['colcon_pkg']
[0.420s] Level 1:colcon.colcon_core.package_identification:_identify(vizanti_server/cicd/devops) by extension 'colcon_pkg'
[0.420s] Level 1:colcon.colcon_core.package_identification:_identify(vizanti_server/cicd/devops) by extensions ['colcon_meta']
[0.420s] Level 1:colcon.colcon_core.package_identification:_identify(vizanti_server/cicd/devops) by extension 'colcon_meta'
[0.420s] Level 1:colcon.colcon_core.package_identification:_identify(vizanti_server/cicd/devops) by extensions ['ros']
[0.420s] Level 1:colcon.colcon_core.package_identification:_identify(vizanti_server/cicd/devops) by extension 'ros'
[0.420s] Level 1:colcon.colcon_core.package_identification:_identify(vizanti_server/cicd/devops) by extensions ['cmake', 'python']
[0.420s] Level 1:colcon.colcon_core.package_identification:_identify(vizanti_server/cicd/devops) by extension 'cmake'
[0.420s] Level 1:colcon.colcon_core.package_identification:_identify(vizanti_server/cicd/devops) by extension 'python'
[0.420s] Level 1:colcon.colcon_core.package_identification:_identify(vizanti_server/cicd/devops) by extensions ['python_setup_py']
[0.420s] Level 1:colcon.colcon_core.package_identification:_identify(vizanti_server/cicd/devops) by extension 'python_setup_py'
[0.420s] Level 1:colcon.colcon_core.package_identification:_identify(vizanti_server/cicd/devops/DEBIAN) by extensions ['ignore', 'ignore_ament_install']
[0.420s] Level 1:colcon.colcon_core.package_identification:_identify(vizanti_server/cicd/devops/DEBIAN) by extension 'ignore'
[0.420s] Level 1:colcon.colcon_core.package_identification:_identify(vizanti_server/cicd/devops/DEBIAN) by extension 'ignore_ament_install'
[0.420s] Level 1:colcon.colcon_core.package_identification:_identify(vizanti_server/cicd/devops/DEBIAN) by extensions ['colcon_pkg']
[0.420s] Level 1:colcon.colcon_core.package_identification:_identify(vizanti_server/cicd/devops/DEBIAN) by extension 'colcon_pkg'
[0.421s] Level 1:colcon.colcon_core.package_identification:_identify(vizanti_server/cicd/devops/DEBIAN) by extensions ['colcon_meta']
[0.421s] Level 1:colcon.colcon_core.package_identification:_identify(vizanti_server/cicd/devops/DEBIAN) by extension 'colcon_meta'
[0.421s] Level 1:colcon.colcon_core.package_identification:_identify(vizanti_server/cicd/devops/DEBIAN) by extensions ['ros']
[0.421s] Level 1:colcon.colcon_core.package_identification:_identify(vizanti_server/cicd/devops/DEBIAN) by extension 'ros'
[0.421s] Level 1:colcon.colcon_core.package_identification:_identify(vizanti_server/cicd/devops/DEBIAN) by extensions ['cmake', 'python']
[0.421s] Level 1:colcon.colcon_core.package_identification:_identify(vizanti_server/cicd/devops/DEBIAN) by extension 'cmake'
[0.421s] Level 1:colcon.colcon_core.package_identification:_identify(vizanti_server/cicd/devops/DEBIAN) by extension 'python'
[0.421s] Level 1:colcon.colcon_core.package_identification:_identify(vizanti_server/cicd/devops/DEBIAN) by extensions ['python_setup_py']
[0.421s] Level 1:colcon.colcon_core.package_identification:_identify(vizanti_server/cicd/devops/DEBIAN) by extension 'python_setup_py'
[0.421s] Level 1:colcon.colcon_core.package_identification:_identify(vizanti_server/src) by extensions ['ignore', 'ignore_ament_install']
[0.421s] Level 1:colcon.colcon_core.package_identification:_identify(vizanti_server/src) by extension 'ignore'
[0.421s] Level 1:colcon.colcon_core.package_identification:_identify(vizanti_server/src) by extension 'ignore_ament_install'
[0.421s] Level 1:colcon.colcon_core.package_identification:_identify(vizanti_server/src) by extensions ['colcon_pkg']
[0.421s] Level 1:colcon.colcon_core.package_identification:_identify(vizanti_server/src) by extension 'colcon_pkg'
[0.421s] Level 1:colcon.colcon_core.package_identification:_identify(vizanti_server/src) by extensions ['colcon_meta']
[0.421s] Level 1:colcon.colcon_core.package_identification:_identify(vizanti_server/src) by extension 'colcon_meta'
[0.421s] Level 1:colcon.colcon_core.package_identification:_identify(vizanti_server/src) by extensions ['ros']
[0.421s] Level 1:colcon.colcon_core.package_identification:_identify(vizanti_server/src) by extension 'ros'
[0.421s] Level 1:colcon.colcon_core.package_identification:_identify(vizanti_server/src) by extensions ['cmake', 'python']
[0.421s] Level 1:colcon.colcon_core.package_identification:_identify(vizanti_server/src) by extension 'cmake'
[0.421s] Level 1:colcon.colcon_core.package_identification:_identify(vizanti_server/src) by extension 'python'
[0.421s] Level 1:colcon.colcon_core.package_identification:_identify(vizanti_server/src) by extensions ['python_setup_py']
[0.421s] Level 1:colcon.colcon_core.package_identification:_identify(vizanti_server/src) by extension 'python_setup_py'
[0.421s] Level 1:colcon.colcon_core.package_identification:_identify(vizanti_server/src/rws) by extensions ['ignore', 'ignore_ament_install']
[0.421s] Level 1:colcon.colcon_core.package_identification:_identify(vizanti_server/src/rws) by extension 'ignore'
[0.422s] Level 1:colcon.colcon_core.package_identification:_identify(vizanti_server/src/rws) by extension 'ignore_ament_install'
[0.422s] Level 1:colcon.colcon_core.package_identification:_identify(vizanti_server/src/rws) by extensions ['colcon_pkg']
[0.422s] Level 1:colcon.colcon_core.package_identification:_identify(vizanti_server/src/rws) by extension 'colcon_pkg'
[0.422s] Level 1:colcon.colcon_core.package_identification:_identify(vizanti_server/src/rws) by extensions ['colcon_meta']
[0.422s] Level 1:colcon.colcon_core.package_identification:_identify(vizanti_server/src/rws) by extension 'colcon_meta'
[0.422s] Level 1:colcon.colcon_core.package_identification:_identify(vizanti_server/src/rws) by extensions ['ros']
[0.422s] Level 1:colcon.colcon_core.package_identification:_identify(vizanti_server/src/rws) by extension 'ros'
[0.422s] DEBUG:colcon.colcon_core.package_identification:Package 'vizanti_server/src/rws' with type 'ros.ament_cmake' and name 'rws'
[0.422s] Level 1:colcon.colcon_core.package_identification:_identify(vizanti_server/src/vizanti) by extensions ['ignore', 'ignore_ament_install']
[0.422s] Level 1:colcon.colcon_core.package_identification:_identify(vizanti_server/src/vizanti) by extension 'ignore'
[0.423s] Level 1:colcon.colcon_core.package_identification:_identify(vizanti_server/src/vizanti) by extension 'ignore_ament_install'
[0.423s] Level 1:colcon.colcon_core.package_identification:_identify(vizanti_server/src/vizanti) by extensions ['colcon_pkg']
[0.423s] Level 1:colcon.colcon_core.package_identification:_identify(vizanti_server/src/vizanti) by extension 'colcon_pkg'
[0.423s] Level 1:colcon.colcon_core.package_identification:_identify(vizanti_server/src/vizanti) by extensions ['colcon_meta']
[0.423s] Level 1:colcon.colcon_core.package_identification:_identify(vizanti_server/src/vizanti) by extension 'colcon_meta'
[0.423s] Level 1:colcon.colcon_core.package_identification:_identify(vizanti_server/src/vizanti) by extensions ['ros']
[0.423s] Level 1:colcon.colcon_core.package_identification:_identify(vizanti_server/src/vizanti) by extension 'ros'
[0.423s] Level 1:colcon.colcon_core.package_identification:_identify(vizanti_server/src/vizanti) by extensions ['cmake', 'python']
[0.423s] Level 1:colcon.colcon_core.package_identification:_identify(vizanti_server/src/vizanti) by extension 'cmake'
[0.423s] Level 1:colcon.colcon_core.package_identification:_identify(vizanti_server/src/vizanti) by extension 'python'
[0.423s] Level 1:colcon.colcon_core.package_identification:_identify(vizanti_server/src/vizanti) by extensions ['python_setup_py']
[0.423s] Level 1:colcon.colcon_core.package_identification:_identify(vizanti_server/src/vizanti) by extension 'python_setup_py'
[0.423s] Level 1:colcon.colcon_core.package_identification:_identify(vizanti_server/src/vizanti/docker) by extensions ['ignore', 'ignore_ament_install']
[0.423s] Level 1:colcon.colcon_core.package_identification:_identify(vizanti_server/src/vizanti/docker) by extension 'ignore'
[0.423s] Level 1:colcon.colcon_core.package_identification:_identify(vizanti_server/src/vizanti/docker) by extension 'ignore_ament_install'
[0.423s] Level 1:colcon.colcon_core.package_identification:_identify(vizanti_server/src/vizanti/docker) by extensions ['colcon_pkg']
[0.423s] Level 1:colcon.colcon_core.package_identification:_identify(vizanti_server/src/vizanti/docker) by extension 'colcon_pkg'
[0.423s] Level 1:colcon.colcon_core.package_identification:_identify(vizanti_server/src/vizanti/docker) by extensions ['colcon_meta']
[0.423s] Level 1:colcon.colcon_core.package_identification:_identify(vizanti_server/src/vizanti/docker) by extension 'colcon_meta'
[0.423s] Level 1:colcon.colcon_core.package_identification:_identify(vizanti_server/src/vizanti/docker) by extensions ['ros']
[0.423s] Level 1:colcon.colcon_core.package_identification:_identify(vizanti_server/src/vizanti/docker) by extension 'ros'
[0.423s] Level 1:colcon.colcon_core.package_identification:_identify(vizanti_server/src/vizanti/docker) by extensions ['cmake', 'python']
[0.423s] Level 1:colcon.colcon_core.package_identification:_identify(vizanti_server/src/vizanti/docker) by extension 'cmake'
[0.423s] Level 1:colcon.colcon_core.package_identification:_identify(vizanti_server/src/vizanti/docker) by extension 'python'
[0.423s] Level 1:colcon.colcon_core.package_identification:_identify(vizanti_server/src/vizanti/docker) by extensions ['python_setup_py']
[0.423s] Level 1:colcon.colcon_core.package_identification:_identify(vizanti_server/src/vizanti/docker) by extension 'python_setup_py'
[0.424s] Level 1:colcon.colcon_core.package_identification:_identify(vizanti_server/src/vizanti/vizanti) by extensions ['ignore', 'ignore_ament_install']
[0.424s] Level 1:colcon.colcon_core.package_identification:_identify(vizanti_server/src/vizanti/vizanti) by extension 'ignore'
[0.424s] Level 1:colcon.colcon_core.package_identification:_identify(vizanti_server/src/vizanti/vizanti) by extension 'ignore_ament_install'
[0.424s] Level 1:colcon.colcon_core.package_identification:_identify(vizanti_server/src/vizanti/vizanti) by extensions ['colcon_pkg']
[0.424s] Level 1:colcon.colcon_core.package_identification:_identify(vizanti_server/src/vizanti/vizanti) by extension 'colcon_pkg'
[0.424s] Level 1:colcon.colcon_core.package_identification:_identify(vizanti_server/src/vizanti/vizanti) by extensions ['colcon_meta']
[0.424s] Level 1:colcon.colcon_core.package_identification:_identify(vizanti_server/src/vizanti/vizanti) by extension 'colcon_meta'
[0.424s] Level 1:colcon.colcon_core.package_identification:_identify(vizanti_server/src/vizanti/vizanti) by extensions ['ros']
[0.424s] Level 1:colcon.colcon_core.package_identification:_identify(vizanti_server/src/vizanti/vizanti) by extension 'ros'
[0.425s] DEBUG:colcon.colcon_core.package_identification:Package 'vizanti_server/src/vizanti/vizanti' with type 'ros.ament_cmake' and name 'vizanti'
[0.425s] Level 1:colcon.colcon_core.package_identification:_identify(vizanti_server/src/vizanti/vizanti_cpp) by extensions ['ignore', 'ignore_ament_install']
[0.425s] Level 1:colcon.colcon_core.package_identification:_identify(vizanti_server/src/vizanti/vizanti_cpp) by extension 'ignore'
[0.425s] Level 1:colcon.colcon_core.package_identification:_identify(vizanti_server/src/vizanti/vizanti_cpp) by extension 'ignore_ament_install'
[0.425s] Level 1:colcon.colcon_core.package_identification:_identify(vizanti_server/src/vizanti/vizanti_cpp) by extensions ['colcon_pkg']
[0.425s] Level 1:colcon.colcon_core.package_identification:_identify(vizanti_server/src/vizanti/vizanti_cpp) by extension 'colcon_pkg'
[0.425s] Level 1:colcon.colcon_core.package_identification:_identify(vizanti_server/src/vizanti/vizanti_cpp) by extensions ['colcon_meta']
[0.425s] Level 1:colcon.colcon_core.package_identification:_identify(vizanti_server/src/vizanti/vizanti_cpp) by extension 'colcon_meta'
[0.425s] Level 1:colcon.colcon_core.package_identification:_identify(vizanti_server/src/vizanti/vizanti_cpp) by extensions ['ros']
[0.425s] Level 1:colcon.colcon_core.package_identification:_identify(vizanti_server/src/vizanti/vizanti_cpp) by extension 'ros'
[0.426s] DEBUG:colcon.colcon_core.package_identification:Package 'vizanti_server/src/vizanti/vizanti_cpp' with type 'ros.ament_cmake' and name 'vizanti_cpp'
[0.426s] Level 1:colcon.colcon_core.package_identification:_identify(vizanti_server/src/vizanti/vizanti_demos) by extensions ['ignore', 'ignore_ament_install']
[0.426s] Level 1:colcon.colcon_core.package_identification:_identify(vizanti_server/src/vizanti/vizanti_demos) by extension 'ignore'
[0.426s] Level 1:colcon.colcon_core.package_identification:_identify(vizanti_server/src/vizanti/vizanti_demos) by extension 'ignore_ament_install'
[0.426s] Level 1:colcon.colcon_core.package_identification:_identify(vizanti_server/src/vizanti/vizanti_demos) by extensions ['colcon_pkg']
[0.426s] Level 1:colcon.colcon_core.package_identification:_identify(vizanti_server/src/vizanti/vizanti_demos) by extension 'colcon_pkg'
[0.426s] Level 1:colcon.colcon_core.package_identification:_identify(vizanti_server/src/vizanti/vizanti_demos) by extensions ['colcon_meta']
[0.426s] Level 1:colcon.colcon_core.package_identification:_identify(vizanti_server/src/vizanti/vizanti_demos) by extension 'colcon_meta'
[0.426s] Level 1:colcon.colcon_core.package_identification:_identify(vizanti_server/src/vizanti/vizanti_demos) by extensions ['ros']
[0.426s] Level 1:colcon.colcon_core.package_identification:_identify(vizanti_server/src/vizanti/vizanti_demos) by extension 'ros'
[0.427s] DEBUG:colcon.colcon_core.package_identification:Package 'vizanti_server/src/vizanti/vizanti_demos' with type 'ros.ament_cmake' and name 'vizanti_demos'
[0.428s] Level 1:colcon.colcon_core.package_identification:_identify(vizanti_server/src/vizanti/vizanti_msgs) by extensions ['ignore', 'ignore_ament_install']
[0.428s] Level 1:colcon.colcon_core.package_identification:_identify(vizanti_server/src/vizanti/vizanti_msgs) by extension 'ignore'
[0.428s] Level 1:colcon.colcon_core.package_identification:_identify(vizanti_server/src/vizanti/vizanti_msgs) by extension 'ignore_ament_install'
[0.428s] Level 1:colcon.colcon_core.package_identification:_identify(vizanti_server/src/vizanti/vizanti_msgs) by extensions ['colcon_pkg']
[0.428s] Level 1:colcon.colcon_core.package_identification:_identify(vizanti_server/src/vizanti/vizanti_msgs) by extension 'colcon_pkg'
[0.428s] Level 1:colcon.colcon_core.package_identification:_identify(vizanti_server/src/vizanti/vizanti_msgs) by extensions ['colcon_meta']
[0.428s] Level 1:colcon.colcon_core.package_identification:_identify(vizanti_server/src/vizanti/vizanti_msgs) by extension 'colcon_meta'
[0.428s] Level 1:colcon.colcon_core.package_identification:_identify(vizanti_server/src/vizanti/vizanti_msgs) by extensions ['ros']
[0.428s] Level 1:colcon.colcon_core.package_identification:_identify(vizanti_server/src/vizanti/vizanti_msgs) by extension 'ros'
[0.429s] DEBUG:colcon.colcon_core.package_identification:Package 'vizanti_server/src/vizanti/vizanti_msgs' with type 'ros.ament_cmake' and name 'vizanti_msgs'
[0.429s] Level 1:colcon.colcon_core.package_identification:_identify(vizanti_server/src/vizanti/vizanti_server) by extensions ['ignore', 'ignore_ament_install']
[0.429s] Level 1:colcon.colcon_core.package_identification:_identify(vizanti_server/src/vizanti/vizanti_server) by extension 'ignore'
[0.429s] Level 1:colcon.colcon_core.package_identification:_identify(vizanti_server/src/vizanti/vizanti_server) by extension 'ignore_ament_install'
[0.429s] Level 1:colcon.colcon_core.package_identification:_identify(vizanti_server/src/vizanti/vizanti_server) by extensions ['colcon_pkg']
[0.429s] Level 1:colcon.colcon_core.package_identification:_identify(vizanti_server/src/vizanti/vizanti_server) by extension 'colcon_pkg'
[0.429s] Level 1:colcon.colcon_core.package_identification:_identify(vizanti_server/src/vizanti/vizanti_server) by extensions ['colcon_meta']
[0.429s] Level 1:colcon.colcon_core.package_identification:_identify(vizanti_server/src/vizanti/vizanti_server) by extension 'colcon_meta'
[0.429s] Level 1:colcon.colcon_core.package_identification:_identify(vizanti_server/src/vizanti/vizanti_server) by extensions ['ros']
[0.429s] Level 1:colcon.colcon_core.package_identification:_identify(vizanti_server/src/vizanti/vizanti_server) by extension 'ros'
[0.430s] DEBUG:colcon.colcon_core.package_identification:Package 'vizanti_server/src/vizanti/vizanti_server' with type 'ros.ament_cmake' and name 'vizanti_server'
[0.430s] Level 1:colcon.colcon_core.package_discovery:discover_packages(recursive) using defaults
[0.430s] Level 1:colcon.colcon_core.package_discovery:discover_packages(ignore) discover
[0.430s] Level 1:colcon.colcon_core.package_discovery:discover_packages(ignore) using defaults
[0.430s] Level 1:colcon.colcon_core.package_discovery:discover_packages(path) discover
[0.430s] Level 1:colcon.colcon_core.package_discovery:discover_packages(path) using defaults
[0.471s] INFO:colcon.colcon_core.package_selection:Skipping not selected package 'defender_3a' in 'sim/defender_3a'
[0.472s] INFO:colcon.colcon_core.package_selection:Skipping not selected package 'gac_nav2_voxel_grid' in 'nav_ws_gazebo/src/gac_navigation2/gac_nav2_voxel_grid'
[0.472s] INFO:colcon.colcon_core.package_selection:Skipping not selected package 'gac_robot_msgs' in 'nav_ws_gazebo/src/gac_robot_msgs'
[0.472s] INFO:colcon.colcon_core.package_selection:Skipping not selected package 'gac_robot_task' in 'nav_ws_gazebo/src/gac_robot_task'
[0.472s] INFO:colcon.colcon_core.package_selection:Skipping not selected package 'laser_odom_transformer' in 'nav_ws_gazebo/src/laser_odom_transformer'
[0.472s] INFO:colcon.colcon_core.package_selection:Skipping not selected package 'mqtt_nav_control_cpp' in 'nav_ws_gazebo/src/mqtt_nav_control_cpp'
[0.472s] INFO:colcon.colcon_core.package_selection:Skipping not selected package 'nav2_util' in 'nav_ws_gazebo/src/gac_navigation2/nav2_util'
[0.472s] INFO:colcon.colcon_core.package_selection:Skipping not selected package 'nav_2d_msgs' in 'nav_ws_gazebo/src/gac_navigation2/nav2_dwb_controller/nav_2d_msgs'
[0.472s] INFO:colcon.colcon_core.package_selection:Skipping not selected package 'record_path' in 'nav_ws_gazebo/src/record_path'
[0.472s] INFO:colcon.colcon_core.package_selection:Skipping not selected package 'robot_relate' in 'sim/robot_relate'
[0.472s] INFO:colcon.colcon_core.package_selection:Skipping not selected package 'robot_relate_python' in 'sim/robot_relate_python'
[0.472s] INFO:colcon.colcon_core.package_selection:Skipping not selected package 'rws' in 'vizanti_server/src/rws'
[0.472s] INFO:colcon.colcon_core.package_selection:Skipping not selected package 'vizanti_cpp' in 'vizanti_server/src/vizanti/vizanti_cpp'
[0.472s] INFO:colcon.colcon_core.package_selection:Skipping not selected package 'vizanti_msgs' in 'vizanti_server/src/vizanti/vizanti_msgs'
[0.472s] INFO:colcon.colcon_core.package_selection:Skipping not selected package 'dwb_msgs' in 'nav_ws_gazebo/src/gac_navigation2/nav2_dwb_controller/dwb_msgs'
[0.472s] INFO:colcon.colcon_core.package_selection:Skipping not selected package 'gac_nav2_behavior_tree' in 'nav_ws_gazebo/src/gac_navigation2/gac_nav2_behavior_tree'
[0.472s] INFO:colcon.colcon_core.package_selection:Skipping not selected package 'gac_nav2_velocity_smoother' in 'nav_ws_gazebo/src/gac_navigation2/gac_nav2_velocity_smoother'
[0.472s] INFO:colcon.colcon_core.package_selection:Skipping not selected package 'gac_robot_task_py' in 'nav_ws_gazebo/src/gac_robot_task_py'
[0.472s] INFO:colcon.colcon_core.package_selection:Skipping not selected package 'nav2_lifecycle_manager' in 'nav_ws_gazebo/src/gac_navigation2/nav2_lifecycle_manager'
[0.472s] INFO:colcon.colcon_core.package_selection:Skipping not selected package 'nav2_map_server' in 'nav_ws_gazebo/src/gac_navigation2/nav2_map_server'
[0.472s] INFO:colcon.colcon_core.package_selection:Skipping not selected package 'nav_2d_utils' in 'nav_ws_gazebo/src/gac_navigation2/nav2_dwb_controller/nav_2d_utils'
[0.472s] INFO:colcon.colcon_core.package_selection:Skipping not selected package 'road_network_collection_py' in 'nav_ws_gazebo/src/road_network_collection_py'
[0.472s] INFO:colcon.colcon_core.package_selection:Skipping not selected package 'robot_navigation' in 'nav_ws_gazebo/src/robot_navigation'
[0.472s] INFO:colcon.colcon_core.package_selection:Skipping not selected package 'vizanti_demos' in 'vizanti_server/src/vizanti/vizanti_demos'
[0.472s] INFO:colcon.colcon_core.package_selection:Skipping not selected package 'vizanti_server' in 'vizanti_server/src/vizanti/vizanti_server'
[0.472s] INFO:colcon.colcon_core.package_selection:Skipping not selected package 'gac_nav2_bringup' in 'nav_ws_gazebo/src/gac_navigation2/gac_nav2_bringup'
[0.472s] INFO:colcon.colcon_core.package_selection:Skipping not selected package 'gac_nav2_costmap_2d' in 'nav_ws_gazebo/src/gac_navigation2/gac_nav2_costmap_2d'
[0.472s] INFO:colcon.colcon_core.package_selection:Skipping not selected package 'nav2_keepout_pkg' in 'nav_ws_gazebo/src/gac_nav2_keepout_pkg'
[0.472s] INFO:colcon.colcon_core.package_selection:Skipping not selected package 'sim_amcl_bringup' in 'sim/sim_amcl_bringup'
[0.472s] INFO:colcon.colcon_core.package_selection:Skipping not selected package 'vizanti' in 'vizanti_server/src/vizanti/vizanti'
[0.472s] INFO:colcon.colcon_core.package_selection:Skipping not selected package 'costmap_queue' in 'nav_ws_gazebo/src/gac_navigation2/nav2_dwb_controller/costmap_queue'
[0.472s] INFO:colcon.colcon_core.package_selection:Skipping not selected package 'gac_nav2_collision_monitor' in 'nav_ws_gazebo/src/gac_navigation2/gac_nav2_collision_monitor'
[0.472s] INFO:colcon.colcon_core.package_selection:Skipping not selected package 'gac_nav2_core' in 'nav_ws_gazebo/src/gac_navigation2/gac_nav2_core'
[0.472s] INFO:colcon.colcon_core.package_selection:Skipping not selected package 'dwb_core' in 'nav_ws_gazebo/src/gac_navigation2/nav2_dwb_controller/dwb_core'
[0.472s] INFO:colcon.colcon_core.package_selection:Skipping not selected package 'gac_nav2_behaviors' in 'nav_ws_gazebo/src/gac_navigation2/gac_nav2_behaviors'
[0.472s] INFO:colcon.colcon_core.package_selection:Skipping not selected package 'gac_nav2_bt_navigator' in 'nav_ws_gazebo/src/gac_navigation2/gac_nav2_bt_navigator'
[0.472s] INFO:colcon.colcon_core.package_selection:Skipping not selected package 'gac_nav2_controller' in 'nav_ws_gazebo/src/gac_navigation2/gac_nav2_controller'
[0.472s] INFO:colcon.colcon_core.package_selection:Skipping not selected package 'gac_nav2_planner' in 'nav_ws_gazebo/src/gac_navigation2/gac_nav2_planner'
[0.472s] INFO:colcon.colcon_core.package_selection:Skipping not selected package 'gac_nav2_smoother' in 'nav_ws_gazebo/src/gac_navigation2/gac_nav2_smoother'
[0.472s] INFO:colcon.colcon_core.package_selection:Skipping not selected package 'gac_nav2_waypoint_follower' in 'nav_ws_gazebo/src/gac_navigation2/gac_nav2_waypoint_follower'
[0.473s] INFO:colcon.colcon_core.package_selection:Skipping not selected package 'nav2_fixed_path_route' in 'nav_ws_gazebo/src/gac_navigation2/nav2_fixed_path_route'
[0.473s] INFO:colcon.colcon_core.package_selection:Skipping not selected package 'nav2_mppi_controller' in 'nav_ws_gazebo/src/gac_navigation2/nav2_mppi_controller'
[0.473s] INFO:colcon.colcon_core.package_selection:Skipping not selected package 'nav2_navfn_planner' in 'nav_ws_gazebo/src/gac_navigation2/nav2_navfn_planner'
[0.473s] INFO:colcon.colcon_core.package_selection:Skipping not selected package 'nav2_rotation_shim_controller' in 'nav_ws_gazebo/src/gac_navigation2/nav2_rotation_shim_controller'
[0.473s] INFO:colcon.colcon_core.package_selection:Skipping not selected package 'nav2_smac_planner' in 'nav_ws_gazebo/src/gac_navigation2/nav2_smac_planner'
[0.473s] INFO:colcon.colcon_core.package_selection:Skipping not selected package 'nav2_theta_star_planner' in 'nav_ws_gazebo/src/gac_navigation2/nav2_theta_star_planner'
[0.473s] INFO:colcon.colcon_core.package_selection:Skipping not selected package 'dwb_critics' in 'nav_ws_gazebo/src/gac_navigation2/nav2_dwb_controller/dwb_critics'
[0.473s] INFO:colcon.colcon_core.package_selection:Skipping not selected package 'dwb_plugins' in 'nav_ws_gazebo/src/gac_navigation2/nav2_dwb_controller/dwb_plugins'
[0.473s] INFO:colcon.colcon_core.package_selection:Skipping not selected package 'gac_navigation2' in 'nav_ws_gazebo/src/gac_navigation2/gac_navigation2'
[0.473s] INFO:colcon.colcon_core.package_selection:Skipping not selected package 'nav2_graceful_controller' in 'nav_ws_gazebo/src/gac_navigation2/nav2_graceful_controller'
[0.473s] INFO:colcon.colcon_core.package_selection:Skipping not selected package 'nav2_regulated_pure_pursuit_controller' in 'nav_ws_gazebo/src/gac_navigation2/nav2_regulated_pure_pursuit_controller'
[0.473s] INFO:colcon.colcon_core.package_selection:Skipping not selected package 'nav2_dwb_controller' in 'nav_ws_gazebo/src/gac_navigation2/nav2_dwb_controller/nav2_dwb_controller'
[0.473s] Level 1:colcon.colcon_core.package_discovery:discover_packages(prefix_path) check parameters
[0.473s] Level 1:colcon.colcon_core.package_discovery:discover_packages(prefix_path) discover
[0.479s] DEBUG:colcon.colcon_installed_package_information.package_discovery:Found 39 installed packages in /home/zr/code/src/install
[0.481s] DEBUG:colcon.colcon_installed_package_information.package_discovery:Found 40 installed packages in /home/zr/code/test/nav2_ws/install
[0.485s] DEBUG:colcon.colcon_installed_package_information.package_discovery:Found 448 installed packages in /opt/ros/humble
[0.490s] Level 1:colcon.colcon_core.package_discovery:discover_packages(prefix_path) using defaults
[0.548s] Level 5:colcon.colcon_core.verb:set package 'nav_status_bridge' build argument 'cmake_args' from command line to 'None'
[0.548s] Level 5:colcon.colcon_core.verb:set package 'nav_status_bridge' build argument 'cmake_target' from command line to 'None'
[0.548s] Level 5:colcon.colcon_core.verb:set package 'nav_status_bridge' build argument 'cmake_target_skip_unavailable' from command line to 'False'
[0.548s] Level 5:colcon.colcon_core.verb:set package 'nav_status_bridge' build argument 'cmake_clean_cache' from command line to 'False'
[0.548s] Level 5:colcon.colcon_core.verb:set package 'nav_status_bridge' build argument 'cmake_clean_first' from command line to 'False'
[0.548s] Level 5:colcon.colcon_core.verb:set package 'nav_status_bridge' build argument 'cmake_force_configure' from command line to 'False'
[0.548s] Level 5:colcon.colcon_core.verb:set package 'nav_status_bridge' build argument 'ament_cmake_args' from command line to 'None'
[0.548s] Level 5:colcon.colcon_core.verb:set package 'nav_status_bridge' build argument 'catkin_cmake_args' from command line to 'None'
[0.548s] Level 5:colcon.colcon_core.verb:set package 'nav_status_bridge' build argument 'catkin_skip_building_tests' from command line to 'False'
[0.548s] DEBUG:colcon.colcon_core.verb:Building package 'nav_status_bridge' with the following arguments: {'ament_cmake_args': None, 'build_base': '/home/zr/code/src/build/nav_status_bridge', 'catkin_cmake_args': None, 'catkin_skip_building_tests': False, 'cmake_args': None, 'cmake_clean_cache': False, 'cmake_clean_first': False, 'cmake_force_configure': False, 'cmake_target': None, 'cmake_target_skip_unavailable': False, 'install_base': '/home/zr/code/src/install/nav_status_bridge', 'merge_install': False, 'path': '/home/zr/code/src/nav_ws_gazebo/src/nav_status_bridge', 'symlink_install': True, 'test_result_base': None}
[0.549s] INFO:colcon.colcon_core.executor:Executing jobs using 'parallel' executor
[0.550s] DEBUG:colcon.colcon_parallel_executor.executor.parallel:run_until_complete
[0.550s] INFO:colcon.colcon_ros.task.ament_cmake.build:Building ROS package in '/home/zr/code/src/nav_ws_gazebo/src/nav_status_bridge' with build type 'ament_cmake'
[0.550s] INFO:colcon.colcon_cmake.task.cmake.build:Building CMake package in '/home/zr/code/src/nav_ws_gazebo/src/nav_status_bridge'
[0.553s] INFO:colcon.colcon_core.plugin_system:Skipping extension 'colcon_core.shell.bat': Not used on non-Windows systems
[0.553s] INFO:colcon.colcon_core.shell:Skip shell extension 'powershell' for command environment: Not usable outside of PowerShell
[0.553s] DEBUG:colcon.colcon_core.shell:Skip shell extension 'dsv' for command environment
[0.573s] DEBUG:colcon.colcon_core.event_handler.log_command:Invoking command in '/home/zr/code/src/build/nav_status_bridge': CMAKE_PREFIX_PATH=${CMAKE_PREFIX_PATH}:/home/zr/code/src/install/robot_relate_python:/home/zr/code/test/nav2_ws/install/nav2_simple_commander:/opt/ros/humble /usr/bin/cmake /home/zr/code/src/nav_ws_gazebo/src/nav_status_bridge -DAMENT_CMAKE_SYMLINK_INSTALL=1 -DCMAKE_INSTALL_PREFIX=/home/zr/code/src/install/nav_status_bridge
[1.166s] DEBUG:colcon.colcon_core.event_handler.log_command:Invoked command in '/home/zr/code/src/build/nav_status_bridge' returned '0': CMAKE_PREFIX_PATH=${CMAKE_PREFIX_PATH}:/home/zr/code/src/install/robot_relate_python:/home/zr/code/test/nav2_ws/install/nav2_simple_commander:/opt/ros/humble /usr/bin/cmake /home/zr/code/src/nav_ws_gazebo/src/nav_status_bridge -DAMENT_CMAKE_SYMLINK_INSTALL=1 -DCMAKE_INSTALL_PREFIX=/home/zr/code/src/install/nav_status_bridge
[1.168s] DEBUG:colcon.colcon_core.event_handler.log_command:Invoking command in '/home/zr/code/src/build/nav_status_bridge': CMAKE_PREFIX_PATH=${CMAKE_PREFIX_PATH}:/home/zr/code/src/install/robot_relate_python:/home/zr/code/test/nav2_ws/install/nav2_simple_commander:/opt/ros/humble /usr/bin/cmake --build /home/zr/code/src/build/nav_status_bridge -- -j16 -l16
[9.955s] DEBUG:colcon.colcon_core.event_handler.log_command:Invoked command in '/home/zr/code/src/build/nav_status_bridge' returned '0': CMAKE_PREFIX_PATH=${CMAKE_PREFIX_PATH}:/home/zr/code/src/install/robot_relate_python:/home/zr/code/test/nav2_ws/install/nav2_simple_commander:/opt/ros/humble /usr/bin/cmake --build /home/zr/code/src/build/nav_status_bridge -- -j16 -l16
[9.975s] DEBUG:colcon.colcon_core.event_handler.log_command:Invoking command in '/home/zr/code/src/build/nav_status_bridge': CMAKE_PREFIX_PATH=${CMAKE_PREFIX_PATH}:/home/zr/code/src/install/robot_relate_python:/home/zr/code/test/nav2_ws/install/nav2_simple_commander:/opt/ros/humble /usr/bin/cmake --install /home/zr/code/src/build/nav_status_bridge
[10.011s] DEBUG:colcon.colcon_core.event_handler.log_command:Invoked command in '/home/zr/code/src/build/nav_status_bridge' returned '1': CMAKE_PREFIX_PATH=${CMAKE_PREFIX_PATH}:/home/zr/code/src/install/robot_relate_python:/home/zr/code/test/nav2_ws/install/nav2_simple_commander:/opt/ros/humble /usr/bin/cmake --install /home/zr/code/src/build/nav_status_bridge
[10.011s] Level 1:colcon.colcon_core.environment:create_environment_scripts_only(nav_status_bridge)
[10.014s] Level 1:colcon.colcon_core.environment:checking '/home/zr/code/src/install/nav_status_bridge' for CMake module files
[10.014s] Level 1:colcon.colcon_core.environment:checking '/home/zr/code/src/install/nav_status_bridge' for CMake config files
[10.015s] Level 1:colcon.colcon_core.environment:checking '/home/zr/code/src/install/nav_status_bridge/lib'
[10.015s] Level 1:colcon.colcon_core.environment:checking '/home/zr/code/src/install/nav_status_bridge/bin'
[10.015s] Level 1:colcon.colcon_core.environment:checking '/home/zr/code/src/install/nav_status_bridge/lib/pkgconfig/nav_status_bridge.pc'
[10.015s] Level 1:colcon.colcon_core.environment:checking '/home/zr/code/src/install/nav_status_bridge/lib/python3.10/site-packages'
[10.016s] Level 1:colcon.colcon_core.environment:checking '/home/zr/code/src/install/nav_status_bridge/bin'
[10.016s] INFO:colcon.colcon_core.shell:Creating package script '/home/zr/code/src/install/nav_status_bridge/share/nav_status_bridge/package.ps1'
[10.017s] INFO:colcon.colcon_core.shell:Creating package descriptor '/home/zr/code/src/install/nav_status_bridge/share/nav_status_bridge/package.dsv'
[10.018s] INFO:colcon.colcon_core.shell:Creating package script '/home/zr/code/src/install/nav_status_bridge/share/nav_status_bridge/package.sh'
[10.019s] INFO:colcon.colcon_core.shell:Creating package script '/home/zr/code/src/install/nav_status_bridge/share/nav_status_bridge/package.bash'
[10.019s] INFO:colcon.colcon_core.shell:Creating package script '/home/zr/code/src/install/nav_status_bridge/share/nav_status_bridge/package.zsh'
[10.020s] Level 1:colcon.colcon_core.environment:create_file_with_runtime_dependencies(/home/zr/code/src/install/nav_status_bridge/share/colcon-core/packages/nav_status_bridge)
[10.030s] DEBUG:colcon.colcon_parallel_executor.executor.parallel:closing loop
[10.030s] DEBUG:colcon.colcon_parallel_executor.executor.parallel:loop closed
[10.030s] DEBUG:colcon.colcon_parallel_executor.executor.parallel:run_until_complete finished with '1'
[10.030s] DEBUG:colcon.colcon_core.event_reactor:joining thread
[10.037s] INFO:colcon.colcon_core.plugin_system:Skipping extension 'colcon_notification.desktop_notification.terminal_notifier': Not used on non-Darwin systems
[10.037s] INFO:colcon.colcon_core.plugin_system:Skipping extension 'colcon_notification.desktop_notification.win32': Not used on non-Windows systems
[10.037s] INFO:colcon.colcon_notification.desktop_notification:Sending desktop notification using 'notify2'
[10.048s] DEBUG:colcon.colcon_core.event_reactor:joined thread
[10.049s] INFO:colcon.colcon_core.shell:Creating prefix script '/home/zr/code/src/install/local_setup.ps1'
[10.050s] INFO:colcon.colcon_core.shell:Creating prefix util module '/home/zr/code/src/install/_local_setup_util_ps1.py'
[10.051s] INFO:colcon.colcon_core.shell:Creating prefix chain script '/home/zr/code/src/install/setup.ps1'
[10.056s] INFO:colcon.colcon_core.shell:Creating prefix script '/home/zr/code/src/install/local_setup.sh'
[10.056s] INFO:colcon.colcon_core.shell:Creating prefix util module '/home/zr/code/src/install/_local_setup_util_sh.py'
[10.056s] INFO:colcon.colcon_core.shell:Creating prefix chain script '/home/zr/code/src/install/setup.sh'
[10.062s] INFO:colcon.colcon_core.shell:Creating prefix script '/home/zr/code/src/install/local_setup.bash'
[10.062s] INFO:colcon.colcon_core.shell:Creating prefix chain script '/home/zr/code/src/install/setup.bash'
[10.067s] INFO:colcon.colcon_core.shell:Creating prefix script '/home/zr/code/src/install/local_setup.zsh'
[10.067s] INFO:colcon.colcon_core.shell:Creating prefix chain script '/home/zr/code/src/install/setup.zsh'
