[0.169s] DEBUG:colcon:Command line arguments: ['/usr/bin/colcon', 'build', '--packages-select', 'mqtt_nav_control_cpp', '--symlink-install']
[0.169s] DEBUG:colcon:Parsed command line arguments: Namespace(log_base=None, log_level=None, verb_name='build', build_base='build', install_base='install', merge_install=False, symlink_install=True, test_result_base=None, continue_on_error=False, executor='parallel', parallel_workers=16, event_handlers=None, ignore_user_meta=False, metas=['./colcon.meta'], base_paths=['.'], packages_ignore=None, packages_ignore_regex=None, paths=None, packages_up_to=None, packages_up_to_regex=None, packages_above=None, packages_above_and_dependencies=None, packages_above_depth=None, packages_select_by_dep=None, packages_skip_by_dep=None, packages_skip_up_to=None, packages_select_build_failed=False, packages_skip_build_finished=False, packages_select_test_failures=False, packages_skip_test_passed=False, packages_select=['mqtt_nav_control_cpp'], packages_skip=None, packages_select_regex=None, packages_skip_regex=None, packages_start=None, packages_end=None, allow_overriding=[], cmake_args=None, cmake_target=None, cmake_target_skip_unavailable=False, cmake_clean_cache=False, cmake_clean_first=False, cmake_force_configure=False, ament_cmake_args=None, catkin_cmake_args=None, catkin_skip_building_tests=False, verb_parser=<colcon_defaults.argument_parser.defaults.DefaultArgumentsDecorator object at 0x743c21cad0c0>, verb_extension=<colcon_core.verb.build.BuildVerb object at 0x743c21cacb20>, main=<bound method BuildVerb.main of <colcon_core.verb.build.BuildVerb object at 0x743c21cacb20>>)
[0.606s] Level 1:colcon.colcon_core.package_discovery:discover_packages(colcon_meta) check parameters
[0.606s] Level 1:colcon.colcon_core.package_discovery:discover_packages(recursive) check parameters
[0.606s] Level 1:colcon.colcon_core.package_discovery:discover_packages(ignore) check parameters
[0.606s] Level 1:colcon.colcon_core.package_discovery:discover_packages(path) check parameters
[0.606s] Level 1:colcon.colcon_core.package_discovery:discover_packages(colcon_meta) discover
[0.606s] Level 1:colcon.colcon_core.package_discovery:discover_packages(recursive) discover
[0.606s] INFO:colcon.colcon_core.package_discovery:Crawling recursively for packages in '/home/zr/code/src'
[0.606s] Level 1:colcon.colcon_core.package_identification:_identify(.) by extensions ['ignore', 'ignore_ament_install']
[0.607s] Level 1:colcon.colcon_core.package_identification:_identify(.) by extension 'ignore'
[0.607s] Level 1:colcon.colcon_core.package_identification:_identify(.) by extension 'ignore_ament_install'
[0.607s] Level 1:colcon.colcon_core.package_identification:_identify(.) by extensions ['colcon_pkg']
[0.607s] Level 1:colcon.colcon_core.package_identification:_identify(.) by extension 'colcon_pkg'
[0.607s] Level 1:colcon.colcon_core.package_identification:_identify(.) by extensions ['colcon_meta']
[0.607s] Level 1:colcon.colcon_core.package_identification:_identify(.) by extension 'colcon_meta'
[0.607s] Level 1:colcon.colcon_core.package_identification:_identify(.) by extensions ['ros']
[0.607s] Level 1:colcon.colcon_core.package_identification:_identify(.) by extension 'ros'
[0.640s] Level 1:colcon.colcon_core.package_identification:_identify(.) by extensions ['cmake', 'python']
[0.640s] Level 1:colcon.colcon_core.package_identification:_identify(.) by extension 'cmake'
[0.640s] Level 1:colcon.colcon_core.package_identification:_identify(.) by extension 'python'
[0.640s] Level 1:colcon.colcon_core.package_identification:_identify(.) by extensions ['python_setup_py']
[0.641s] Level 1:colcon.colcon_core.package_identification:_identify(.) by extension 'python_setup_py'
[0.641s] Level 1:colcon.colcon_core.package_identification:_identify(build) by extensions ['ignore', 'ignore_ament_install']
[0.641s] Level 1:colcon.colcon_core.package_identification:_identify(build) by extension 'ignore'
[0.641s] Level 1:colcon.colcon_core.package_identification:_identify(build) ignored
[0.641s] Level 1:colcon.colcon_core.package_identification:_identify(install) by extensions ['ignore', 'ignore_ament_install']
[0.641s] Level 1:colcon.colcon_core.package_identification:_identify(install) by extension 'ignore'
[0.641s] Level 1:colcon.colcon_core.package_identification:_identify(install) ignored
[0.641s] Level 1:colcon.colcon_core.package_identification:_identify(log) by extensions ['ignore', 'ignore_ament_install']
[0.641s] Level 1:colcon.colcon_core.package_identification:_identify(log) by extension 'ignore'
[0.641s] Level 1:colcon.colcon_core.package_identification:_identify(log) ignored
[0.641s] Level 1:colcon.colcon_core.package_identification:_identify(nav_ws_gazebo) by extensions ['ignore', 'ignore_ament_install']
[0.641s] Level 1:colcon.colcon_core.package_identification:_identify(nav_ws_gazebo) by extension 'ignore'
[0.641s] Level 1:colcon.colcon_core.package_identification:_identify(nav_ws_gazebo) by extension 'ignore_ament_install'
[0.641s] Level 1:colcon.colcon_core.package_identification:_identify(nav_ws_gazebo) by extensions ['colcon_pkg']
[0.641s] Level 1:colcon.colcon_core.package_identification:_identify(nav_ws_gazebo) by extension 'colcon_pkg'
[0.641s] Level 1:colcon.colcon_core.package_identification:_identify(nav_ws_gazebo) by extensions ['colcon_meta']
[0.641s] Level 1:colcon.colcon_core.package_identification:_identify(nav_ws_gazebo) by extension 'colcon_meta'
[0.641s] Level 1:colcon.colcon_core.package_identification:_identify(nav_ws_gazebo) by extensions ['ros']
[0.641s] Level 1:colcon.colcon_core.package_identification:_identify(nav_ws_gazebo) by extension 'ros'
[0.642s] Level 1:colcon.colcon_core.package_identification:_identify(nav_ws_gazebo) by extensions ['cmake', 'python']
[0.642s] Level 1:colcon.colcon_core.package_identification:_identify(nav_ws_gazebo) by extension 'cmake'
[0.642s] Level 1:colcon.colcon_core.package_identification:_identify(nav_ws_gazebo) by extension 'python'
[0.642s] Level 1:colcon.colcon_core.package_identification:_identify(nav_ws_gazebo) by extensions ['python_setup_py']
[0.642s] Level 1:colcon.colcon_core.package_identification:_identify(nav_ws_gazebo) by extension 'python_setup_py'
[0.642s] Level 1:colcon.colcon_core.package_identification:_identify(nav_ws_gazebo/log) by extensions ['ignore', 'ignore_ament_install']
[0.642s] Level 1:colcon.colcon_core.package_identification:_identify(nav_ws_gazebo/log) by extension 'ignore'
[0.642s] Level 1:colcon.colcon_core.package_identification:_identify(nav_ws_gazebo/log) ignored
[0.642s] Level 1:colcon.colcon_core.package_identification:_identify(nav_ws_gazebo/src) by extensions ['ignore', 'ignore_ament_install']
[0.642s] Level 1:colcon.colcon_core.package_identification:_identify(nav_ws_gazebo/src) by extension 'ignore'
[0.642s] Level 1:colcon.colcon_core.package_identification:_identify(nav_ws_gazebo/src) by extension 'ignore_ament_install'
[0.642s] Level 1:colcon.colcon_core.package_identification:_identify(nav_ws_gazebo/src) by extensions ['colcon_pkg']
[0.642s] Level 1:colcon.colcon_core.package_identification:_identify(nav_ws_gazebo/src) by extension 'colcon_pkg'
[0.642s] Level 1:colcon.colcon_core.package_identification:_identify(nav_ws_gazebo/src) by extensions ['colcon_meta']
[0.642s] Level 1:colcon.colcon_core.package_identification:_identify(nav_ws_gazebo/src) by extension 'colcon_meta'
[0.642s] Level 1:colcon.colcon_core.package_identification:_identify(nav_ws_gazebo/src) by extensions ['ros']
[0.642s] Level 1:colcon.colcon_core.package_identification:_identify(nav_ws_gazebo/src) by extension 'ros'
[0.642s] Level 1:colcon.colcon_core.package_identification:_identify(nav_ws_gazebo/src) by extensions ['cmake', 'python']
[0.642s] Level 1:colcon.colcon_core.package_identification:_identify(nav_ws_gazebo/src) by extension 'cmake'
[0.642s] Level 1:colcon.colcon_core.package_identification:_identify(nav_ws_gazebo/src) by extension 'python'
[0.642s] Level 1:colcon.colcon_core.package_identification:_identify(nav_ws_gazebo/src) by extensions ['python_setup_py']
[0.642s] Level 1:colcon.colcon_core.package_identification:_identify(nav_ws_gazebo/src) by extension 'python_setup_py'
[0.642s] Level 1:colcon.colcon_core.package_identification:_identify(nav_ws_gazebo/src/gac_nav2_keepout_pkg) by extensions ['ignore', 'ignore_ament_install']
[0.643s] Level 1:colcon.colcon_core.package_identification:_identify(nav_ws_gazebo/src/gac_nav2_keepout_pkg) by extension 'ignore'
[0.643s] Level 1:colcon.colcon_core.package_identification:_identify(nav_ws_gazebo/src/gac_nav2_keepout_pkg) by extension 'ignore_ament_install'
[0.643s] Level 1:colcon.colcon_core.package_identification:_identify(nav_ws_gazebo/src/gac_nav2_keepout_pkg) by extensions ['colcon_pkg']
[0.643s] Level 1:colcon.colcon_core.package_identification:_identify(nav_ws_gazebo/src/gac_nav2_keepout_pkg) by extension 'colcon_pkg'
[0.643s] Level 1:colcon.colcon_core.package_identification:_identify(nav_ws_gazebo/src/gac_nav2_keepout_pkg) by extensions ['colcon_meta']
[0.643s] Level 1:colcon.colcon_core.package_identification:_identify(nav_ws_gazebo/src/gac_nav2_keepout_pkg) by extension 'colcon_meta'
[0.643s] Level 1:colcon.colcon_core.package_identification:_identify(nav_ws_gazebo/src/gac_nav2_keepout_pkg) by extensions ['ros']
[0.643s] Level 1:colcon.colcon_core.package_identification:_identify(nav_ws_gazebo/src/gac_nav2_keepout_pkg) by extension 'ros'
[0.645s] DEBUG:colcon.colcon_core.package_identification:Package 'nav_ws_gazebo/src/gac_nav2_keepout_pkg' with type 'ros.ament_cmake' and name 'nav2_keepout_pkg'
[0.645s] Level 1:colcon.colcon_core.package_identification:_identify(nav_ws_gazebo/src/gac_navigation2) by extensions ['ignore', 'ignore_ament_install']
[0.646s] Level 1:colcon.colcon_core.package_identification:_identify(nav_ws_gazebo/src/gac_navigation2) by extension 'ignore'
[0.646s] Level 1:colcon.colcon_core.package_identification:_identify(nav_ws_gazebo/src/gac_navigation2) by extension 'ignore_ament_install'
[0.646s] Level 1:colcon.colcon_core.package_identification:_identify(nav_ws_gazebo/src/gac_navigation2) by extensions ['colcon_pkg']
[0.646s] Level 1:colcon.colcon_core.package_identification:_identify(nav_ws_gazebo/src/gac_navigation2) by extension 'colcon_pkg'
[0.646s] Level 1:colcon.colcon_core.package_identification:_identify(nav_ws_gazebo/src/gac_navigation2) by extensions ['colcon_meta']
[0.646s] Level 1:colcon.colcon_core.package_identification:_identify(nav_ws_gazebo/src/gac_navigation2) by extension 'colcon_meta'
[0.646s] Level 1:colcon.colcon_core.package_identification:_identify(nav_ws_gazebo/src/gac_navigation2) by extensions ['ros']
[0.646s] Level 1:colcon.colcon_core.package_identification:_identify(nav_ws_gazebo/src/gac_navigation2) by extension 'ros'
[0.646s] Level 1:colcon.colcon_core.package_identification:_identify(nav_ws_gazebo/src/gac_navigation2) by extensions ['cmake', 'python']
[0.646s] Level 1:colcon.colcon_core.package_identification:_identify(nav_ws_gazebo/src/gac_navigation2) by extension 'cmake'
[0.646s] Level 1:colcon.colcon_core.package_identification:_identify(nav_ws_gazebo/src/gac_navigation2) by extension 'python'
[0.646s] Level 1:colcon.colcon_core.package_identification:_identify(nav_ws_gazebo/src/gac_navigation2) by extensions ['python_setup_py']
[0.646s] Level 1:colcon.colcon_core.package_identification:_identify(nav_ws_gazebo/src/gac_navigation2) by extension 'python_setup_py'
[0.646s] Level 1:colcon.colcon_core.package_identification:_identify(nav_ws_gazebo/src/gac_navigation2/gac_nav2_behavior_tree) by extensions ['ignore', 'ignore_ament_install']
[0.646s] Level 1:colcon.colcon_core.package_identification:_identify(nav_ws_gazebo/src/gac_navigation2/gac_nav2_behavior_tree) by extension 'ignore'
[0.646s] Level 1:colcon.colcon_core.package_identification:_identify(nav_ws_gazebo/src/gac_navigation2/gac_nav2_behavior_tree) by extension 'ignore_ament_install'
[0.646s] Level 1:colcon.colcon_core.package_identification:_identify(nav_ws_gazebo/src/gac_navigation2/gac_nav2_behavior_tree) by extensions ['colcon_pkg']
[0.646s] Level 1:colcon.colcon_core.package_identification:_identify(nav_ws_gazebo/src/gac_navigation2/gac_nav2_behavior_tree) by extension 'colcon_pkg'
[0.646s] Level 1:colcon.colcon_core.package_identification:_identify(nav_ws_gazebo/src/gac_navigation2/gac_nav2_behavior_tree) by extensions ['colcon_meta']
[0.646s] Level 1:colcon.colcon_core.package_identification:_identify(nav_ws_gazebo/src/gac_navigation2/gac_nav2_behavior_tree) by extension 'colcon_meta'
[0.646s] Level 1:colcon.colcon_core.package_identification:_identify(nav_ws_gazebo/src/gac_navigation2/gac_nav2_behavior_tree) by extensions ['ros']
[0.646s] Level 1:colcon.colcon_core.package_identification:_identify(nav_ws_gazebo/src/gac_navigation2/gac_nav2_behavior_tree) by extension 'ros'
[0.647s] DEBUG:colcon.colcon_core.package_identification:Package 'nav_ws_gazebo/src/gac_navigation2/gac_nav2_behavior_tree' with type 'ros.ament_cmake' and name 'gac_nav2_behavior_tree'
[0.647s] Level 1:colcon.colcon_core.package_identification:_identify(nav_ws_gazebo/src/gac_navigation2/gac_nav2_behaviors) by extensions ['ignore', 'ignore_ament_install']
[0.647s] Level 1:colcon.colcon_core.package_identification:_identify(nav_ws_gazebo/src/gac_navigation2/gac_nav2_behaviors) by extension 'ignore'
[0.647s] Level 1:colcon.colcon_core.package_identification:_identify(nav_ws_gazebo/src/gac_navigation2/gac_nav2_behaviors) by extension 'ignore_ament_install'
[0.647s] Level 1:colcon.colcon_core.package_identification:_identify(nav_ws_gazebo/src/gac_navigation2/gac_nav2_behaviors) by extensions ['colcon_pkg']
[0.647s] Level 1:colcon.colcon_core.package_identification:_identify(nav_ws_gazebo/src/gac_navigation2/gac_nav2_behaviors) by extension 'colcon_pkg'
[0.648s] Level 1:colcon.colcon_core.package_identification:_identify(nav_ws_gazebo/src/gac_navigation2/gac_nav2_behaviors) by extensions ['colcon_meta']
[0.648s] Level 1:colcon.colcon_core.package_identification:_identify(nav_ws_gazebo/src/gac_navigation2/gac_nav2_behaviors) by extension 'colcon_meta'
[0.648s] Level 1:colcon.colcon_core.package_identification:_identify(nav_ws_gazebo/src/gac_navigation2/gac_nav2_behaviors) by extensions ['ros']
[0.648s] Level 1:colcon.colcon_core.package_identification:_identify(nav_ws_gazebo/src/gac_navigation2/gac_nav2_behaviors) by extension 'ros'
[0.648s] DEBUG:colcon.colcon_core.package_identification:Package 'nav_ws_gazebo/src/gac_navigation2/gac_nav2_behaviors' with type 'ros.ament_cmake' and name 'gac_nav2_behaviors'
[0.648s] Level 1:colcon.colcon_core.package_identification:_identify(nav_ws_gazebo/src/gac_navigation2/gac_nav2_bringup) by extensions ['ignore', 'ignore_ament_install']
[0.648s] Level 1:colcon.colcon_core.package_identification:_identify(nav_ws_gazebo/src/gac_navigation2/gac_nav2_bringup) by extension 'ignore'
[0.648s] Level 1:colcon.colcon_core.package_identification:_identify(nav_ws_gazebo/src/gac_navigation2/gac_nav2_bringup) by extension 'ignore_ament_install'
[0.648s] Level 1:colcon.colcon_core.package_identification:_identify(nav_ws_gazebo/src/gac_navigation2/gac_nav2_bringup) by extensions ['colcon_pkg']
[0.648s] Level 1:colcon.colcon_core.package_identification:_identify(nav_ws_gazebo/src/gac_navigation2/gac_nav2_bringup) by extension 'colcon_pkg'
[0.649s] Level 1:colcon.colcon_core.package_identification:_identify(nav_ws_gazebo/src/gac_navigation2/gac_nav2_bringup) by extensions ['colcon_meta']
[0.649s] Level 1:colcon.colcon_core.package_identification:_identify(nav_ws_gazebo/src/gac_navigation2/gac_nav2_bringup) by extension 'colcon_meta'
[0.649s] Level 1:colcon.colcon_core.package_identification:_identify(nav_ws_gazebo/src/gac_navigation2/gac_nav2_bringup) by extensions ['ros']
[0.649s] Level 1:colcon.colcon_core.package_identification:_identify(nav_ws_gazebo/src/gac_navigation2/gac_nav2_bringup) by extension 'ros'
[0.649s] DEBUG:colcon.colcon_core.package_identification:Package 'nav_ws_gazebo/src/gac_navigation2/gac_nav2_bringup' with type 'ros.ament_cmake' and name 'gac_nav2_bringup'
[0.649s] Level 1:colcon.colcon_core.package_identification:_identify(nav_ws_gazebo/src/gac_navigation2/gac_nav2_bt_navigator) by extensions ['ignore', 'ignore_ament_install']
[0.649s] Level 1:colcon.colcon_core.package_identification:_identify(nav_ws_gazebo/src/gac_navigation2/gac_nav2_bt_navigator) by extension 'ignore'
[0.649s] Level 1:colcon.colcon_core.package_identification:_identify(nav_ws_gazebo/src/gac_navigation2/gac_nav2_bt_navigator) by extension 'ignore_ament_install'
[0.649s] Level 1:colcon.colcon_core.package_identification:_identify(nav_ws_gazebo/src/gac_navigation2/gac_nav2_bt_navigator) by extensions ['colcon_pkg']
[0.649s] Level 1:colcon.colcon_core.package_identification:_identify(nav_ws_gazebo/src/gac_navigation2/gac_nav2_bt_navigator) by extension 'colcon_pkg'
[0.649s] Level 1:colcon.colcon_core.package_identification:_identify(nav_ws_gazebo/src/gac_navigation2/gac_nav2_bt_navigator) by extensions ['colcon_meta']
[0.649s] Level 1:colcon.colcon_core.package_identification:_identify(nav_ws_gazebo/src/gac_navigation2/gac_nav2_bt_navigator) by extension 'colcon_meta'
[0.649s] Level 1:colcon.colcon_core.package_identification:_identify(nav_ws_gazebo/src/gac_navigation2/gac_nav2_bt_navigator) by extensions ['ros']
[0.649s] Level 1:colcon.colcon_core.package_identification:_identify(nav_ws_gazebo/src/gac_navigation2/gac_nav2_bt_navigator) by extension 'ros'
[0.650s] DEBUG:colcon.colcon_core.package_identification:Package 'nav_ws_gazebo/src/gac_navigation2/gac_nav2_bt_navigator' with type 'ros.ament_cmake' and name 'gac_nav2_bt_navigator'
[0.650s] Level 1:colcon.colcon_core.package_identification:_identify(nav_ws_gazebo/src/gac_navigation2/gac_nav2_collision_monitor) by extensions ['ignore', 'ignore_ament_install']
[0.650s] Level 1:colcon.colcon_core.package_identification:_identify(nav_ws_gazebo/src/gac_navigation2/gac_nav2_collision_monitor) by extension 'ignore'
[0.650s] Level 1:colcon.colcon_core.package_identification:_identify(nav_ws_gazebo/src/gac_navigation2/gac_nav2_collision_monitor) by extension 'ignore_ament_install'
[0.650s] Level 1:colcon.colcon_core.package_identification:_identify(nav_ws_gazebo/src/gac_navigation2/gac_nav2_collision_monitor) by extensions ['colcon_pkg']
[0.650s] Level 1:colcon.colcon_core.package_identification:_identify(nav_ws_gazebo/src/gac_navigation2/gac_nav2_collision_monitor) by extension 'colcon_pkg'
[0.650s] Level 1:colcon.colcon_core.package_identification:_identify(nav_ws_gazebo/src/gac_navigation2/gac_nav2_collision_monitor) by extensions ['colcon_meta']
[0.651s] Level 1:colcon.colcon_core.package_identification:_identify(nav_ws_gazebo/src/gac_navigation2/gac_nav2_collision_monitor) by extension 'colcon_meta'
[0.651s] Level 1:colcon.colcon_core.package_identification:_identify(nav_ws_gazebo/src/gac_navigation2/gac_nav2_collision_monitor) by extensions ['ros']
[0.651s] Level 1:colcon.colcon_core.package_identification:_identify(nav_ws_gazebo/src/gac_navigation2/gac_nav2_collision_monitor) by extension 'ros'
[0.651s] DEBUG:colcon.colcon_core.package_identification:Package 'nav_ws_gazebo/src/gac_navigation2/gac_nav2_collision_monitor' with type 'ros.ament_cmake' and name 'gac_nav2_collision_monitor'
[0.652s] Level 1:colcon.colcon_core.package_identification:_identify(nav_ws_gazebo/src/gac_navigation2/gac_nav2_controller) by extensions ['ignore', 'ignore_ament_install']
[0.652s] Level 1:colcon.colcon_core.package_identification:_identify(nav_ws_gazebo/src/gac_navigation2/gac_nav2_controller) by extension 'ignore'
[0.652s] Level 1:colcon.colcon_core.package_identification:_identify(nav_ws_gazebo/src/gac_navigation2/gac_nav2_controller) by extension 'ignore_ament_install'
[0.652s] Level 1:colcon.colcon_core.package_identification:_identify(nav_ws_gazebo/src/gac_navigation2/gac_nav2_controller) by extensions ['colcon_pkg']
[0.652s] Level 1:colcon.colcon_core.package_identification:_identify(nav_ws_gazebo/src/gac_navigation2/gac_nav2_controller) by extension 'colcon_pkg'
[0.652s] Level 1:colcon.colcon_core.package_identification:_identify(nav_ws_gazebo/src/gac_navigation2/gac_nav2_controller) by extensions ['colcon_meta']
[0.652s] Level 1:colcon.colcon_core.package_identification:_identify(nav_ws_gazebo/src/gac_navigation2/gac_nav2_controller) by extension 'colcon_meta'
[0.652s] Level 1:colcon.colcon_core.package_identification:_identify(nav_ws_gazebo/src/gac_navigation2/gac_nav2_controller) by extensions ['ros']
[0.652s] Level 1:colcon.colcon_core.package_identification:_identify(nav_ws_gazebo/src/gac_navigation2/gac_nav2_controller) by extension 'ros'
[0.653s] DEBUG:colcon.colcon_core.package_identification:Package 'nav_ws_gazebo/src/gac_navigation2/gac_nav2_controller' with type 'ros.ament_cmake' and name 'gac_nav2_controller'
[0.653s] Level 1:colcon.colcon_core.package_identification:_identify(nav_ws_gazebo/src/gac_navigation2/gac_nav2_core) by extensions ['ignore', 'ignore_ament_install']
[0.653s] Level 1:colcon.colcon_core.package_identification:_identify(nav_ws_gazebo/src/gac_navigation2/gac_nav2_core) by extension 'ignore'
[0.653s] Level 1:colcon.colcon_core.package_identification:_identify(nav_ws_gazebo/src/gac_navigation2/gac_nav2_core) by extension 'ignore_ament_install'
[0.653s] Level 1:colcon.colcon_core.package_identification:_identify(nav_ws_gazebo/src/gac_navigation2/gac_nav2_core) by extensions ['colcon_pkg']
[0.653s] Level 1:colcon.colcon_core.package_identification:_identify(nav_ws_gazebo/src/gac_navigation2/gac_nav2_core) by extension 'colcon_pkg'
[0.653s] Level 1:colcon.colcon_core.package_identification:_identify(nav_ws_gazebo/src/gac_navigation2/gac_nav2_core) by extensions ['colcon_meta']
[0.653s] Level 1:colcon.colcon_core.package_identification:_identify(nav_ws_gazebo/src/gac_navigation2/gac_nav2_core) by extension 'colcon_meta'
[0.653s] Level 1:colcon.colcon_core.package_identification:_identify(nav_ws_gazebo/src/gac_navigation2/gac_nav2_core) by extensions ['ros']
[0.653s] Level 1:colcon.colcon_core.package_identification:_identify(nav_ws_gazebo/src/gac_navigation2/gac_nav2_core) by extension 'ros'
[0.654s] DEBUG:colcon.colcon_core.package_identification:Package 'nav_ws_gazebo/src/gac_navigation2/gac_nav2_core' with type 'ros.ament_cmake' and name 'gac_nav2_core'
[0.654s] Level 1:colcon.colcon_core.package_identification:_identify(nav_ws_gazebo/src/gac_navigation2/gac_nav2_costmap_2d) by extensions ['ignore', 'ignore_ament_install']
[0.654s] Level 1:colcon.colcon_core.package_identification:_identify(nav_ws_gazebo/src/gac_navigation2/gac_nav2_costmap_2d) by extension 'ignore'
[0.654s] Level 1:colcon.colcon_core.package_identification:_identify(nav_ws_gazebo/src/gac_navigation2/gac_nav2_costmap_2d) by extension 'ignore_ament_install'
[0.654s] Level 1:colcon.colcon_core.package_identification:_identify(nav_ws_gazebo/src/gac_navigation2/gac_nav2_costmap_2d) by extensions ['colcon_pkg']
[0.654s] Level 1:colcon.colcon_core.package_identification:_identify(nav_ws_gazebo/src/gac_navigation2/gac_nav2_costmap_2d) by extension 'colcon_pkg'
[0.655s] Level 1:colcon.colcon_core.package_identification:_identify(nav_ws_gazebo/src/gac_navigation2/gac_nav2_costmap_2d) by extensions ['colcon_meta']
[0.655s] Level 1:colcon.colcon_core.package_identification:_identify(nav_ws_gazebo/src/gac_navigation2/gac_nav2_costmap_2d) by extension 'colcon_meta'
[0.655s] Level 1:colcon.colcon_core.package_identification:_identify(nav_ws_gazebo/src/gac_navigation2/gac_nav2_costmap_2d) by extensions ['ros']
[0.655s] Level 1:colcon.colcon_core.package_identification:_identify(nav_ws_gazebo/src/gac_navigation2/gac_nav2_costmap_2d) by extension 'ros'
[0.656s] DEBUG:colcon.colcon_core.package_identification:Package 'nav_ws_gazebo/src/gac_navigation2/gac_nav2_costmap_2d' with type 'ros.ament_cmake' and name 'gac_nav2_costmap_2d'
[0.656s] Level 1:colcon.colcon_core.package_identification:_identify(nav_ws_gazebo/src/gac_navigation2/gac_nav2_planner) by extensions ['ignore', 'ignore_ament_install']
[0.656s] Level 1:colcon.colcon_core.package_identification:_identify(nav_ws_gazebo/src/gac_navigation2/gac_nav2_planner) by extension 'ignore'
[0.656s] Level 1:colcon.colcon_core.package_identification:_identify(nav_ws_gazebo/src/gac_navigation2/gac_nav2_planner) by extension 'ignore_ament_install'
[0.656s] Level 1:colcon.colcon_core.package_identification:_identify(nav_ws_gazebo/src/gac_navigation2/gac_nav2_planner) by extensions ['colcon_pkg']
[0.656s] Level 1:colcon.colcon_core.package_identification:_identify(nav_ws_gazebo/src/gac_navigation2/gac_nav2_planner) by extension 'colcon_pkg'
[0.656s] Level 1:colcon.colcon_core.package_identification:_identify(nav_ws_gazebo/src/gac_navigation2/gac_nav2_planner) by extensions ['colcon_meta']
[0.656s] Level 1:colcon.colcon_core.package_identification:_identify(nav_ws_gazebo/src/gac_navigation2/gac_nav2_planner) by extension 'colcon_meta'
[0.656s] Level 1:colcon.colcon_core.package_identification:_identify(nav_ws_gazebo/src/gac_navigation2/gac_nav2_planner) by extensions ['ros']
[0.656s] Level 1:colcon.colcon_core.package_identification:_identify(nav_ws_gazebo/src/gac_navigation2/gac_nav2_planner) by extension 'ros'
[0.658s] DEBUG:colcon.colcon_core.package_identification:Package 'nav_ws_gazebo/src/gac_navigation2/gac_nav2_planner' with type 'ros.ament_cmake' and name 'gac_nav2_planner'
[0.658s] Level 1:colcon.colcon_core.package_identification:_identify(nav_ws_gazebo/src/gac_navigation2/gac_nav2_smoother) by extensions ['ignore', 'ignore_ament_install']
[0.658s] Level 1:colcon.colcon_core.package_identification:_identify(nav_ws_gazebo/src/gac_navigation2/gac_nav2_smoother) by extension 'ignore'
[0.658s] Level 1:colcon.colcon_core.package_identification:_identify(nav_ws_gazebo/src/gac_navigation2/gac_nav2_smoother) by extension 'ignore_ament_install'
[0.658s] Level 1:colcon.colcon_core.package_identification:_identify(nav_ws_gazebo/src/gac_navigation2/gac_nav2_smoother) by extensions ['colcon_pkg']
[0.658s] Level 1:colcon.colcon_core.package_identification:_identify(nav_ws_gazebo/src/gac_navigation2/gac_nav2_smoother) by extension 'colcon_pkg'
[0.658s] Level 1:colcon.colcon_core.package_identification:_identify(nav_ws_gazebo/src/gac_navigation2/gac_nav2_smoother) by extensions ['colcon_meta']
[0.658s] Level 1:colcon.colcon_core.package_identification:_identify(nav_ws_gazebo/src/gac_navigation2/gac_nav2_smoother) by extension 'colcon_meta'
[0.658s] Level 1:colcon.colcon_core.package_identification:_identify(nav_ws_gazebo/src/gac_navigation2/gac_nav2_smoother) by extensions ['ros']
[0.658s] Level 1:colcon.colcon_core.package_identification:_identify(nav_ws_gazebo/src/gac_navigation2/gac_nav2_smoother) by extension 'ros'
[0.660s] DEBUG:colcon.colcon_core.package_identification:Package 'nav_ws_gazebo/src/gac_navigation2/gac_nav2_smoother' with type 'ros.ament_cmake' and name 'gac_nav2_smoother'
[0.660s] Level 1:colcon.colcon_core.package_identification:_identify(nav_ws_gazebo/src/gac_navigation2/gac_nav2_velocity_smoother) by extensions ['ignore', 'ignore_ament_install']
[0.660s] Level 1:colcon.colcon_core.package_identification:_identify(nav_ws_gazebo/src/gac_navigation2/gac_nav2_velocity_smoother) by extension 'ignore'
[0.660s] Level 1:colcon.colcon_core.package_identification:_identify(nav_ws_gazebo/src/gac_navigation2/gac_nav2_velocity_smoother) by extension 'ignore_ament_install'
[0.660s] Level 1:colcon.colcon_core.package_identification:_identify(nav_ws_gazebo/src/gac_navigation2/gac_nav2_velocity_smoother) by extensions ['colcon_pkg']
[0.660s] Level 1:colcon.colcon_core.package_identification:_identify(nav_ws_gazebo/src/gac_navigation2/gac_nav2_velocity_smoother) by extension 'colcon_pkg'
[0.660s] Level 1:colcon.colcon_core.package_identification:_identify(nav_ws_gazebo/src/gac_navigation2/gac_nav2_velocity_smoother) by extensions ['colcon_meta']
[0.660s] Level 1:colcon.colcon_core.package_identification:_identify(nav_ws_gazebo/src/gac_navigation2/gac_nav2_velocity_smoother) by extension 'colcon_meta'
[0.660s] Level 1:colcon.colcon_core.package_identification:_identify(nav_ws_gazebo/src/gac_navigation2/gac_nav2_velocity_smoother) by extensions ['ros']
[0.660s] Level 1:colcon.colcon_core.package_identification:_identify(nav_ws_gazebo/src/gac_navigation2/gac_nav2_velocity_smoother) by extension 'ros'
[0.661s] DEBUG:colcon.colcon_core.package_identification:Package 'nav_ws_gazebo/src/gac_navigation2/gac_nav2_velocity_smoother' with type 'ros.ament_cmake' and name 'gac_nav2_velocity_smoother'
[0.661s] Level 1:colcon.colcon_core.package_identification:_identify(nav_ws_gazebo/src/gac_navigation2/gac_nav2_voxel_grid) by extensions ['ignore', 'ignore_ament_install']
[0.661s] Level 1:colcon.colcon_core.package_identification:_identify(nav_ws_gazebo/src/gac_navigation2/gac_nav2_voxel_grid) by extension 'ignore'
[0.661s] Level 1:colcon.colcon_core.package_identification:_identify(nav_ws_gazebo/src/gac_navigation2/gac_nav2_voxel_grid) by extension 'ignore_ament_install'
[0.661s] Level 1:colcon.colcon_core.package_identification:_identify(nav_ws_gazebo/src/gac_navigation2/gac_nav2_voxel_grid) by extensions ['colcon_pkg']
[0.661s] Level 1:colcon.colcon_core.package_identification:_identify(nav_ws_gazebo/src/gac_navigation2/gac_nav2_voxel_grid) by extension 'colcon_pkg'
[0.661s] Level 1:colcon.colcon_core.package_identification:_identify(nav_ws_gazebo/src/gac_navigation2/gac_nav2_voxel_grid) by extensions ['colcon_meta']
[0.661s] Level 1:colcon.colcon_core.package_identification:_identify(nav_ws_gazebo/src/gac_navigation2/gac_nav2_voxel_grid) by extension 'colcon_meta'
[0.661s] Level 1:colcon.colcon_core.package_identification:_identify(nav_ws_gazebo/src/gac_navigation2/gac_nav2_voxel_grid) by extensions ['ros']
[0.661s] Level 1:colcon.colcon_core.package_identification:_identify(nav_ws_gazebo/src/gac_navigation2/gac_nav2_voxel_grid) by extension 'ros'
[0.662s] DEBUG:colcon.colcon_core.package_identification:Package 'nav_ws_gazebo/src/gac_navigation2/gac_nav2_voxel_grid' with type 'ros.ament_cmake' and name 'gac_nav2_voxel_grid'
[0.662s] Level 1:colcon.colcon_core.package_identification:_identify(nav_ws_gazebo/src/gac_navigation2/gac_nav2_waypoint_follower) by extensions ['ignore', 'ignore_ament_install']
[0.662s] Level 1:colcon.colcon_core.package_identification:_identify(nav_ws_gazebo/src/gac_navigation2/gac_nav2_waypoint_follower) by extension 'ignore'
[0.662s] Level 1:colcon.colcon_core.package_identification:_identify(nav_ws_gazebo/src/gac_navigation2/gac_nav2_waypoint_follower) by extension 'ignore_ament_install'
[0.662s] Level 1:colcon.colcon_core.package_identification:_identify(nav_ws_gazebo/src/gac_navigation2/gac_nav2_waypoint_follower) by extensions ['colcon_pkg']
[0.662s] Level 1:colcon.colcon_core.package_identification:_identify(nav_ws_gazebo/src/gac_navigation2/gac_nav2_waypoint_follower) by extension 'colcon_pkg'
[0.662s] Level 1:colcon.colcon_core.package_identification:_identify(nav_ws_gazebo/src/gac_navigation2/gac_nav2_waypoint_follower) by extensions ['colcon_meta']
[0.662s] Level 1:colcon.colcon_core.package_identification:_identify(nav_ws_gazebo/src/gac_navigation2/gac_nav2_waypoint_follower) by extension 'colcon_meta'
[0.662s] Level 1:colcon.colcon_core.package_identification:_identify(nav_ws_gazebo/src/gac_navigation2/gac_nav2_waypoint_follower) by extensions ['ros']
[0.662s] Level 1:colcon.colcon_core.package_identification:_identify(nav_ws_gazebo/src/gac_navigation2/gac_nav2_waypoint_follower) by extension 'ros'
[0.663s] DEBUG:colcon.colcon_core.package_identification:Package 'nav_ws_gazebo/src/gac_navigation2/gac_nav2_waypoint_follower' with type 'ros.ament_cmake' and name 'gac_nav2_waypoint_follower'
[0.663s] Level 1:colcon.colcon_core.package_identification:_identify(nav_ws_gazebo/src/gac_navigation2/gac_navigation2) by extensions ['ignore', 'ignore_ament_install']
[0.663s] Level 1:colcon.colcon_core.package_identification:_identify(nav_ws_gazebo/src/gac_navigation2/gac_navigation2) by extension 'ignore'
[0.663s] Level 1:colcon.colcon_core.package_identification:_identify(nav_ws_gazebo/src/gac_navigation2/gac_navigation2) by extension 'ignore_ament_install'
[0.663s] Level 1:colcon.colcon_core.package_identification:_identify(nav_ws_gazebo/src/gac_navigation2/gac_navigation2) by extensions ['colcon_pkg']
[0.663s] Level 1:colcon.colcon_core.package_identification:_identify(nav_ws_gazebo/src/gac_navigation2/gac_navigation2) by extension 'colcon_pkg'
[0.663s] Level 1:colcon.colcon_core.package_identification:_identify(nav_ws_gazebo/src/gac_navigation2/gac_navigation2) by extensions ['colcon_meta']
[0.663s] Level 1:colcon.colcon_core.package_identification:_identify(nav_ws_gazebo/src/gac_navigation2/gac_navigation2) by extension 'colcon_meta'
[0.663s] Level 1:colcon.colcon_core.package_identification:_identify(nav_ws_gazebo/src/gac_navigation2/gac_navigation2) by extensions ['ros']
[0.663s] Level 1:colcon.colcon_core.package_identification:_identify(nav_ws_gazebo/src/gac_navigation2/gac_navigation2) by extension 'ros'
[0.664s] DEBUG:colcon.colcon_core.package_identification:Package 'nav_ws_gazebo/src/gac_navigation2/gac_navigation2' with type 'ros.ament_cmake' and name 'gac_navigation2'
[0.664s] Level 1:colcon.colcon_core.package_identification:_identify(nav_ws_gazebo/src/gac_navigation2/nav2_dwb_controller) by extensions ['ignore', 'ignore_ament_install']
[0.664s] Level 1:colcon.colcon_core.package_identification:_identify(nav_ws_gazebo/src/gac_navigation2/nav2_dwb_controller) by extension 'ignore'
[0.664s] Level 1:colcon.colcon_core.package_identification:_identify(nav_ws_gazebo/src/gac_navigation2/nav2_dwb_controller) by extension 'ignore_ament_install'
[0.664s] Level 1:colcon.colcon_core.package_identification:_identify(nav_ws_gazebo/src/gac_navigation2/nav2_dwb_controller) by extensions ['colcon_pkg']
[0.664s] Level 1:colcon.colcon_core.package_identification:_identify(nav_ws_gazebo/src/gac_navigation2/nav2_dwb_controller) by extension 'colcon_pkg'
[0.664s] Level 1:colcon.colcon_core.package_identification:_identify(nav_ws_gazebo/src/gac_navigation2/nav2_dwb_controller) by extensions ['colcon_meta']
[0.664s] Level 1:colcon.colcon_core.package_identification:_identify(nav_ws_gazebo/src/gac_navigation2/nav2_dwb_controller) by extension 'colcon_meta'
[0.664s] Level 1:colcon.colcon_core.package_identification:_identify(nav_ws_gazebo/src/gac_navigation2/nav2_dwb_controller) by extensions ['ros']
[0.664s] Level 1:colcon.colcon_core.package_identification:_identify(nav_ws_gazebo/src/gac_navigation2/nav2_dwb_controller) by extension 'ros'
[0.664s] Level 1:colcon.colcon_core.package_identification:_identify(nav_ws_gazebo/src/gac_navigation2/nav2_dwb_controller) by extensions ['cmake', 'python']
[0.664s] Level 1:colcon.colcon_core.package_identification:_identify(nav_ws_gazebo/src/gac_navigation2/nav2_dwb_controller) by extension 'cmake'
[0.664s] Level 1:colcon.colcon_core.package_identification:_identify(nav_ws_gazebo/src/gac_navigation2/nav2_dwb_controller) by extension 'python'
[0.664s] Level 1:colcon.colcon_core.package_identification:_identify(nav_ws_gazebo/src/gac_navigation2/nav2_dwb_controller) by extensions ['python_setup_py']
[0.664s] Level 1:colcon.colcon_core.package_identification:_identify(nav_ws_gazebo/src/gac_navigation2/nav2_dwb_controller) by extension 'python_setup_py'
[0.664s] Level 1:colcon.colcon_core.package_identification:_identify(nav_ws_gazebo/src/gac_navigation2/nav2_dwb_controller/costmap_queue) by extensions ['ignore', 'ignore_ament_install']
[0.664s] Level 1:colcon.colcon_core.package_identification:_identify(nav_ws_gazebo/src/gac_navigation2/nav2_dwb_controller/costmap_queue) by extension 'ignore'
[0.664s] Level 1:colcon.colcon_core.package_identification:_identify(nav_ws_gazebo/src/gac_navigation2/nav2_dwb_controller/costmap_queue) by extension 'ignore_ament_install'
[0.664s] Level 1:colcon.colcon_core.package_identification:_identify(nav_ws_gazebo/src/gac_navigation2/nav2_dwb_controller/costmap_queue) by extensions ['colcon_pkg']
[0.664s] Level 1:colcon.colcon_core.package_identification:_identify(nav_ws_gazebo/src/gac_navigation2/nav2_dwb_controller/costmap_queue) by extension 'colcon_pkg'
[0.665s] Level 1:colcon.colcon_core.package_identification:_identify(nav_ws_gazebo/src/gac_navigation2/nav2_dwb_controller/costmap_queue) by extensions ['colcon_meta']
[0.665s] Level 1:colcon.colcon_core.package_identification:_identify(nav_ws_gazebo/src/gac_navigation2/nav2_dwb_controller/costmap_queue) by extension 'colcon_meta'
[0.665s] Level 1:colcon.colcon_core.package_identification:_identify(nav_ws_gazebo/src/gac_navigation2/nav2_dwb_controller/costmap_queue) by extensions ['ros']
[0.665s] Level 1:colcon.colcon_core.package_identification:_identify(nav_ws_gazebo/src/gac_navigation2/nav2_dwb_controller/costmap_queue) by extension 'ros'
[0.665s] DEBUG:colcon.colcon_core.package_identification:Package 'nav_ws_gazebo/src/gac_navigation2/nav2_dwb_controller/costmap_queue' with type 'ros.ament_cmake' and name 'costmap_queue'
[0.665s] Level 1:colcon.colcon_core.package_identification:_identify(nav_ws_gazebo/src/gac_navigation2/nav2_dwb_controller/dwb_core) by extensions ['ignore', 'ignore_ament_install']
[0.666s] Level 1:colcon.colcon_core.package_identification:_identify(nav_ws_gazebo/src/gac_navigation2/nav2_dwb_controller/dwb_core) by extension 'ignore'
[0.666s] Level 1:colcon.colcon_core.package_identification:_identify(nav_ws_gazebo/src/gac_navigation2/nav2_dwb_controller/dwb_core) by extension 'ignore_ament_install'
[0.666s] Level 1:colcon.colcon_core.package_identification:_identify(nav_ws_gazebo/src/gac_navigation2/nav2_dwb_controller/dwb_core) by extensions ['colcon_pkg']
[0.666s] Level 1:colcon.colcon_core.package_identification:_identify(nav_ws_gazebo/src/gac_navigation2/nav2_dwb_controller/dwb_core) by extension 'colcon_pkg'
[0.666s] Level 1:colcon.colcon_core.package_identification:_identify(nav_ws_gazebo/src/gac_navigation2/nav2_dwb_controller/dwb_core) by extensions ['colcon_meta']
[0.666s] Level 1:colcon.colcon_core.package_identification:_identify(nav_ws_gazebo/src/gac_navigation2/nav2_dwb_controller/dwb_core) by extension 'colcon_meta'
[0.666s] Level 1:colcon.colcon_core.package_identification:_identify(nav_ws_gazebo/src/gac_navigation2/nav2_dwb_controller/dwb_core) by extensions ['ros']
[0.666s] Level 1:colcon.colcon_core.package_identification:_identify(nav_ws_gazebo/src/gac_navigation2/nav2_dwb_controller/dwb_core) by extension 'ros'
[0.666s] DEBUG:colcon.colcon_core.package_identification:Package 'nav_ws_gazebo/src/gac_navigation2/nav2_dwb_controller/dwb_core' with type 'ros.ament_cmake' and name 'dwb_core'
[0.667s] Level 1:colcon.colcon_core.package_identification:_identify(nav_ws_gazebo/src/gac_navigation2/nav2_dwb_controller/dwb_critics) by extensions ['ignore', 'ignore_ament_install']
[0.667s] Level 1:colcon.colcon_core.package_identification:_identify(nav_ws_gazebo/src/gac_navigation2/nav2_dwb_controller/dwb_critics) by extension 'ignore'
[0.667s] Level 1:colcon.colcon_core.package_identification:_identify(nav_ws_gazebo/src/gac_navigation2/nav2_dwb_controller/dwb_critics) by extension 'ignore_ament_install'
[0.667s] Level 1:colcon.colcon_core.package_identification:_identify(nav_ws_gazebo/src/gac_navigation2/nav2_dwb_controller/dwb_critics) by extensions ['colcon_pkg']
[0.667s] Level 1:colcon.colcon_core.package_identification:_identify(nav_ws_gazebo/src/gac_navigation2/nav2_dwb_controller/dwb_critics) by extension 'colcon_pkg'
[0.667s] Level 1:colcon.colcon_core.package_identification:_identify(nav_ws_gazebo/src/gac_navigation2/nav2_dwb_controller/dwb_critics) by extensions ['colcon_meta']
[0.667s] Level 1:colcon.colcon_core.package_identification:_identify(nav_ws_gazebo/src/gac_navigation2/nav2_dwb_controller/dwb_critics) by extension 'colcon_meta'
[0.667s] Level 1:colcon.colcon_core.package_identification:_identify(nav_ws_gazebo/src/gac_navigation2/nav2_dwb_controller/dwb_critics) by extensions ['ros']
[0.667s] Level 1:colcon.colcon_core.package_identification:_identify(nav_ws_gazebo/src/gac_navigation2/nav2_dwb_controller/dwb_critics) by extension 'ros'
[0.668s] DEBUG:colcon.colcon_core.package_identification:Package 'nav_ws_gazebo/src/gac_navigation2/nav2_dwb_controller/dwb_critics' with type 'ros.ament_cmake' and name 'dwb_critics'
[0.668s] Level 1:colcon.colcon_core.package_identification:_identify(nav_ws_gazebo/src/gac_navigation2/nav2_dwb_controller/dwb_msgs) by extensions ['ignore', 'ignore_ament_install']
[0.668s] Level 1:colcon.colcon_core.package_identification:_identify(nav_ws_gazebo/src/gac_navigation2/nav2_dwb_controller/dwb_msgs) by extension 'ignore'
[0.668s] Level 1:colcon.colcon_core.package_identification:_identify(nav_ws_gazebo/src/gac_navigation2/nav2_dwb_controller/dwb_msgs) by extension 'ignore_ament_install'
[0.668s] Level 1:colcon.colcon_core.package_identification:_identify(nav_ws_gazebo/src/gac_navigation2/nav2_dwb_controller/dwb_msgs) by extensions ['colcon_pkg']
[0.668s] Level 1:colcon.colcon_core.package_identification:_identify(nav_ws_gazebo/src/gac_navigation2/nav2_dwb_controller/dwb_msgs) by extension 'colcon_pkg'
[0.668s] Level 1:colcon.colcon_core.package_identification:_identify(nav_ws_gazebo/src/gac_navigation2/nav2_dwb_controller/dwb_msgs) by extensions ['colcon_meta']
[0.668s] Level 1:colcon.colcon_core.package_identification:_identify(nav_ws_gazebo/src/gac_navigation2/nav2_dwb_controller/dwb_msgs) by extension 'colcon_meta'
[0.668s] Level 1:colcon.colcon_core.package_identification:_identify(nav_ws_gazebo/src/gac_navigation2/nav2_dwb_controller/dwb_msgs) by extensions ['ros']
[0.668s] Level 1:colcon.colcon_core.package_identification:_identify(nav_ws_gazebo/src/gac_navigation2/nav2_dwb_controller/dwb_msgs) by extension 'ros'
[0.669s] DEBUG:colcon.colcon_core.package_identification:Package 'nav_ws_gazebo/src/gac_navigation2/nav2_dwb_controller/dwb_msgs' with type 'ros.ament_cmake' and name 'dwb_msgs'
[0.669s] Level 1:colcon.colcon_core.package_identification:_identify(nav_ws_gazebo/src/gac_navigation2/nav2_dwb_controller/dwb_plugins) by extensions ['ignore', 'ignore_ament_install']
[0.669s] Level 1:colcon.colcon_core.package_identification:_identify(nav_ws_gazebo/src/gac_navigation2/nav2_dwb_controller/dwb_plugins) by extension 'ignore'
[0.669s] Level 1:colcon.colcon_core.package_identification:_identify(nav_ws_gazebo/src/gac_navigation2/nav2_dwb_controller/dwb_plugins) by extension 'ignore_ament_install'
[0.669s] Level 1:colcon.colcon_core.package_identification:_identify(nav_ws_gazebo/src/gac_navigation2/nav2_dwb_controller/dwb_plugins) by extensions ['colcon_pkg']
[0.669s] Level 1:colcon.colcon_core.package_identification:_identify(nav_ws_gazebo/src/gac_navigation2/nav2_dwb_controller/dwb_plugins) by extension 'colcon_pkg'
[0.669s] Level 1:colcon.colcon_core.package_identification:_identify(nav_ws_gazebo/src/gac_navigation2/nav2_dwb_controller/dwb_plugins) by extensions ['colcon_meta']
[0.669s] Level 1:colcon.colcon_core.package_identification:_identify(nav_ws_gazebo/src/gac_navigation2/nav2_dwb_controller/dwb_plugins) by extension 'colcon_meta'
[0.669s] Level 1:colcon.colcon_core.package_identification:_identify(nav_ws_gazebo/src/gac_navigation2/nav2_dwb_controller/dwb_plugins) by extensions ['ros']
[0.669s] Level 1:colcon.colcon_core.package_identification:_identify(nav_ws_gazebo/src/gac_navigation2/nav2_dwb_controller/dwb_plugins) by extension 'ros'
[0.670s] DEBUG:colcon.colcon_core.package_identification:Package 'nav_ws_gazebo/src/gac_navigation2/nav2_dwb_controller/dwb_plugins' with type 'ros.ament_cmake' and name 'dwb_plugins'
[0.670s] Level 1:colcon.colcon_core.package_identification:_identify(nav_ws_gazebo/src/gac_navigation2/nav2_dwb_controller/images) by extensions ['ignore', 'ignore_ament_install']
[0.671s] Level 1:colcon.colcon_core.package_identification:_identify(nav_ws_gazebo/src/gac_navigation2/nav2_dwb_controller/images) by extension 'ignore'
[0.671s] Level 1:colcon.colcon_core.package_identification:_identify(nav_ws_gazebo/src/gac_navigation2/nav2_dwb_controller/images) by extension 'ignore_ament_install'
[0.671s] Level 1:colcon.colcon_core.package_identification:_identify(nav_ws_gazebo/src/gac_navigation2/nav2_dwb_controller/images) by extensions ['colcon_pkg']
[0.671s] Level 1:colcon.colcon_core.package_identification:_identify(nav_ws_gazebo/src/gac_navigation2/nav2_dwb_controller/images) by extension 'colcon_pkg'
[0.671s] Level 1:colcon.colcon_core.package_identification:_identify(nav_ws_gazebo/src/gac_navigation2/nav2_dwb_controller/images) by extensions ['colcon_meta']
[0.671s] Level 1:colcon.colcon_core.package_identification:_identify(nav_ws_gazebo/src/gac_navigation2/nav2_dwb_controller/images) by extension 'colcon_meta'
[0.671s] Level 1:colcon.colcon_core.package_identification:_identify(nav_ws_gazebo/src/gac_navigation2/nav2_dwb_controller/images) by extensions ['ros']
[0.671s] Level 1:colcon.colcon_core.package_identification:_identify(nav_ws_gazebo/src/gac_navigation2/nav2_dwb_controller/images) by extension 'ros'
[0.671s] Level 1:colcon.colcon_core.package_identification:_identify(nav_ws_gazebo/src/gac_navigation2/nav2_dwb_controller/images) by extensions ['cmake', 'python']
[0.671s] Level 1:colcon.colcon_core.package_identification:_identify(nav_ws_gazebo/src/gac_navigation2/nav2_dwb_controller/images) by extension 'cmake'
[0.671s] Level 1:colcon.colcon_core.package_identification:_identify(nav_ws_gazebo/src/gac_navigation2/nav2_dwb_controller/images) by extension 'python'
[0.671s] Level 1:colcon.colcon_core.package_identification:_identify(nav_ws_gazebo/src/gac_navigation2/nav2_dwb_controller/images) by extensions ['python_setup_py']
[0.671s] Level 1:colcon.colcon_core.package_identification:_identify(nav_ws_gazebo/src/gac_navigation2/nav2_dwb_controller/images) by extension 'python_setup_py'
[0.671s] Level 1:colcon.colcon_core.package_identification:_identify(nav_ws_gazebo/src/gac_navigation2/nav2_dwb_controller/nav2_dwb_controller) by extensions ['ignore', 'ignore_ament_install']
[0.671s] Level 1:colcon.colcon_core.package_identification:_identify(nav_ws_gazebo/src/gac_navigation2/nav2_dwb_controller/nav2_dwb_controller) by extension 'ignore'
[0.671s] Level 1:colcon.colcon_core.package_identification:_identify(nav_ws_gazebo/src/gac_navigation2/nav2_dwb_controller/nav2_dwb_controller) by extension 'ignore_ament_install'
[0.671s] Level 1:colcon.colcon_core.package_identification:_identify(nav_ws_gazebo/src/gac_navigation2/nav2_dwb_controller/nav2_dwb_controller) by extensions ['colcon_pkg']
[0.671s] Level 1:colcon.colcon_core.package_identification:_identify(nav_ws_gazebo/src/gac_navigation2/nav2_dwb_controller/nav2_dwb_controller) by extension 'colcon_pkg'
[0.671s] Level 1:colcon.colcon_core.package_identification:_identify(nav_ws_gazebo/src/gac_navigation2/nav2_dwb_controller/nav2_dwb_controller) by extensions ['colcon_meta']
[0.671s] Level 1:colcon.colcon_core.package_identification:_identify(nav_ws_gazebo/src/gac_navigation2/nav2_dwb_controller/nav2_dwb_controller) by extension 'colcon_meta'
[0.671s] Level 1:colcon.colcon_core.package_identification:_identify(nav_ws_gazebo/src/gac_navigation2/nav2_dwb_controller/nav2_dwb_controller) by extensions ['ros']
[0.671s] Level 1:colcon.colcon_core.package_identification:_identify(nav_ws_gazebo/src/gac_navigation2/nav2_dwb_controller/nav2_dwb_controller) by extension 'ros'
[0.672s] DEBUG:colcon.colcon_core.package_identification:Package 'nav_ws_gazebo/src/gac_navigation2/nav2_dwb_controller/nav2_dwb_controller' with type 'ros.ament_cmake' and name 'nav2_dwb_controller'
[0.673s] Level 1:colcon.colcon_core.package_identification:_identify(nav_ws_gazebo/src/gac_navigation2/nav2_dwb_controller/nav_2d_msgs) by extensions ['ignore', 'ignore_ament_install']
[0.673s] Level 1:colcon.colcon_core.package_identification:_identify(nav_ws_gazebo/src/gac_navigation2/nav2_dwb_controller/nav_2d_msgs) by extension 'ignore'
[0.673s] Level 1:colcon.colcon_core.package_identification:_identify(nav_ws_gazebo/src/gac_navigation2/nav2_dwb_controller/nav_2d_msgs) by extension 'ignore_ament_install'
[0.673s] Level 1:colcon.colcon_core.package_identification:_identify(nav_ws_gazebo/src/gac_navigation2/nav2_dwb_controller/nav_2d_msgs) by extensions ['colcon_pkg']
[0.673s] Level 1:colcon.colcon_core.package_identification:_identify(nav_ws_gazebo/src/gac_navigation2/nav2_dwb_controller/nav_2d_msgs) by extension 'colcon_pkg'
[0.673s] Level 1:colcon.colcon_core.package_identification:_identify(nav_ws_gazebo/src/gac_navigation2/nav2_dwb_controller/nav_2d_msgs) by extensions ['colcon_meta']
[0.673s] Level 1:colcon.colcon_core.package_identification:_identify(nav_ws_gazebo/src/gac_navigation2/nav2_dwb_controller/nav_2d_msgs) by extension 'colcon_meta'
[0.673s] Level 1:colcon.colcon_core.package_identification:_identify(nav_ws_gazebo/src/gac_navigation2/nav2_dwb_controller/nav_2d_msgs) by extensions ['ros']
[0.673s] Level 1:colcon.colcon_core.package_identification:_identify(nav_ws_gazebo/src/gac_navigation2/nav2_dwb_controller/nav_2d_msgs) by extension 'ros'
[0.674s] DEBUG:colcon.colcon_core.package_identification:Package 'nav_ws_gazebo/src/gac_navigation2/nav2_dwb_controller/nav_2d_msgs' with type 'ros.ament_cmake' and name 'nav_2d_msgs'
[0.674s] Level 1:colcon.colcon_core.package_identification:_identify(nav_ws_gazebo/src/gac_navigation2/nav2_dwb_controller/nav_2d_utils) by extensions ['ignore', 'ignore_ament_install']
[0.674s] Level 1:colcon.colcon_core.package_identification:_identify(nav_ws_gazebo/src/gac_navigation2/nav2_dwb_controller/nav_2d_utils) by extension 'ignore'
[0.674s] Level 1:colcon.colcon_core.package_identification:_identify(nav_ws_gazebo/src/gac_navigation2/nav2_dwb_controller/nav_2d_utils) by extension 'ignore_ament_install'
[0.674s] Level 1:colcon.colcon_core.package_identification:_identify(nav_ws_gazebo/src/gac_navigation2/nav2_dwb_controller/nav_2d_utils) by extensions ['colcon_pkg']
[0.674s] Level 1:colcon.colcon_core.package_identification:_identify(nav_ws_gazebo/src/gac_navigation2/nav2_dwb_controller/nav_2d_utils) by extension 'colcon_pkg'
[0.674s] Level 1:colcon.colcon_core.package_identification:_identify(nav_ws_gazebo/src/gac_navigation2/nav2_dwb_controller/nav_2d_utils) by extensions ['colcon_meta']
[0.674s] Level 1:colcon.colcon_core.package_identification:_identify(nav_ws_gazebo/src/gac_navigation2/nav2_dwb_controller/nav_2d_utils) by extension 'colcon_meta'
[0.674s] Level 1:colcon.colcon_core.package_identification:_identify(nav_ws_gazebo/src/gac_navigation2/nav2_dwb_controller/nav_2d_utils) by extensions ['ros']
[0.675s] Level 1:colcon.colcon_core.package_identification:_identify(nav_ws_gazebo/src/gac_navigation2/nav2_dwb_controller/nav_2d_utils) by extension 'ros'
[0.675s] DEBUG:colcon.colcon_core.package_identification:Package 'nav_ws_gazebo/src/gac_navigation2/nav2_dwb_controller/nav_2d_utils' with type 'ros.ament_cmake' and name 'nav_2d_utils'
[0.675s] Level 1:colcon.colcon_core.package_identification:_identify(nav_ws_gazebo/src/gac_navigation2/nav2_fixed_path_route) by extensions ['ignore', 'ignore_ament_install']
[0.676s] Level 1:colcon.colcon_core.package_identification:_identify(nav_ws_gazebo/src/gac_navigation2/nav2_fixed_path_route) by extension 'ignore'
[0.676s] Level 1:colcon.colcon_core.package_identification:_identify(nav_ws_gazebo/src/gac_navigation2/nav2_fixed_path_route) by extension 'ignore_ament_install'
[0.676s] Level 1:colcon.colcon_core.package_identification:_identify(nav_ws_gazebo/src/gac_navigation2/nav2_fixed_path_route) by extensions ['colcon_pkg']
[0.676s] Level 1:colcon.colcon_core.package_identification:_identify(nav_ws_gazebo/src/gac_navigation2/nav2_fixed_path_route) by extension 'colcon_pkg'
[0.676s] Level 1:colcon.colcon_core.package_identification:_identify(nav_ws_gazebo/src/gac_navigation2/nav2_fixed_path_route) by extensions ['colcon_meta']
[0.676s] Level 1:colcon.colcon_core.package_identification:_identify(nav_ws_gazebo/src/gac_navigation2/nav2_fixed_path_route) by extension 'colcon_meta'
[0.676s] Level 1:colcon.colcon_core.package_identification:_identify(nav_ws_gazebo/src/gac_navigation2/nav2_fixed_path_route) by extensions ['ros']
[0.676s] Level 1:colcon.colcon_core.package_identification:_identify(nav_ws_gazebo/src/gac_navigation2/nav2_fixed_path_route) by extension 'ros'
[0.677s] DEBUG:colcon.colcon_core.package_identification:Package 'nav_ws_gazebo/src/gac_navigation2/nav2_fixed_path_route' with type 'ros.ament_cmake' and name 'nav2_fixed_path_route'
[0.677s] Level 1:colcon.colcon_core.package_identification:_identify(nav_ws_gazebo/src/gac_navigation2/nav2_graceful_controller) by extensions ['ignore', 'ignore_ament_install']
[0.677s] Level 1:colcon.colcon_core.package_identification:_identify(nav_ws_gazebo/src/gac_navigation2/nav2_graceful_controller) by extension 'ignore'
[0.677s] Level 1:colcon.colcon_core.package_identification:_identify(nav_ws_gazebo/src/gac_navigation2/nav2_graceful_controller) by extension 'ignore_ament_install'
[0.677s] Level 1:colcon.colcon_core.package_identification:_identify(nav_ws_gazebo/src/gac_navigation2/nav2_graceful_controller) by extensions ['colcon_pkg']
[0.677s] Level 1:colcon.colcon_core.package_identification:_identify(nav_ws_gazebo/src/gac_navigation2/nav2_graceful_controller) by extension 'colcon_pkg'
[0.677s] Level 1:colcon.colcon_core.package_identification:_identify(nav_ws_gazebo/src/gac_navigation2/nav2_graceful_controller) by extensions ['colcon_meta']
[0.677s] Level 1:colcon.colcon_core.package_identification:_identify(nav_ws_gazebo/src/gac_navigation2/nav2_graceful_controller) by extension 'colcon_meta'
[0.677s] Level 1:colcon.colcon_core.package_identification:_identify(nav_ws_gazebo/src/gac_navigation2/nav2_graceful_controller) by extensions ['ros']
[0.677s] Level 1:colcon.colcon_core.package_identification:_identify(nav_ws_gazebo/src/gac_navigation2/nav2_graceful_controller) by extension 'ros'
[0.678s] DEBUG:colcon.colcon_core.package_identification:Package 'nav_ws_gazebo/src/gac_navigation2/nav2_graceful_controller' with type 'ros.ament_cmake' and name 'nav2_graceful_controller'
[0.678s] Level 1:colcon.colcon_core.package_identification:_identify(nav_ws_gazebo/src/gac_navigation2/nav2_lifecycle_manager) by extensions ['ignore', 'ignore_ament_install']
[0.678s] Level 1:colcon.colcon_core.package_identification:_identify(nav_ws_gazebo/src/gac_navigation2/nav2_lifecycle_manager) by extension 'ignore'
[0.678s] Level 1:colcon.colcon_core.package_identification:_identify(nav_ws_gazebo/src/gac_navigation2/nav2_lifecycle_manager) by extension 'ignore_ament_install'
[0.678s] Level 1:colcon.colcon_core.package_identification:_identify(nav_ws_gazebo/src/gac_navigation2/nav2_lifecycle_manager) by extensions ['colcon_pkg']
[0.678s] Level 1:colcon.colcon_core.package_identification:_identify(nav_ws_gazebo/src/gac_navigation2/nav2_lifecycle_manager) by extension 'colcon_pkg'
[0.678s] Level 1:colcon.colcon_core.package_identification:_identify(nav_ws_gazebo/src/gac_navigation2/nav2_lifecycle_manager) by extensions ['colcon_meta']
[0.678s] Level 1:colcon.colcon_core.package_identification:_identify(nav_ws_gazebo/src/gac_navigation2/nav2_lifecycle_manager) by extension 'colcon_meta'
[0.679s] Level 1:colcon.colcon_core.package_identification:_identify(nav_ws_gazebo/src/gac_navigation2/nav2_lifecycle_manager) by extensions ['ros']
[0.679s] Level 1:colcon.colcon_core.package_identification:_identify(nav_ws_gazebo/src/gac_navigation2/nav2_lifecycle_manager) by extension 'ros'
[0.680s] DEBUG:colcon.colcon_core.package_identification:Package 'nav_ws_gazebo/src/gac_navigation2/nav2_lifecycle_manager' with type 'ros.ament_cmake' and name 'nav2_lifecycle_manager'
[0.680s] Level 1:colcon.colcon_core.package_identification:_identify(nav_ws_gazebo/src/gac_navigation2/nav2_map_server) by extensions ['ignore', 'ignore_ament_install']
[0.680s] Level 1:colcon.colcon_core.package_identification:_identify(nav_ws_gazebo/src/gac_navigation2/nav2_map_server) by extension 'ignore'
[0.680s] Level 1:colcon.colcon_core.package_identification:_identify(nav_ws_gazebo/src/gac_navigation2/nav2_map_server) by extension 'ignore_ament_install'
[0.680s] Level 1:colcon.colcon_core.package_identification:_identify(nav_ws_gazebo/src/gac_navigation2/nav2_map_server) by extensions ['colcon_pkg']
[0.680s] Level 1:colcon.colcon_core.package_identification:_identify(nav_ws_gazebo/src/gac_navigation2/nav2_map_server) by extension 'colcon_pkg'
[0.680s] Level 1:colcon.colcon_core.package_identification:_identify(nav_ws_gazebo/src/gac_navigation2/nav2_map_server) by extensions ['colcon_meta']
[0.680s] Level 1:colcon.colcon_core.package_identification:_identify(nav_ws_gazebo/src/gac_navigation2/nav2_map_server) by extension 'colcon_meta'
[0.680s] Level 1:colcon.colcon_core.package_identification:_identify(nav_ws_gazebo/src/gac_navigation2/nav2_map_server) by extensions ['ros']
[0.680s] Level 1:colcon.colcon_core.package_identification:_identify(nav_ws_gazebo/src/gac_navigation2/nav2_map_server) by extension 'ros'
[0.681s] DEBUG:colcon.colcon_core.package_identification:Package 'nav_ws_gazebo/src/gac_navigation2/nav2_map_server' with type 'ros.ament_cmake' and name 'nav2_map_server'
[0.681s] Level 1:colcon.colcon_core.package_identification:_identify(nav_ws_gazebo/src/gac_navigation2/nav2_mppi_controller) by extensions ['ignore', 'ignore_ament_install']
[0.681s] Level 1:colcon.colcon_core.package_identification:_identify(nav_ws_gazebo/src/gac_navigation2/nav2_mppi_controller) by extension 'ignore'
[0.682s] Level 1:colcon.colcon_core.package_identification:_identify(nav_ws_gazebo/src/gac_navigation2/nav2_mppi_controller) by extension 'ignore_ament_install'
[0.682s] Level 1:colcon.colcon_core.package_identification:_identify(nav_ws_gazebo/src/gac_navigation2/nav2_mppi_controller) by extensions ['colcon_pkg']
[0.682s] Level 1:colcon.colcon_core.package_identification:_identify(nav_ws_gazebo/src/gac_navigation2/nav2_mppi_controller) by extension 'colcon_pkg'
[0.682s] Level 1:colcon.colcon_core.package_identification:_identify(nav_ws_gazebo/src/gac_navigation2/nav2_mppi_controller) by extensions ['colcon_meta']
[0.682s] Level 1:colcon.colcon_core.package_identification:_identify(nav_ws_gazebo/src/gac_navigation2/nav2_mppi_controller) by extension 'colcon_meta'
[0.682s] Level 1:colcon.colcon_core.package_identification:_identify(nav_ws_gazebo/src/gac_navigation2/nav2_mppi_controller) by extensions ['ros']
[0.682s] Level 1:colcon.colcon_core.package_identification:_identify(nav_ws_gazebo/src/gac_navigation2/nav2_mppi_controller) by extension 'ros'
[0.684s] DEBUG:colcon.colcon_core.package_identification:Package 'nav_ws_gazebo/src/gac_navigation2/nav2_mppi_controller' with type 'ros.ament_cmake' and name 'nav2_mppi_controller'
[0.684s] Level 1:colcon.colcon_core.package_identification:_identify(nav_ws_gazebo/src/gac_navigation2/nav2_navfn_planner) by extensions ['ignore', 'ignore_ament_install']
[0.684s] Level 1:colcon.colcon_core.package_identification:_identify(nav_ws_gazebo/src/gac_navigation2/nav2_navfn_planner) by extension 'ignore'
[0.684s] Level 1:colcon.colcon_core.package_identification:_identify(nav_ws_gazebo/src/gac_navigation2/nav2_navfn_planner) by extension 'ignore_ament_install'
[0.684s] Level 1:colcon.colcon_core.package_identification:_identify(nav_ws_gazebo/src/gac_navigation2/nav2_navfn_planner) by extensions ['colcon_pkg']
[0.684s] Level 1:colcon.colcon_core.package_identification:_identify(nav_ws_gazebo/src/gac_navigation2/nav2_navfn_planner) by extension 'colcon_pkg'
[0.684s] Level 1:colcon.colcon_core.package_identification:_identify(nav_ws_gazebo/src/gac_navigation2/nav2_navfn_planner) by extensions ['colcon_meta']
[0.684s] Level 1:colcon.colcon_core.package_identification:_identify(nav_ws_gazebo/src/gac_navigation2/nav2_navfn_planner) by extension 'colcon_meta'
[0.684s] Level 1:colcon.colcon_core.package_identification:_identify(nav_ws_gazebo/src/gac_navigation2/nav2_navfn_planner) by extensions ['ros']
[0.684s] Level 1:colcon.colcon_core.package_identification:_identify(nav_ws_gazebo/src/gac_navigation2/nav2_navfn_planner) by extension 'ros'
[0.686s] DEBUG:colcon.colcon_core.package_identification:Package 'nav_ws_gazebo/src/gac_navigation2/nav2_navfn_planner' with type 'ros.ament_cmake' and name 'nav2_navfn_planner'
[0.686s] Level 1:colcon.colcon_core.package_identification:_identify(nav_ws_gazebo/src/gac_navigation2/nav2_regulated_pure_pursuit_controller) by extensions ['ignore', 'ignore_ament_install']
[0.686s] Level 1:colcon.colcon_core.package_identification:_identify(nav_ws_gazebo/src/gac_navigation2/nav2_regulated_pure_pursuit_controller) by extension 'ignore'
[0.686s] Level 1:colcon.colcon_core.package_identification:_identify(nav_ws_gazebo/src/gac_navigation2/nav2_regulated_pure_pursuit_controller) by extension 'ignore_ament_install'
[0.686s] Level 1:colcon.colcon_core.package_identification:_identify(nav_ws_gazebo/src/gac_navigation2/nav2_regulated_pure_pursuit_controller) by extensions ['colcon_pkg']
[0.686s] Level 1:colcon.colcon_core.package_identification:_identify(nav_ws_gazebo/src/gac_navigation2/nav2_regulated_pure_pursuit_controller) by extension 'colcon_pkg'
[0.686s] Level 1:colcon.colcon_core.package_identification:_identify(nav_ws_gazebo/src/gac_navigation2/nav2_regulated_pure_pursuit_controller) by extensions ['colcon_meta']
[0.686s] Level 1:colcon.colcon_core.package_identification:_identify(nav_ws_gazebo/src/gac_navigation2/nav2_regulated_pure_pursuit_controller) by extension 'colcon_meta'
[0.686s] Level 1:colcon.colcon_core.package_identification:_identify(nav_ws_gazebo/src/gac_navigation2/nav2_regulated_pure_pursuit_controller) by extensions ['ros']
[0.686s] Level 1:colcon.colcon_core.package_identification:_identify(nav_ws_gazebo/src/gac_navigation2/nav2_regulated_pure_pursuit_controller) by extension 'ros'
[0.687s] DEBUG:colcon.colcon_core.package_identification:Package 'nav_ws_gazebo/src/gac_navigation2/nav2_regulated_pure_pursuit_controller' with type 'ros.ament_cmake' and name 'nav2_regulated_pure_pursuit_controller'
[0.687s] Level 1:colcon.colcon_core.package_identification:_identify(nav_ws_gazebo/src/gac_navigation2/nav2_rotation_shim_controller) by extensions ['ignore', 'ignore_ament_install']
[0.688s] Level 1:colcon.colcon_core.package_identification:_identify(nav_ws_gazebo/src/gac_navigation2/nav2_rotation_shim_controller) by extension 'ignore'
[0.688s] Level 1:colcon.colcon_core.package_identification:_identify(nav_ws_gazebo/src/gac_navigation2/nav2_rotation_shim_controller) by extension 'ignore_ament_install'
[0.688s] Level 1:colcon.colcon_core.package_identification:_identify(nav_ws_gazebo/src/gac_navigation2/nav2_rotation_shim_controller) by extensions ['colcon_pkg']
[0.688s] Level 1:colcon.colcon_core.package_identification:_identify(nav_ws_gazebo/src/gac_navigation2/nav2_rotation_shim_controller) by extension 'colcon_pkg'
[0.688s] Level 1:colcon.colcon_core.package_identification:_identify(nav_ws_gazebo/src/gac_navigation2/nav2_rotation_shim_controller) by extensions ['colcon_meta']
[0.688s] Level 1:colcon.colcon_core.package_identification:_identify(nav_ws_gazebo/src/gac_navigation2/nav2_rotation_shim_controller) by extension 'colcon_meta'
[0.688s] Level 1:colcon.colcon_core.package_identification:_identify(nav_ws_gazebo/src/gac_navigation2/nav2_rotation_shim_controller) by extensions ['ros']
[0.688s] Level 1:colcon.colcon_core.package_identification:_identify(nav_ws_gazebo/src/gac_navigation2/nav2_rotation_shim_controller) by extension 'ros'
[0.689s] DEBUG:colcon.colcon_core.package_identification:Package 'nav_ws_gazebo/src/gac_navigation2/nav2_rotation_shim_controller' with type 'ros.ament_cmake' and name 'nav2_rotation_shim_controller'
[0.689s] Level 1:colcon.colcon_core.package_identification:_identify(nav_ws_gazebo/src/gac_navigation2/nav2_smac_planner) by extensions ['ignore', 'ignore_ament_install']
[0.689s] Level 1:colcon.colcon_core.package_identification:_identify(nav_ws_gazebo/src/gac_navigation2/nav2_smac_planner) by extension 'ignore'
[0.689s] Level 1:colcon.colcon_core.package_identification:_identify(nav_ws_gazebo/src/gac_navigation2/nav2_smac_planner) by extension 'ignore_ament_install'
[0.689s] Level 1:colcon.colcon_core.package_identification:_identify(nav_ws_gazebo/src/gac_navigation2/nav2_smac_planner) by extensions ['colcon_pkg']
[0.689s] Level 1:colcon.colcon_core.package_identification:_identify(nav_ws_gazebo/src/gac_navigation2/nav2_smac_planner) by extension 'colcon_pkg'
[0.689s] Level 1:colcon.colcon_core.package_identification:_identify(nav_ws_gazebo/src/gac_navigation2/nav2_smac_planner) by extensions ['colcon_meta']
[0.689s] Level 1:colcon.colcon_core.package_identification:_identify(nav_ws_gazebo/src/gac_navigation2/nav2_smac_planner) by extension 'colcon_meta'
[0.689s] Level 1:colcon.colcon_core.package_identification:_identify(nav_ws_gazebo/src/gac_navigation2/nav2_smac_planner) by extensions ['ros']
[0.689s] Level 1:colcon.colcon_core.package_identification:_identify(nav_ws_gazebo/src/gac_navigation2/nav2_smac_planner) by extension 'ros'
[0.691s] DEBUG:colcon.colcon_core.package_identification:Package 'nav_ws_gazebo/src/gac_navigation2/nav2_smac_planner' with type 'ros.ament_cmake' and name 'nav2_smac_planner'
[0.691s] Level 1:colcon.colcon_core.package_identification:_identify(nav_ws_gazebo/src/gac_navigation2/nav2_theta_star_planner) by extensions ['ignore', 'ignore_ament_install']
[0.691s] Level 1:colcon.colcon_core.package_identification:_identify(nav_ws_gazebo/src/gac_navigation2/nav2_theta_star_planner) by extension 'ignore'
[0.691s] Level 1:colcon.colcon_core.package_identification:_identify(nav_ws_gazebo/src/gac_navigation2/nav2_theta_star_planner) by extension 'ignore_ament_install'
[0.692s] Level 1:colcon.colcon_core.package_identification:_identify(nav_ws_gazebo/src/gac_navigation2/nav2_theta_star_planner) by extensions ['colcon_pkg']
[0.692s] Level 1:colcon.colcon_core.package_identification:_identify(nav_ws_gazebo/src/gac_navigation2/nav2_theta_star_planner) by extension 'colcon_pkg'
[0.692s] Level 1:colcon.colcon_core.package_identification:_identify(nav_ws_gazebo/src/gac_navigation2/nav2_theta_star_planner) by extensions ['colcon_meta']
[0.692s] Level 1:colcon.colcon_core.package_identification:_identify(nav_ws_gazebo/src/gac_navigation2/nav2_theta_star_planner) by extension 'colcon_meta'
[0.692s] Level 1:colcon.colcon_core.package_identification:_identify(nav_ws_gazebo/src/gac_navigation2/nav2_theta_star_planner) by extensions ['ros']
[0.692s] Level 1:colcon.colcon_core.package_identification:_identify(nav_ws_gazebo/src/gac_navigation2/nav2_theta_star_planner) by extension 'ros'
[0.693s] DEBUG:colcon.colcon_core.package_identification:Package 'nav_ws_gazebo/src/gac_navigation2/nav2_theta_star_planner' with type 'ros.ament_cmake' and name 'nav2_theta_star_planner'
[0.693s] Level 1:colcon.colcon_core.package_identification:_identify(nav_ws_gazebo/src/gac_navigation2/nav2_util) by extensions ['ignore', 'ignore_ament_install']
[0.693s] Level 1:colcon.colcon_core.package_identification:_identify(nav_ws_gazebo/src/gac_navigation2/nav2_util) by extension 'ignore'
[0.693s] Level 1:colcon.colcon_core.package_identification:_identify(nav_ws_gazebo/src/gac_navigation2/nav2_util) by extension 'ignore_ament_install'
[0.693s] Level 1:colcon.colcon_core.package_identification:_identify(nav_ws_gazebo/src/gac_navigation2/nav2_util) by extensions ['colcon_pkg']
[0.693s] Level 1:colcon.colcon_core.package_identification:_identify(nav_ws_gazebo/src/gac_navigation2/nav2_util) by extension 'colcon_pkg'
[0.693s] Level 1:colcon.colcon_core.package_identification:_identify(nav_ws_gazebo/src/gac_navigation2/nav2_util) by extensions ['colcon_meta']
[0.693s] Level 1:colcon.colcon_core.package_identification:_identify(nav_ws_gazebo/src/gac_navigation2/nav2_util) by extension 'colcon_meta'
[0.693s] Level 1:colcon.colcon_core.package_identification:_identify(nav_ws_gazebo/src/gac_navigation2/nav2_util) by extensions ['ros']
[0.693s] Level 1:colcon.colcon_core.package_identification:_identify(nav_ws_gazebo/src/gac_navigation2/nav2_util) by extension 'ros'
[0.695s] DEBUG:colcon.colcon_core.package_identification:Package 'nav_ws_gazebo/src/gac_navigation2/nav2_util' with type 'ros.ament_cmake' and name 'nav2_util'
[0.695s] Level 1:colcon.colcon_core.package_identification:_identify(nav_ws_gazebo/src/gac_robot_msgs) by extensions ['ignore', 'ignore_ament_install']
[0.695s] Level 1:colcon.colcon_core.package_identification:_identify(nav_ws_gazebo/src/gac_robot_msgs) by extension 'ignore'
[0.695s] Level 1:colcon.colcon_core.package_identification:_identify(nav_ws_gazebo/src/gac_robot_msgs) by extension 'ignore_ament_install'
[0.696s] Level 1:colcon.colcon_core.package_identification:_identify(nav_ws_gazebo/src/gac_robot_msgs) by extensions ['colcon_pkg']
[0.696s] Level 1:colcon.colcon_core.package_identification:_identify(nav_ws_gazebo/src/gac_robot_msgs) by extension 'colcon_pkg'
[0.696s] Level 1:colcon.colcon_core.package_identification:_identify(nav_ws_gazebo/src/gac_robot_msgs) by extensions ['colcon_meta']
[0.696s] Level 1:colcon.colcon_core.package_identification:_identify(nav_ws_gazebo/src/gac_robot_msgs) by extension 'colcon_meta'
[0.696s] Level 1:colcon.colcon_core.package_identification:_identify(nav_ws_gazebo/src/gac_robot_msgs) by extensions ['ros']
[0.696s] Level 1:colcon.colcon_core.package_identification:_identify(nav_ws_gazebo/src/gac_robot_msgs) by extension 'ros'
[0.697s] DEBUG:colcon.colcon_core.package_identification:Package 'nav_ws_gazebo/src/gac_robot_msgs' with type 'ros.ament_cmake' and name 'gac_robot_msgs'
[0.697s] Level 1:colcon.colcon_core.package_identification:_identify(nav_ws_gazebo/src/gac_robot_task) by extensions ['ignore', 'ignore_ament_install']
[0.697s] Level 1:colcon.colcon_core.package_identification:_identify(nav_ws_gazebo/src/gac_robot_task) by extension 'ignore'
[0.697s] Level 1:colcon.colcon_core.package_identification:_identify(nav_ws_gazebo/src/gac_robot_task) by extension 'ignore_ament_install'
[0.697s] Level 1:colcon.colcon_core.package_identification:_identify(nav_ws_gazebo/src/gac_robot_task) by extensions ['colcon_pkg']
[0.697s] Level 1:colcon.colcon_core.package_identification:_identify(nav_ws_gazebo/src/gac_robot_task) by extension 'colcon_pkg'
[0.697s] Level 1:colcon.colcon_core.package_identification:_identify(nav_ws_gazebo/src/gac_robot_task) by extensions ['colcon_meta']
[0.697s] Level 1:colcon.colcon_core.package_identification:_identify(nav_ws_gazebo/src/gac_robot_task) by extension 'colcon_meta'
[0.697s] Level 1:colcon.colcon_core.package_identification:_identify(nav_ws_gazebo/src/gac_robot_task) by extensions ['ros']
[0.697s] Level 1:colcon.colcon_core.package_identification:_identify(nav_ws_gazebo/src/gac_robot_task) by extension 'ros'
[0.698s] DEBUG:colcon.colcon_core.package_identification:Package 'nav_ws_gazebo/src/gac_robot_task' with type 'ros.ament_cmake' and name 'gac_robot_task'
[0.698s] Level 1:colcon.colcon_core.package_identification:_identify(nav_ws_gazebo/src/gac_robot_task_py) by extensions ['ignore', 'ignore_ament_install']
[0.698s] Level 1:colcon.colcon_core.package_identification:_identify(nav_ws_gazebo/src/gac_robot_task_py) by extension 'ignore'
[0.698s] Level 1:colcon.colcon_core.package_identification:_identify(nav_ws_gazebo/src/gac_robot_task_py) by extension 'ignore_ament_install'
[0.698s] Level 1:colcon.colcon_core.package_identification:_identify(nav_ws_gazebo/src/gac_robot_task_py) by extensions ['colcon_pkg']
[0.698s] Level 1:colcon.colcon_core.package_identification:_identify(nav_ws_gazebo/src/gac_robot_task_py) by extension 'colcon_pkg'
[0.698s] Level 1:colcon.colcon_core.package_identification:_identify(nav_ws_gazebo/src/gac_robot_task_py) by extensions ['colcon_meta']
[0.698s] Level 1:colcon.colcon_core.package_identification:_identify(nav_ws_gazebo/src/gac_robot_task_py) by extension 'colcon_meta'
[0.698s] Level 1:colcon.colcon_core.package_identification:_identify(nav_ws_gazebo/src/gac_robot_task_py) by extensions ['ros']
[0.698s] Level 1:colcon.colcon_core.package_identification:_identify(nav_ws_gazebo/src/gac_robot_task_py) by extension 'ros'
[0.699s] DEBUG:colcon.colcon_core.package_identification:Package 'nav_ws_gazebo/src/gac_robot_task_py' with type 'ros.ament_python' and name 'gac_robot_task_py'
[0.699s] Level 1:colcon.colcon_core.package_identification:_identify(nav_ws_gazebo/src/laser_odom_transformer) by extensions ['ignore', 'ignore_ament_install']
[0.699s] Level 1:colcon.colcon_core.package_identification:_identify(nav_ws_gazebo/src/laser_odom_transformer) by extension 'ignore'
[0.699s] Level 1:colcon.colcon_core.package_identification:_identify(nav_ws_gazebo/src/laser_odom_transformer) by extension 'ignore_ament_install'
[0.699s] Level 1:colcon.colcon_core.package_identification:_identify(nav_ws_gazebo/src/laser_odom_transformer) by extensions ['colcon_pkg']
[0.699s] Level 1:colcon.colcon_core.package_identification:_identify(nav_ws_gazebo/src/laser_odom_transformer) by extension 'colcon_pkg'
[0.699s] Level 1:colcon.colcon_core.package_identification:_identify(nav_ws_gazebo/src/laser_odom_transformer) by extensions ['colcon_meta']
[0.699s] Level 1:colcon.colcon_core.package_identification:_identify(nav_ws_gazebo/src/laser_odom_transformer) by extension 'colcon_meta'
[0.699s] Level 1:colcon.colcon_core.package_identification:_identify(nav_ws_gazebo/src/laser_odom_transformer) by extensions ['ros']
[0.699s] Level 1:colcon.colcon_core.package_identification:_identify(nav_ws_gazebo/src/laser_odom_transformer) by extension 'ros'
[0.700s] DEBUG:colcon.colcon_core.package_identification:Package 'nav_ws_gazebo/src/laser_odom_transformer' with type 'ros.ament_cmake' and name 'laser_odom_transformer'
[0.700s] Level 1:colcon.colcon_core.package_identification:_identify(nav_ws_gazebo/src/mqtt_nav_control_cpp) by extensions ['ignore', 'ignore_ament_install']
[0.700s] Level 1:colcon.colcon_core.package_identification:_identify(nav_ws_gazebo/src/mqtt_nav_control_cpp) by extension 'ignore'
[0.700s] Level 1:colcon.colcon_core.package_identification:_identify(nav_ws_gazebo/src/mqtt_nav_control_cpp) by extension 'ignore_ament_install'
[0.700s] Level 1:colcon.colcon_core.package_identification:_identify(nav_ws_gazebo/src/mqtt_nav_control_cpp) by extensions ['colcon_pkg']
[0.700s] Level 1:colcon.colcon_core.package_identification:_identify(nav_ws_gazebo/src/mqtt_nav_control_cpp) by extension 'colcon_pkg'
[0.700s] Level 1:colcon.colcon_core.package_identification:_identify(nav_ws_gazebo/src/mqtt_nav_control_cpp) by extensions ['colcon_meta']
[0.700s] Level 1:colcon.colcon_core.package_identification:_identify(nav_ws_gazebo/src/mqtt_nav_control_cpp) by extension 'colcon_meta'
[0.700s] Level 1:colcon.colcon_core.package_identification:_identify(nav_ws_gazebo/src/mqtt_nav_control_cpp) by extensions ['ros']
[0.700s] Level 1:colcon.colcon_core.package_identification:_identify(nav_ws_gazebo/src/mqtt_nav_control_cpp) by extension 'ros'
[0.701s] DEBUG:colcon.colcon_core.package_identification:Package 'nav_ws_gazebo/src/mqtt_nav_control_cpp' with type 'ros.ament_cmake' and name 'mqtt_nav_control_cpp'
[0.701s] Level 1:colcon.colcon_core.package_identification:_identify(nav_ws_gazebo/src/record_path) by extensions ['ignore', 'ignore_ament_install']
[0.701s] Level 1:colcon.colcon_core.package_identification:_identify(nav_ws_gazebo/src/record_path) by extension 'ignore'
[0.701s] Level 1:colcon.colcon_core.package_identification:_identify(nav_ws_gazebo/src/record_path) by extension 'ignore_ament_install'
[0.701s] Level 1:colcon.colcon_core.package_identification:_identify(nav_ws_gazebo/src/record_path) by extensions ['colcon_pkg']
[0.701s] Level 1:colcon.colcon_core.package_identification:_identify(nav_ws_gazebo/src/record_path) by extension 'colcon_pkg'
[0.701s] Level 1:colcon.colcon_core.package_identification:_identify(nav_ws_gazebo/src/record_path) by extensions ['colcon_meta']
[0.701s] Level 1:colcon.colcon_core.package_identification:_identify(nav_ws_gazebo/src/record_path) by extension 'colcon_meta'
[0.701s] Level 1:colcon.colcon_core.package_identification:_identify(nav_ws_gazebo/src/record_path) by extensions ['ros']
[0.701s] Level 1:colcon.colcon_core.package_identification:_identify(nav_ws_gazebo/src/record_path) by extension 'ros'
[0.702s] DEBUG:colcon.colcon_core.package_identification:Package 'nav_ws_gazebo/src/record_path' with type 'ros.ament_cmake' and name 'record_path'
[0.702s] Level 1:colcon.colcon_core.package_identification:_identify(nav_ws_gazebo/src/road_network_collection_py) by extensions ['ignore', 'ignore_ament_install']
[0.702s] Level 1:colcon.colcon_core.package_identification:_identify(nav_ws_gazebo/src/road_network_collection_py) by extension 'ignore'
[0.702s] Level 1:colcon.colcon_core.package_identification:_identify(nav_ws_gazebo/src/road_network_collection_py) by extension 'ignore_ament_install'
[0.702s] Level 1:colcon.colcon_core.package_identification:_identify(nav_ws_gazebo/src/road_network_collection_py) by extensions ['colcon_pkg']
[0.702s] Level 1:colcon.colcon_core.package_identification:_identify(nav_ws_gazebo/src/road_network_collection_py) by extension 'colcon_pkg'
[0.702s] Level 1:colcon.colcon_core.package_identification:_identify(nav_ws_gazebo/src/road_network_collection_py) by extensions ['colcon_meta']
[0.702s] Level 1:colcon.colcon_core.package_identification:_identify(nav_ws_gazebo/src/road_network_collection_py) by extension 'colcon_meta'
[0.702s] Level 1:colcon.colcon_core.package_identification:_identify(nav_ws_gazebo/src/road_network_collection_py) by extensions ['ros']
[0.702s] Level 1:colcon.colcon_core.package_identification:_identify(nav_ws_gazebo/src/road_network_collection_py) by extension 'ros'
[0.703s] DEBUG:colcon.colcon_core.package_identification:Package 'nav_ws_gazebo/src/road_network_collection_py' with type 'ros.ament_python' and name 'road_network_collection_py'
[0.703s] Level 1:colcon.colcon_core.package_identification:_identify(nav_ws_gazebo/src/robot_navigation) by extensions ['ignore', 'ignore_ament_install']
[0.703s] Level 1:colcon.colcon_core.package_identification:_identify(nav_ws_gazebo/src/robot_navigation) by extension 'ignore'
[0.703s] Level 1:colcon.colcon_core.package_identification:_identify(nav_ws_gazebo/src/robot_navigation) by extension 'ignore_ament_install'
[0.703s] Level 1:colcon.colcon_core.package_identification:_identify(nav_ws_gazebo/src/robot_navigation) by extensions ['colcon_pkg']
[0.703s] Level 1:colcon.colcon_core.package_identification:_identify(nav_ws_gazebo/src/robot_navigation) by extension 'colcon_pkg'
[0.703s] Level 1:colcon.colcon_core.package_identification:_identify(nav_ws_gazebo/src/robot_navigation) by extensions ['colcon_meta']
[0.703s] Level 1:colcon.colcon_core.package_identification:_identify(nav_ws_gazebo/src/robot_navigation) by extension 'colcon_meta'
[0.703s] Level 1:colcon.colcon_core.package_identification:_identify(nav_ws_gazebo/src/robot_navigation) by extensions ['ros']
[0.703s] Level 1:colcon.colcon_core.package_identification:_identify(nav_ws_gazebo/src/robot_navigation) by extension 'ros'
[0.704s] DEBUG:colcon.colcon_core.package_identification:Package 'nav_ws_gazebo/src/robot_navigation' with type 'ros.ament_python' and name 'robot_navigation'
[0.704s] Level 1:colcon.colcon_core.package_identification:_identify(sim) by extensions ['ignore', 'ignore_ament_install']
[0.704s] Level 1:colcon.colcon_core.package_identification:_identify(sim) by extension 'ignore'
[0.704s] Level 1:colcon.colcon_core.package_identification:_identify(sim) by extension 'ignore_ament_install'
[0.704s] Level 1:colcon.colcon_core.package_identification:_identify(sim) by extensions ['colcon_pkg']
[0.704s] Level 1:colcon.colcon_core.package_identification:_identify(sim) by extension 'colcon_pkg'
[0.704s] Level 1:colcon.colcon_core.package_identification:_identify(sim) by extensions ['colcon_meta']
[0.704s] Level 1:colcon.colcon_core.package_identification:_identify(sim) by extension 'colcon_meta'
[0.704s] Level 1:colcon.colcon_core.package_identification:_identify(sim) by extensions ['ros']
[0.704s] Level 1:colcon.colcon_core.package_identification:_identify(sim) by extension 'ros'
[0.704s] Level 1:colcon.colcon_core.package_identification:_identify(sim) by extensions ['cmake', 'python']
[0.704s] Level 1:colcon.colcon_core.package_identification:_identify(sim) by extension 'cmake'
[0.705s] Level 1:colcon.colcon_core.package_identification:_identify(sim) by extension 'python'
[0.705s] Level 1:colcon.colcon_core.package_identification:_identify(sim) by extensions ['python_setup_py']
[0.705s] Level 1:colcon.colcon_core.package_identification:_identify(sim) by extension 'python_setup_py'
[0.705s] Level 1:colcon.colcon_core.package_identification:_identify(sim/build) by extensions ['ignore', 'ignore_ament_install']
[0.705s] Level 1:colcon.colcon_core.package_identification:_identify(sim/build) by extension 'ignore'
[0.705s] Level 1:colcon.colcon_core.package_identification:_identify(sim/build) ignored
[0.705s] Level 1:colcon.colcon_core.package_identification:_identify(sim/defender_3a) by extensions ['ignore', 'ignore_ament_install']
[0.705s] Level 1:colcon.colcon_core.package_identification:_identify(sim/defender_3a) by extension 'ignore'
[0.705s] Level 1:colcon.colcon_core.package_identification:_identify(sim/defender_3a) by extension 'ignore_ament_install'
[0.705s] Level 1:colcon.colcon_core.package_identification:_identify(sim/defender_3a) by extensions ['colcon_pkg']
[0.705s] Level 1:colcon.colcon_core.package_identification:_identify(sim/defender_3a) by extension 'colcon_pkg'
[0.705s] Level 1:colcon.colcon_core.package_identification:_identify(sim/defender_3a) by extensions ['colcon_meta']
[0.705s] Level 1:colcon.colcon_core.package_identification:_identify(sim/defender_3a) by extension 'colcon_meta'
[0.705s] Level 1:colcon.colcon_core.package_identification:_identify(sim/defender_3a) by extensions ['ros']
[0.705s] Level 1:colcon.colcon_core.package_identification:_identify(sim/defender_3a) by extension 'ros'
[0.706s] DEBUG:colcon.colcon_core.package_identification:Package 'sim/defender_3a' with type 'ros.ament_cmake' and name 'defender_3a'
[0.706s] Level 1:colcon.colcon_core.package_identification:_identify(sim/install) by extensions ['ignore', 'ignore_ament_install']
[0.706s] Level 1:colcon.colcon_core.package_identification:_identify(sim/install) by extension 'ignore'
[0.706s] Level 1:colcon.colcon_core.package_identification:_identify(sim/install) ignored
[0.706s] Level 1:colcon.colcon_core.package_identification:_identify(sim/log) by extensions ['ignore', 'ignore_ament_install']
[0.706s] Level 1:colcon.colcon_core.package_identification:_identify(sim/log) by extension 'ignore'
[0.706s] Level 1:colcon.colcon_core.package_identification:_identify(sim/log) ignored
[0.706s] Level 1:colcon.colcon_core.package_identification:_identify(sim/robot_relate) by extensions ['ignore', 'ignore_ament_install']
[0.706s] Level 1:colcon.colcon_core.package_identification:_identify(sim/robot_relate) by extension 'ignore'
[0.706s] Level 1:colcon.colcon_core.package_identification:_identify(sim/robot_relate) by extension 'ignore_ament_install'
[0.706s] Level 1:colcon.colcon_core.package_identification:_identify(sim/robot_relate) by extensions ['colcon_pkg']
[0.706s] Level 1:colcon.colcon_core.package_identification:_identify(sim/robot_relate) by extension 'colcon_pkg'
[0.706s] Level 1:colcon.colcon_core.package_identification:_identify(sim/robot_relate) by extensions ['colcon_meta']
[0.706s] Level 1:colcon.colcon_core.package_identification:_identify(sim/robot_relate) by extension 'colcon_meta'
[0.706s] Level 1:colcon.colcon_core.package_identification:_identify(sim/robot_relate) by extensions ['ros']
[0.706s] Level 1:colcon.colcon_core.package_identification:_identify(sim/robot_relate) by extension 'ros'
[0.707s] DEBUG:colcon.colcon_core.package_identification:Package 'sim/robot_relate' with type 'ros.ament_cmake' and name 'robot_relate'
[0.707s] Level 1:colcon.colcon_core.package_identification:_identify(sim/robot_relate_python) by extensions ['ignore', 'ignore_ament_install']
[0.707s] Level 1:colcon.colcon_core.package_identification:_identify(sim/robot_relate_python) by extension 'ignore'
[0.707s] Level 1:colcon.colcon_core.package_identification:_identify(sim/robot_relate_python) by extension 'ignore_ament_install'
[0.707s] Level 1:colcon.colcon_core.package_identification:_identify(sim/robot_relate_python) by extensions ['colcon_pkg']
[0.707s] Level 1:colcon.colcon_core.package_identification:_identify(sim/robot_relate_python) by extension 'colcon_pkg'
[0.707s] Level 1:colcon.colcon_core.package_identification:_identify(sim/robot_relate_python) by extensions ['colcon_meta']
[0.707s] Level 1:colcon.colcon_core.package_identification:_identify(sim/robot_relate_python) by extension 'colcon_meta'
[0.707s] Level 1:colcon.colcon_core.package_identification:_identify(sim/robot_relate_python) by extensions ['ros']
[0.707s] Level 1:colcon.colcon_core.package_identification:_identify(sim/robot_relate_python) by extension 'ros'
[0.708s] DEBUG:colcon.colcon_core.package_identification:Package 'sim/robot_relate_python' with type 'ros.ament_python' and name 'robot_relate_python'
[0.708s] Level 1:colcon.colcon_core.package_identification:_identify(sim/sim_amcl_bringup) by extensions ['ignore', 'ignore_ament_install']
[0.708s] Level 1:colcon.colcon_core.package_identification:_identify(sim/sim_amcl_bringup) by extension 'ignore'
[0.708s] Level 1:colcon.colcon_core.package_identification:_identify(sim/sim_amcl_bringup) by extension 'ignore_ament_install'
[0.708s] Level 1:colcon.colcon_core.package_identification:_identify(sim/sim_amcl_bringup) by extensions ['colcon_pkg']
[0.708s] Level 1:colcon.colcon_core.package_identification:_identify(sim/sim_amcl_bringup) by extension 'colcon_pkg'
[0.708s] Level 1:colcon.colcon_core.package_identification:_identify(sim/sim_amcl_bringup) by extensions ['colcon_meta']
[0.708s] Level 1:colcon.colcon_core.package_identification:_identify(sim/sim_amcl_bringup) by extension 'colcon_meta'
[0.708s] Level 1:colcon.colcon_core.package_identification:_identify(sim/sim_amcl_bringup) by extensions ['ros']
[0.708s] Level 1:colcon.colcon_core.package_identification:_identify(sim/sim_amcl_bringup) by extension 'ros'
[0.708s] DEBUG:colcon.colcon_core.package_identification:Package 'sim/sim_amcl_bringup' with type 'ros.ament_cmake' and name 'sim_amcl_bringup'
[0.708s] Level 1:colcon.colcon_core.package_identification:_identify(vizanti_server) by extensions ['ignore', 'ignore_ament_install']
[0.709s] Level 1:colcon.colcon_core.package_identification:_identify(vizanti_server) by extension 'ignore'
[0.709s] Level 1:colcon.colcon_core.package_identification:_identify(vizanti_server) by extension 'ignore_ament_install'
[0.709s] Level 1:colcon.colcon_core.package_identification:_identify(vizanti_server) by extensions ['colcon_pkg']
[0.709s] Level 1:colcon.colcon_core.package_identification:_identify(vizanti_server) by extension 'colcon_pkg'
[0.709s] Level 1:colcon.colcon_core.package_identification:_identify(vizanti_server) by extensions ['colcon_meta']
[0.709s] Level 1:colcon.colcon_core.package_identification:_identify(vizanti_server) by extension 'colcon_meta'
[0.709s] Level 1:colcon.colcon_core.package_identification:_identify(vizanti_server) by extensions ['ros']
[0.709s] Level 1:colcon.colcon_core.package_identification:_identify(vizanti_server) by extension 'ros'
[0.709s] Level 1:colcon.colcon_core.package_identification:_identify(vizanti_server) by extensions ['cmake', 'python']
[0.709s] Level 1:colcon.colcon_core.package_identification:_identify(vizanti_server) by extension 'cmake'
[0.709s] Level 1:colcon.colcon_core.package_identification:_identify(vizanti_server) by extension 'python'
[0.709s] Level 1:colcon.colcon_core.package_identification:_identify(vizanti_server) by extensions ['python_setup_py']
[0.709s] Level 1:colcon.colcon_core.package_identification:_identify(vizanti_server) by extension 'python_setup_py'
[0.709s] Level 1:colcon.colcon_core.package_identification:_identify(vizanti_server/cicd) by extensions ['ignore', 'ignore_ament_install']
[0.709s] Level 1:colcon.colcon_core.package_identification:_identify(vizanti_server/cicd) by extension 'ignore'
[0.709s] Level 1:colcon.colcon_core.package_identification:_identify(vizanti_server/cicd) by extension 'ignore_ament_install'
[0.709s] Level 1:colcon.colcon_core.package_identification:_identify(vizanti_server/cicd) by extensions ['colcon_pkg']
[0.709s] Level 1:colcon.colcon_core.package_identification:_identify(vizanti_server/cicd) by extension 'colcon_pkg'
[0.709s] Level 1:colcon.colcon_core.package_identification:_identify(vizanti_server/cicd) by extensions ['colcon_meta']
[0.709s] Level 1:colcon.colcon_core.package_identification:_identify(vizanti_server/cicd) by extension 'colcon_meta'
[0.709s] Level 1:colcon.colcon_core.package_identification:_identify(vizanti_server/cicd) by extensions ['ros']
[0.709s] Level 1:colcon.colcon_core.package_identification:_identify(vizanti_server/cicd) by extension 'ros'
[0.709s] Level 1:colcon.colcon_core.package_identification:_identify(vizanti_server/cicd) by extensions ['cmake', 'python']
[0.709s] Level 1:colcon.colcon_core.package_identification:_identify(vizanti_server/cicd) by extension 'cmake'
[0.709s] Level 1:colcon.colcon_core.package_identification:_identify(vizanti_server/cicd) by extension 'python'
[0.709s] Level 1:colcon.colcon_core.package_identification:_identify(vizanti_server/cicd) by extensions ['python_setup_py']
[0.709s] Level 1:colcon.colcon_core.package_identification:_identify(vizanti_server/cicd) by extension 'python_setup_py'
[0.709s] Level 1:colcon.colcon_core.package_identification:_identify(vizanti_server/cicd/devops) by extensions ['ignore', 'ignore_ament_install']
[0.710s] Level 1:colcon.colcon_core.package_identification:_identify(vizanti_server/cicd/devops) by extension 'ignore'
[0.710s] Level 1:colcon.colcon_core.package_identification:_identify(vizanti_server/cicd/devops) by extension 'ignore_ament_install'
[0.710s] Level 1:colcon.colcon_core.package_identification:_identify(vizanti_server/cicd/devops) by extensions ['colcon_pkg']
[0.710s] Level 1:colcon.colcon_core.package_identification:_identify(vizanti_server/cicd/devops) by extension 'colcon_pkg'
[0.710s] Level 1:colcon.colcon_core.package_identification:_identify(vizanti_server/cicd/devops) by extensions ['colcon_meta']
[0.710s] Level 1:colcon.colcon_core.package_identification:_identify(vizanti_server/cicd/devops) by extension 'colcon_meta'
[0.710s] Level 1:colcon.colcon_core.package_identification:_identify(vizanti_server/cicd/devops) by extensions ['ros']
[0.710s] Level 1:colcon.colcon_core.package_identification:_identify(vizanti_server/cicd/devops) by extension 'ros'
[0.710s] Level 1:colcon.colcon_core.package_identification:_identify(vizanti_server/cicd/devops) by extensions ['cmake', 'python']
[0.710s] Level 1:colcon.colcon_core.package_identification:_identify(vizanti_server/cicd/devops) by extension 'cmake'
[0.710s] Level 1:colcon.colcon_core.package_identification:_identify(vizanti_server/cicd/devops) by extension 'python'
[0.710s] Level 1:colcon.colcon_core.package_identification:_identify(vizanti_server/cicd/devops) by extensions ['python_setup_py']
[0.710s] Level 1:colcon.colcon_core.package_identification:_identify(vizanti_server/cicd/devops) by extension 'python_setup_py'
[0.710s] Level 1:colcon.colcon_core.package_identification:_identify(vizanti_server/cicd/devops/DEBIAN) by extensions ['ignore', 'ignore_ament_install']
[0.710s] Level 1:colcon.colcon_core.package_identification:_identify(vizanti_server/cicd/devops/DEBIAN) by extension 'ignore'
[0.710s] Level 1:colcon.colcon_core.package_identification:_identify(vizanti_server/cicd/devops/DEBIAN) by extension 'ignore_ament_install'
[0.710s] Level 1:colcon.colcon_core.package_identification:_identify(vizanti_server/cicd/devops/DEBIAN) by extensions ['colcon_pkg']
[0.710s] Level 1:colcon.colcon_core.package_identification:_identify(vizanti_server/cicd/devops/DEBIAN) by extension 'colcon_pkg'
[0.710s] Level 1:colcon.colcon_core.package_identification:_identify(vizanti_server/cicd/devops/DEBIAN) by extensions ['colcon_meta']
[0.710s] Level 1:colcon.colcon_core.package_identification:_identify(vizanti_server/cicd/devops/DEBIAN) by extension 'colcon_meta'
[0.710s] Level 1:colcon.colcon_core.package_identification:_identify(vizanti_server/cicd/devops/DEBIAN) by extensions ['ros']
[0.710s] Level 1:colcon.colcon_core.package_identification:_identify(vizanti_server/cicd/devops/DEBIAN) by extension 'ros'
[0.710s] Level 1:colcon.colcon_core.package_identification:_identify(vizanti_server/cicd/devops/DEBIAN) by extensions ['cmake', 'python']
[0.710s] Level 1:colcon.colcon_core.package_identification:_identify(vizanti_server/cicd/devops/DEBIAN) by extension 'cmake'
[0.710s] Level 1:colcon.colcon_core.package_identification:_identify(vizanti_server/cicd/devops/DEBIAN) by extension 'python'
[0.710s] Level 1:colcon.colcon_core.package_identification:_identify(vizanti_server/cicd/devops/DEBIAN) by extensions ['python_setup_py']
[0.710s] Level 1:colcon.colcon_core.package_identification:_identify(vizanti_server/cicd/devops/DEBIAN) by extension 'python_setup_py'
[0.711s] Level 1:colcon.colcon_core.package_identification:_identify(vizanti_server/src) by extensions ['ignore', 'ignore_ament_install']
[0.711s] Level 1:colcon.colcon_core.package_identification:_identify(vizanti_server/src) by extension 'ignore'
[0.711s] Level 1:colcon.colcon_core.package_identification:_identify(vizanti_server/src) by extension 'ignore_ament_install'
[0.711s] Level 1:colcon.colcon_core.package_identification:_identify(vizanti_server/src) by extensions ['colcon_pkg']
[0.711s] Level 1:colcon.colcon_core.package_identification:_identify(vizanti_server/src) by extension 'colcon_pkg'
[0.711s] Level 1:colcon.colcon_core.package_identification:_identify(vizanti_server/src) by extensions ['colcon_meta']
[0.711s] Level 1:colcon.colcon_core.package_identification:_identify(vizanti_server/src) by extension 'colcon_meta'
[0.711s] Level 1:colcon.colcon_core.package_identification:_identify(vizanti_server/src) by extensions ['ros']
[0.711s] Level 1:colcon.colcon_core.package_identification:_identify(vizanti_server/src) by extension 'ros'
[0.711s] Level 1:colcon.colcon_core.package_identification:_identify(vizanti_server/src) by extensions ['cmake', 'python']
[0.711s] Level 1:colcon.colcon_core.package_identification:_identify(vizanti_server/src) by extension 'cmake'
[0.711s] Level 1:colcon.colcon_core.package_identification:_identify(vizanti_server/src) by extension 'python'
[0.711s] Level 1:colcon.colcon_core.package_identification:_identify(vizanti_server/src) by extensions ['python_setup_py']
[0.711s] Level 1:colcon.colcon_core.package_identification:_identify(vizanti_server/src) by extension 'python_setup_py'
[0.711s] Level 1:colcon.colcon_core.package_identification:_identify(vizanti_server/src/rws) by extensions ['ignore', 'ignore_ament_install']
[0.711s] Level 1:colcon.colcon_core.package_identification:_identify(vizanti_server/src/rws) by extension 'ignore'
[0.711s] Level 1:colcon.colcon_core.package_identification:_identify(vizanti_server/src/rws) by extension 'ignore_ament_install'
[0.711s] Level 1:colcon.colcon_core.package_identification:_identify(vizanti_server/src/rws) by extensions ['colcon_pkg']
[0.711s] Level 1:colcon.colcon_core.package_identification:_identify(vizanti_server/src/rws) by extension 'colcon_pkg'
[0.711s] Level 1:colcon.colcon_core.package_identification:_identify(vizanti_server/src/rws) by extensions ['colcon_meta']
[0.711s] Level 1:colcon.colcon_core.package_identification:_identify(vizanti_server/src/rws) by extension 'colcon_meta'
[0.711s] Level 1:colcon.colcon_core.package_identification:_identify(vizanti_server/src/rws) by extensions ['ros']
[0.711s] Level 1:colcon.colcon_core.package_identification:_identify(vizanti_server/src/rws) by extension 'ros'
[0.712s] DEBUG:colcon.colcon_core.package_identification:Package 'vizanti_server/src/rws' with type 'ros.ament_cmake' and name 'rws'
[0.712s] Level 1:colcon.colcon_core.package_identification:_identify(vizanti_server/src/vizanti) by extensions ['ignore', 'ignore_ament_install']
[0.712s] Level 1:colcon.colcon_core.package_identification:_identify(vizanti_server/src/vizanti) by extension 'ignore'
[0.712s] Level 1:colcon.colcon_core.package_identification:_identify(vizanti_server/src/vizanti) by extension 'ignore_ament_install'
[0.712s] Level 1:colcon.colcon_core.package_identification:_identify(vizanti_server/src/vizanti) by extensions ['colcon_pkg']
[0.712s] Level 1:colcon.colcon_core.package_identification:_identify(vizanti_server/src/vizanti) by extension 'colcon_pkg'
[0.712s] Level 1:colcon.colcon_core.package_identification:_identify(vizanti_server/src/vizanti) by extensions ['colcon_meta']
[0.712s] Level 1:colcon.colcon_core.package_identification:_identify(vizanti_server/src/vizanti) by extension 'colcon_meta'
[0.712s] Level 1:colcon.colcon_core.package_identification:_identify(vizanti_server/src/vizanti) by extensions ['ros']
[0.712s] Level 1:colcon.colcon_core.package_identification:_identify(vizanti_server/src/vizanti) by extension 'ros'
[0.712s] Level 1:colcon.colcon_core.package_identification:_identify(vizanti_server/src/vizanti) by extensions ['cmake', 'python']
[0.712s] Level 1:colcon.colcon_core.package_identification:_identify(vizanti_server/src/vizanti) by extension 'cmake'
[0.712s] Level 1:colcon.colcon_core.package_identification:_identify(vizanti_server/src/vizanti) by extension 'python'
[0.712s] Level 1:colcon.colcon_core.package_identification:_identify(vizanti_server/src/vizanti) by extensions ['python_setup_py']
[0.712s] Level 1:colcon.colcon_core.package_identification:_identify(vizanti_server/src/vizanti) by extension 'python_setup_py'
[0.712s] Level 1:colcon.colcon_core.package_identification:_identify(vizanti_server/src/vizanti/docker) by extensions ['ignore', 'ignore_ament_install']
[0.712s] Level 1:colcon.colcon_core.package_identification:_identify(vizanti_server/src/vizanti/docker) by extension 'ignore'
[0.712s] Level 1:colcon.colcon_core.package_identification:_identify(vizanti_server/src/vizanti/docker) by extension 'ignore_ament_install'
[0.712s] Level 1:colcon.colcon_core.package_identification:_identify(vizanti_server/src/vizanti/docker) by extensions ['colcon_pkg']
[0.713s] Level 1:colcon.colcon_core.package_identification:_identify(vizanti_server/src/vizanti/docker) by extension 'colcon_pkg'
[0.713s] Level 1:colcon.colcon_core.package_identification:_identify(vizanti_server/src/vizanti/docker) by extensions ['colcon_meta']
[0.713s] Level 1:colcon.colcon_core.package_identification:_identify(vizanti_server/src/vizanti/docker) by extension 'colcon_meta'
[0.713s] Level 1:colcon.colcon_core.package_identification:_identify(vizanti_server/src/vizanti/docker) by extensions ['ros']
[0.713s] Level 1:colcon.colcon_core.package_identification:_identify(vizanti_server/src/vizanti/docker) by extension 'ros'
[0.713s] Level 1:colcon.colcon_core.package_identification:_identify(vizanti_server/src/vizanti/docker) by extensions ['cmake', 'python']
[0.713s] Level 1:colcon.colcon_core.package_identification:_identify(vizanti_server/src/vizanti/docker) by extension 'cmake'
[0.713s] Level 1:colcon.colcon_core.package_identification:_identify(vizanti_server/src/vizanti/docker) by extension 'python'
[0.713s] Level 1:colcon.colcon_core.package_identification:_identify(vizanti_server/src/vizanti/docker) by extensions ['python_setup_py']
[0.713s] Level 1:colcon.colcon_core.package_identification:_identify(vizanti_server/src/vizanti/docker) by extension 'python_setup_py'
[0.713s] Level 1:colcon.colcon_core.package_identification:_identify(vizanti_server/src/vizanti/vizanti) by extensions ['ignore', 'ignore_ament_install']
[0.713s] Level 1:colcon.colcon_core.package_identification:_identify(vizanti_server/src/vizanti/vizanti) by extension 'ignore'
[0.713s] Level 1:colcon.colcon_core.package_identification:_identify(vizanti_server/src/vizanti/vizanti) by extension 'ignore_ament_install'
[0.713s] Level 1:colcon.colcon_core.package_identification:_identify(vizanti_server/src/vizanti/vizanti) by extensions ['colcon_pkg']
[0.713s] Level 1:colcon.colcon_core.package_identification:_identify(vizanti_server/src/vizanti/vizanti) by extension 'colcon_pkg'
[0.713s] Level 1:colcon.colcon_core.package_identification:_identify(vizanti_server/src/vizanti/vizanti) by extensions ['colcon_meta']
[0.713s] Level 1:colcon.colcon_core.package_identification:_identify(vizanti_server/src/vizanti/vizanti) by extension 'colcon_meta'
[0.713s] Level 1:colcon.colcon_core.package_identification:_identify(vizanti_server/src/vizanti/vizanti) by extensions ['ros']
[0.713s] Level 1:colcon.colcon_core.package_identification:_identify(vizanti_server/src/vizanti/vizanti) by extension 'ros'
[0.714s] DEBUG:colcon.colcon_core.package_identification:Package 'vizanti_server/src/vizanti/vizanti' with type 'ros.ament_cmake' and name 'vizanti'
[0.714s] Level 1:colcon.colcon_core.package_identification:_identify(vizanti_server/src/vizanti/vizanti_cpp) by extensions ['ignore', 'ignore_ament_install']
[0.714s] Level 1:colcon.colcon_core.package_identification:_identify(vizanti_server/src/vizanti/vizanti_cpp) by extension 'ignore'
[0.714s] Level 1:colcon.colcon_core.package_identification:_identify(vizanti_server/src/vizanti/vizanti_cpp) by extension 'ignore_ament_install'
[0.714s] Level 1:colcon.colcon_core.package_identification:_identify(vizanti_server/src/vizanti/vizanti_cpp) by extensions ['colcon_pkg']
[0.714s] Level 1:colcon.colcon_core.package_identification:_identify(vizanti_server/src/vizanti/vizanti_cpp) by extension 'colcon_pkg'
[0.714s] Level 1:colcon.colcon_core.package_identification:_identify(vizanti_server/src/vizanti/vizanti_cpp) by extensions ['colcon_meta']
[0.714s] Level 1:colcon.colcon_core.package_identification:_identify(vizanti_server/src/vizanti/vizanti_cpp) by extension 'colcon_meta'
[0.714s] Level 1:colcon.colcon_core.package_identification:_identify(vizanti_server/src/vizanti/vizanti_cpp) by extensions ['ros']
[0.714s] Level 1:colcon.colcon_core.package_identification:_identify(vizanti_server/src/vizanti/vizanti_cpp) by extension 'ros'
[0.715s] DEBUG:colcon.colcon_core.package_identification:Package 'vizanti_server/src/vizanti/vizanti_cpp' with type 'ros.ament_cmake' and name 'vizanti_cpp'
[0.715s] Level 1:colcon.colcon_core.package_identification:_identify(vizanti_server/src/vizanti/vizanti_demos) by extensions ['ignore', 'ignore_ament_install']
[0.715s] Level 1:colcon.colcon_core.package_identification:_identify(vizanti_server/src/vizanti/vizanti_demos) by extension 'ignore'
[0.715s] Level 1:colcon.colcon_core.package_identification:_identify(vizanti_server/src/vizanti/vizanti_demos) by extension 'ignore_ament_install'
[0.715s] Level 1:colcon.colcon_core.package_identification:_identify(vizanti_server/src/vizanti/vizanti_demos) by extensions ['colcon_pkg']
[0.715s] Level 1:colcon.colcon_core.package_identification:_identify(vizanti_server/src/vizanti/vizanti_demos) by extension 'colcon_pkg'
[0.715s] Level 1:colcon.colcon_core.package_identification:_identify(vizanti_server/src/vizanti/vizanti_demos) by extensions ['colcon_meta']
[0.715s] Level 1:colcon.colcon_core.package_identification:_identify(vizanti_server/src/vizanti/vizanti_demos) by extension 'colcon_meta'
[0.715s] Level 1:colcon.colcon_core.package_identification:_identify(vizanti_server/src/vizanti/vizanti_demos) by extensions ['ros']
[0.715s] Level 1:colcon.colcon_core.package_identification:_identify(vizanti_server/src/vizanti/vizanti_demos) by extension 'ros'
[0.717s] DEBUG:colcon.colcon_core.package_identification:Package 'vizanti_server/src/vizanti/vizanti_demos' with type 'ros.ament_cmake' and name 'vizanti_demos'
[0.717s] Level 1:colcon.colcon_core.package_identification:_identify(vizanti_server/src/vizanti/vizanti_msgs) by extensions ['ignore', 'ignore_ament_install']
[0.717s] Level 1:colcon.colcon_core.package_identification:_identify(vizanti_server/src/vizanti/vizanti_msgs) by extension 'ignore'
[0.717s] Level 1:colcon.colcon_core.package_identification:_identify(vizanti_server/src/vizanti/vizanti_msgs) by extension 'ignore_ament_install'
[0.717s] Level 1:colcon.colcon_core.package_identification:_identify(vizanti_server/src/vizanti/vizanti_msgs) by extensions ['colcon_pkg']
[0.717s] Level 1:colcon.colcon_core.package_identification:_identify(vizanti_server/src/vizanti/vizanti_msgs) by extension 'colcon_pkg'
[0.717s] Level 1:colcon.colcon_core.package_identification:_identify(vizanti_server/src/vizanti/vizanti_msgs) by extensions ['colcon_meta']
[0.717s] Level 1:colcon.colcon_core.package_identification:_identify(vizanti_server/src/vizanti/vizanti_msgs) by extension 'colcon_meta'
[0.717s] Level 1:colcon.colcon_core.package_identification:_identify(vizanti_server/src/vizanti/vizanti_msgs) by extensions ['ros']
[0.717s] Level 1:colcon.colcon_core.package_identification:_identify(vizanti_server/src/vizanti/vizanti_msgs) by extension 'ros'
[0.718s] DEBUG:colcon.colcon_core.package_identification:Package 'vizanti_server/src/vizanti/vizanti_msgs' with type 'ros.ament_cmake' and name 'vizanti_msgs'
[0.718s] Level 1:colcon.colcon_core.package_identification:_identify(vizanti_server/src/vizanti/vizanti_server) by extensions ['ignore', 'ignore_ament_install']
[0.718s] Level 1:colcon.colcon_core.package_identification:_identify(vizanti_server/src/vizanti/vizanti_server) by extension 'ignore'
[0.718s] Level 1:colcon.colcon_core.package_identification:_identify(vizanti_server/src/vizanti/vizanti_server) by extension 'ignore_ament_install'
[0.718s] Level 1:colcon.colcon_core.package_identification:_identify(vizanti_server/src/vizanti/vizanti_server) by extensions ['colcon_pkg']
[0.718s] Level 1:colcon.colcon_core.package_identification:_identify(vizanti_server/src/vizanti/vizanti_server) by extension 'colcon_pkg'
[0.718s] Level 1:colcon.colcon_core.package_identification:_identify(vizanti_server/src/vizanti/vizanti_server) by extensions ['colcon_meta']
[0.718s] Level 1:colcon.colcon_core.package_identification:_identify(vizanti_server/src/vizanti/vizanti_server) by extension 'colcon_meta'
[0.718s] Level 1:colcon.colcon_core.package_identification:_identify(vizanti_server/src/vizanti/vizanti_server) by extensions ['ros']
[0.718s] Level 1:colcon.colcon_core.package_identification:_identify(vizanti_server/src/vizanti/vizanti_server) by extension 'ros'
[0.719s] DEBUG:colcon.colcon_core.package_identification:Package 'vizanti_server/src/vizanti/vizanti_server' with type 'ros.ament_cmake' and name 'vizanti_server'
[0.719s] Level 1:colcon.colcon_core.package_discovery:discover_packages(recursive) using defaults
[0.719s] Level 1:colcon.colcon_core.package_discovery:discover_packages(ignore) discover
[0.719s] Level 1:colcon.colcon_core.package_discovery:discover_packages(ignore) using defaults
[0.719s] Level 1:colcon.colcon_core.package_discovery:discover_packages(path) discover
[0.719s] Level 1:colcon.colcon_core.package_discovery:discover_packages(path) using defaults
[0.763s] INFO:colcon.colcon_core.package_selection:Skipping not selected package 'defender_3a' in 'sim/defender_3a'
[0.763s] INFO:colcon.colcon_core.package_selection:Skipping not selected package 'gac_nav2_voxel_grid' in 'nav_ws_gazebo/src/gac_navigation2/gac_nav2_voxel_grid'
[0.763s] INFO:colcon.colcon_core.package_selection:Skipping not selected package 'gac_robot_msgs' in 'nav_ws_gazebo/src/gac_robot_msgs'
[0.763s] INFO:colcon.colcon_core.package_selection:Skipping not selected package 'gac_robot_task' in 'nav_ws_gazebo/src/gac_robot_task'
[0.763s] INFO:colcon.colcon_core.package_selection:Skipping not selected package 'laser_odom_transformer' in 'nav_ws_gazebo/src/laser_odom_transformer'
[0.763s] INFO:colcon.colcon_core.package_selection:Skipping not selected package 'nav2_util' in 'nav_ws_gazebo/src/gac_navigation2/nav2_util'
[0.763s] INFO:colcon.colcon_core.package_selection:Skipping not selected package 'nav_2d_msgs' in 'nav_ws_gazebo/src/gac_navigation2/nav2_dwb_controller/nav_2d_msgs'
[0.763s] INFO:colcon.colcon_core.package_selection:Skipping not selected package 'record_path' in 'nav_ws_gazebo/src/record_path'
[0.763s] INFO:colcon.colcon_core.package_selection:Skipping not selected package 'robot_relate' in 'sim/robot_relate'
[0.763s] INFO:colcon.colcon_core.package_selection:Skipping not selected package 'robot_relate_python' in 'sim/robot_relate_python'
[0.763s] INFO:colcon.colcon_core.package_selection:Skipping not selected package 'rws' in 'vizanti_server/src/rws'
[0.763s] INFO:colcon.colcon_core.package_selection:Skipping not selected package 'vizanti_cpp' in 'vizanti_server/src/vizanti/vizanti_cpp'
[0.763s] INFO:colcon.colcon_core.package_selection:Skipping not selected package 'vizanti_msgs' in 'vizanti_server/src/vizanti/vizanti_msgs'
[0.763s] INFO:colcon.colcon_core.package_selection:Skipping not selected package 'dwb_msgs' in 'nav_ws_gazebo/src/gac_navigation2/nav2_dwb_controller/dwb_msgs'
[0.763s] INFO:colcon.colcon_core.package_selection:Skipping not selected package 'gac_nav2_behavior_tree' in 'nav_ws_gazebo/src/gac_navigation2/gac_nav2_behavior_tree'
[0.763s] INFO:colcon.colcon_core.package_selection:Skipping not selected package 'gac_nav2_velocity_smoother' in 'nav_ws_gazebo/src/gac_navigation2/gac_nav2_velocity_smoother'
[0.763s] INFO:colcon.colcon_core.package_selection:Skipping not selected package 'gac_robot_task_py' in 'nav_ws_gazebo/src/gac_robot_task_py'
[0.763s] INFO:colcon.colcon_core.package_selection:Skipping not selected package 'nav2_lifecycle_manager' in 'nav_ws_gazebo/src/gac_navigation2/nav2_lifecycle_manager'
[0.763s] INFO:colcon.colcon_core.package_selection:Skipping not selected package 'nav2_map_server' in 'nav_ws_gazebo/src/gac_navigation2/nav2_map_server'
[0.763s] INFO:colcon.colcon_core.package_selection:Skipping not selected package 'nav_2d_utils' in 'nav_ws_gazebo/src/gac_navigation2/nav2_dwb_controller/nav_2d_utils'
[0.763s] INFO:colcon.colcon_core.package_selection:Skipping not selected package 'road_network_collection_py' in 'nav_ws_gazebo/src/road_network_collection_py'
[0.763s] INFO:colcon.colcon_core.package_selection:Skipping not selected package 'robot_navigation' in 'nav_ws_gazebo/src/robot_navigation'
[0.763s] INFO:colcon.colcon_core.package_selection:Skipping not selected package 'vizanti_demos' in 'vizanti_server/src/vizanti/vizanti_demos'
[0.763s] INFO:colcon.colcon_core.package_selection:Skipping not selected package 'vizanti_server' in 'vizanti_server/src/vizanti/vizanti_server'
[0.763s] INFO:colcon.colcon_core.package_selection:Skipping not selected package 'gac_nav2_bringup' in 'nav_ws_gazebo/src/gac_navigation2/gac_nav2_bringup'
[0.763s] INFO:colcon.colcon_core.package_selection:Skipping not selected package 'gac_nav2_costmap_2d' in 'nav_ws_gazebo/src/gac_navigation2/gac_nav2_costmap_2d'
[0.764s] INFO:colcon.colcon_core.package_selection:Skipping not selected package 'nav2_keepout_pkg' in 'nav_ws_gazebo/src/gac_nav2_keepout_pkg'
[0.764s] INFO:colcon.colcon_core.package_selection:Skipping not selected package 'sim_amcl_bringup' in 'sim/sim_amcl_bringup'
[0.764s] INFO:colcon.colcon_core.package_selection:Skipping not selected package 'vizanti' in 'vizanti_server/src/vizanti/vizanti'
[0.764s] INFO:colcon.colcon_core.package_selection:Skipping not selected package 'costmap_queue' in 'nav_ws_gazebo/src/gac_navigation2/nav2_dwb_controller/costmap_queue'
[0.764s] INFO:colcon.colcon_core.package_selection:Skipping not selected package 'gac_nav2_collision_monitor' in 'nav_ws_gazebo/src/gac_navigation2/gac_nav2_collision_monitor'
[0.764s] INFO:colcon.colcon_core.package_selection:Skipping not selected package 'gac_nav2_core' in 'nav_ws_gazebo/src/gac_navigation2/gac_nav2_core'
[0.764s] INFO:colcon.colcon_core.package_selection:Skipping not selected package 'dwb_core' in 'nav_ws_gazebo/src/gac_navigation2/nav2_dwb_controller/dwb_core'
[0.764s] INFO:colcon.colcon_core.package_selection:Skipping not selected package 'gac_nav2_behaviors' in 'nav_ws_gazebo/src/gac_navigation2/gac_nav2_behaviors'
[0.764s] INFO:colcon.colcon_core.package_selection:Skipping not selected package 'gac_nav2_bt_navigator' in 'nav_ws_gazebo/src/gac_navigation2/gac_nav2_bt_navigator'
[0.764s] INFO:colcon.colcon_core.package_selection:Skipping not selected package 'gac_nav2_controller' in 'nav_ws_gazebo/src/gac_navigation2/gac_nav2_controller'
[0.764s] INFO:colcon.colcon_core.package_selection:Skipping not selected package 'gac_nav2_planner' in 'nav_ws_gazebo/src/gac_navigation2/gac_nav2_planner'
[0.764s] INFO:colcon.colcon_core.package_selection:Skipping not selected package 'gac_nav2_smoother' in 'nav_ws_gazebo/src/gac_navigation2/gac_nav2_smoother'
[0.764s] INFO:colcon.colcon_core.package_selection:Skipping not selected package 'gac_nav2_waypoint_follower' in 'nav_ws_gazebo/src/gac_navigation2/gac_nav2_waypoint_follower'
[0.764s] INFO:colcon.colcon_core.package_selection:Skipping not selected package 'nav2_fixed_path_route' in 'nav_ws_gazebo/src/gac_navigation2/nav2_fixed_path_route'
[0.764s] INFO:colcon.colcon_core.package_selection:Skipping not selected package 'nav2_mppi_controller' in 'nav_ws_gazebo/src/gac_navigation2/nav2_mppi_controller'
[0.764s] INFO:colcon.colcon_core.package_selection:Skipping not selected package 'nav2_navfn_planner' in 'nav_ws_gazebo/src/gac_navigation2/nav2_navfn_planner'
[0.764s] INFO:colcon.colcon_core.package_selection:Skipping not selected package 'nav2_rotation_shim_controller' in 'nav_ws_gazebo/src/gac_navigation2/nav2_rotation_shim_controller'
[0.764s] INFO:colcon.colcon_core.package_selection:Skipping not selected package 'nav2_smac_planner' in 'nav_ws_gazebo/src/gac_navigation2/nav2_smac_planner'
[0.764s] INFO:colcon.colcon_core.package_selection:Skipping not selected package 'nav2_theta_star_planner' in 'nav_ws_gazebo/src/gac_navigation2/nav2_theta_star_planner'
[0.764s] INFO:colcon.colcon_core.package_selection:Skipping not selected package 'dwb_critics' in 'nav_ws_gazebo/src/gac_navigation2/nav2_dwb_controller/dwb_critics'
[0.764s] INFO:colcon.colcon_core.package_selection:Skipping not selected package 'dwb_plugins' in 'nav_ws_gazebo/src/gac_navigation2/nav2_dwb_controller/dwb_plugins'
[0.764s] INFO:colcon.colcon_core.package_selection:Skipping not selected package 'gac_navigation2' in 'nav_ws_gazebo/src/gac_navigation2/gac_navigation2'
[0.764s] INFO:colcon.colcon_core.package_selection:Skipping not selected package 'nav2_graceful_controller' in 'nav_ws_gazebo/src/gac_navigation2/nav2_graceful_controller'
[0.764s] INFO:colcon.colcon_core.package_selection:Skipping not selected package 'nav2_regulated_pure_pursuit_controller' in 'nav_ws_gazebo/src/gac_navigation2/nav2_regulated_pure_pursuit_controller'
[0.764s] INFO:colcon.colcon_core.package_selection:Skipping not selected package 'nav2_dwb_controller' in 'nav_ws_gazebo/src/gac_navigation2/nav2_dwb_controller/nav2_dwb_controller'
[0.765s] Level 1:colcon.colcon_core.package_discovery:discover_packages(prefix_path) check parameters
[0.765s] Level 1:colcon.colcon_core.package_discovery:discover_packages(prefix_path) discover
[0.771s] DEBUG:colcon.colcon_installed_package_information.package_discovery:Found 40 installed packages in /home/zr/code/test/nav2_ws/install
[0.773s] DEBUG:colcon.colcon_installed_package_information.package_discovery:Found 448 installed packages in /opt/ros/humble
[0.776s] Level 1:colcon.colcon_core.package_discovery:discover_packages(prefix_path) using defaults
[0.859s] Level 5:colcon.colcon_core.verb:set package 'mqtt_nav_control_cpp' build argument 'cmake_args' from command line to 'None'
[0.859s] Level 5:colcon.colcon_core.verb:set package 'mqtt_nav_control_cpp' build argument 'cmake_target' from command line to 'None'
[0.859s] Level 5:colcon.colcon_core.verb:set package 'mqtt_nav_control_cpp' build argument 'cmake_target_skip_unavailable' from command line to 'False'
[0.859s] Level 5:colcon.colcon_core.verb:set package 'mqtt_nav_control_cpp' build argument 'cmake_clean_cache' from command line to 'False'
[0.859s] Level 5:colcon.colcon_core.verb:set package 'mqtt_nav_control_cpp' build argument 'cmake_clean_first' from command line to 'False'
[0.859s] Level 5:colcon.colcon_core.verb:set package 'mqtt_nav_control_cpp' build argument 'cmake_force_configure' from command line to 'False'
[0.859s] Level 5:colcon.colcon_core.verb:set package 'mqtt_nav_control_cpp' build argument 'ament_cmake_args' from command line to 'None'
[0.859s] Level 5:colcon.colcon_core.verb:set package 'mqtt_nav_control_cpp' build argument 'catkin_cmake_args' from command line to 'None'
[0.859s] Level 5:colcon.colcon_core.verb:set package 'mqtt_nav_control_cpp' build argument 'catkin_skip_building_tests' from command line to 'False'
[0.859s] DEBUG:colcon.colcon_core.verb:Building package 'mqtt_nav_control_cpp' with the following arguments: {'ament_cmake_args': None, 'build_base': '/home/zr/code/src/build/mqtt_nav_control_cpp', 'catkin_cmake_args': None, 'catkin_skip_building_tests': False, 'cmake_args': None, 'cmake_clean_cache': False, 'cmake_clean_first': False, 'cmake_force_configure': False, 'cmake_target': None, 'cmake_target_skip_unavailable': False, 'install_base': '/home/zr/code/src/install/mqtt_nav_control_cpp', 'merge_install': False, 'path': '/home/zr/code/src/nav_ws_gazebo/src/mqtt_nav_control_cpp', 'symlink_install': True, 'test_result_base': None}
[0.859s] INFO:colcon.colcon_core.executor:Executing jobs using 'parallel' executor
[0.861s] DEBUG:colcon.colcon_parallel_executor.executor.parallel:run_until_complete
[0.861s] INFO:colcon.colcon_ros.task.ament_cmake.build:Building ROS package in '/home/zr/code/src/nav_ws_gazebo/src/mqtt_nav_control_cpp' with build type 'ament_cmake'
[0.861s] INFO:colcon.colcon_cmake.task.cmake.build:Building CMake package in '/home/zr/code/src/nav_ws_gazebo/src/mqtt_nav_control_cpp'
[0.864s] INFO:colcon.colcon_core.plugin_system:Skipping extension 'colcon_core.shell.bat': Not used on non-Windows systems
[0.864s] INFO:colcon.colcon_core.shell:Skip shell extension 'powershell' for command environment: Not usable outside of PowerShell
[0.864s] DEBUG:colcon.colcon_core.shell:Skip shell extension 'dsv' for command environment
[0.879s] DEBUG:colcon.colcon_core.event_handler.log_command:Invoking command in '/home/zr/code/src/build/mqtt_nav_control_cpp': CMAKE_PREFIX_PATH=${CMAKE_PREFIX_PATH}:/home/zr/code/test/nav2_ws/install/nav2_simple_commander:/opt/ros/humble /usr/bin/cmake /home/zr/code/src/nav_ws_gazebo/src/mqtt_nav_control_cpp -DAMENT_CMAKE_SYMLINK_INSTALL=1 -DCMAKE_INSTALL_PREFIX=/home/zr/code/src/install/mqtt_nav_control_cpp
[3.131s] DEBUG:colcon.colcon_core.event_handler.log_command:Invoked command in '/home/zr/code/src/build/mqtt_nav_control_cpp' returned '0': CMAKE_PREFIX_PATH=${CMAKE_PREFIX_PATH}:/home/zr/code/test/nav2_ws/install/nav2_simple_commander:/opt/ros/humble /usr/bin/cmake /home/zr/code/src/nav_ws_gazebo/src/mqtt_nav_control_cpp -DAMENT_CMAKE_SYMLINK_INSTALL=1 -DCMAKE_INSTALL_PREFIX=/home/zr/code/src/install/mqtt_nav_control_cpp
[3.133s] DEBUG:colcon.colcon_core.event_handler.log_command:Invoking command in '/home/zr/code/src/build/mqtt_nav_control_cpp': CMAKE_PREFIX_PATH=${CMAKE_PREFIX_PATH}:/home/zr/code/test/nav2_ws/install/nav2_simple_commander:/opt/ros/humble /usr/bin/cmake --build /home/zr/code/src/build/mqtt_nav_control_cpp -- -j16 -l16
[16.870s] DEBUG:colcon.colcon_core.event_handler.log_command:Invoked command in '/home/zr/code/src/build/mqtt_nav_control_cpp' returned '0': CMAKE_PREFIX_PATH=${CMAKE_PREFIX_PATH}:/home/zr/code/test/nav2_ws/install/nav2_simple_commander:/opt/ros/humble /usr/bin/cmake --build /home/zr/code/src/build/mqtt_nav_control_cpp -- -j16 -l16
[16.887s] DEBUG:colcon.colcon_core.event_handler.log_command:Invoking command in '/home/zr/code/src/build/mqtt_nav_control_cpp': CMAKE_PREFIX_PATH=${CMAKE_PREFIX_PATH}:/home/zr/code/test/nav2_ws/install/nav2_simple_commander:/opt/ros/humble /usr/bin/cmake --install /home/zr/code/src/build/mqtt_nav_control_cpp
[17.160s] Level 1:colcon.colcon_core.environment:create_environment_scripts_only(mqtt_nav_control_cpp)
[17.160s] DEBUG:colcon.colcon_core.event_handler.log_command:Invoked command in '/home/zr/code/src/build/mqtt_nav_control_cpp' returned '0': CMAKE_PREFIX_PATH=${CMAKE_PREFIX_PATH}:/home/zr/code/test/nav2_ws/install/nav2_simple_commander:/opt/ros/humble /usr/bin/cmake --install /home/zr/code/src/build/mqtt_nav_control_cpp
[17.198s] Level 1:colcon.colcon_core.environment:checking '/home/zr/code/src/install/mqtt_nav_control_cpp' for CMake module files
[17.198s] Level 1:colcon.colcon_core.environment:checking '/home/zr/code/src/install/mqtt_nav_control_cpp' for CMake config files
[17.199s] Level 1:colcon.colcon_core.shell:create_environment_hook('mqtt_nav_control_cpp', 'cmake_prefix_path')
[17.199s] INFO:colcon.colcon_core.shell:Creating environment hook '/home/zr/code/src/install/mqtt_nav_control_cpp/share/mqtt_nav_control_cpp/hook/cmake_prefix_path.ps1'
[17.200s] INFO:colcon.colcon_core.shell:Creating environment descriptor '/home/zr/code/src/install/mqtt_nav_control_cpp/share/mqtt_nav_control_cpp/hook/cmake_prefix_path.dsv'
[17.200s] INFO:colcon.colcon_core.shell:Creating environment hook '/home/zr/code/src/install/mqtt_nav_control_cpp/share/mqtt_nav_control_cpp/hook/cmake_prefix_path.sh'
[17.201s] Level 1:colcon.colcon_core.environment:checking '/home/zr/code/src/install/mqtt_nav_control_cpp/lib'
[17.202s] Level 1:colcon.colcon_core.environment:checking '/home/zr/code/src/install/mqtt_nav_control_cpp/bin'
[17.202s] Level 1:colcon.colcon_core.environment:checking '/home/zr/code/src/install/mqtt_nav_control_cpp/lib/pkgconfig/mqtt_nav_control_cpp.pc'
[17.202s] Level 1:colcon.colcon_core.environment:checking '/home/zr/code/src/install/mqtt_nav_control_cpp/lib/python3.10/site-packages'
[17.202s] Level 1:colcon.colcon_core.environment:checking '/home/zr/code/src/install/mqtt_nav_control_cpp/bin'
[17.203s] INFO:colcon.colcon_core.shell:Creating package script '/home/zr/code/src/install/mqtt_nav_control_cpp/share/mqtt_nav_control_cpp/package.ps1'
[17.204s] INFO:colcon.colcon_core.shell:Creating package descriptor '/home/zr/code/src/install/mqtt_nav_control_cpp/share/mqtt_nav_control_cpp/package.dsv'
[17.205s] INFO:colcon.colcon_core.shell:Creating package script '/home/zr/code/src/install/mqtt_nav_control_cpp/share/mqtt_nav_control_cpp/package.sh'
[17.205s] INFO:colcon.colcon_core.shell:Creating package script '/home/zr/code/src/install/mqtt_nav_control_cpp/share/mqtt_nav_control_cpp/package.bash'
[17.206s] INFO:colcon.colcon_core.shell:Creating package script '/home/zr/code/src/install/mqtt_nav_control_cpp/share/mqtt_nav_control_cpp/package.zsh'
[17.207s] Level 1:colcon.colcon_core.environment:create_file_with_runtime_dependencies(/home/zr/code/src/install/mqtt_nav_control_cpp/share/colcon-core/packages/mqtt_nav_control_cpp)
[17.208s] Level 1:colcon.colcon_core.environment:create_environment_scripts_only(mqtt_nav_control_cpp)
[17.208s] Level 1:colcon.colcon_core.environment:checking '/home/zr/code/src/install/mqtt_nav_control_cpp' for CMake module files
[17.208s] Level 1:colcon.colcon_core.environment:checking '/home/zr/code/src/install/mqtt_nav_control_cpp' for CMake config files
[17.208s] Level 1:colcon.colcon_core.shell:create_environment_hook('mqtt_nav_control_cpp', 'cmake_prefix_path')
[17.208s] INFO:colcon.colcon_core.shell:Creating environment hook '/home/zr/code/src/install/mqtt_nav_control_cpp/share/mqtt_nav_control_cpp/hook/cmake_prefix_path.ps1'
[17.209s] INFO:colcon.colcon_core.shell:Creating environment descriptor '/home/zr/code/src/install/mqtt_nav_control_cpp/share/mqtt_nav_control_cpp/hook/cmake_prefix_path.dsv'
[17.209s] INFO:colcon.colcon_core.shell:Creating environment hook '/home/zr/code/src/install/mqtt_nav_control_cpp/share/mqtt_nav_control_cpp/hook/cmake_prefix_path.sh'
[17.209s] Level 1:colcon.colcon_core.environment:checking '/home/zr/code/src/install/mqtt_nav_control_cpp/lib'
[17.209s] Level 1:colcon.colcon_core.environment:checking '/home/zr/code/src/install/mqtt_nav_control_cpp/bin'
[17.210s] Level 1:colcon.colcon_core.environment:checking '/home/zr/code/src/install/mqtt_nav_control_cpp/lib/pkgconfig/mqtt_nav_control_cpp.pc'
[17.210s] Level 1:colcon.colcon_core.environment:checking '/home/zr/code/src/install/mqtt_nav_control_cpp/lib/python3.10/site-packages'
[17.210s] Level 1:colcon.colcon_core.environment:checking '/home/zr/code/src/install/mqtt_nav_control_cpp/bin'
[17.210s] INFO:colcon.colcon_core.shell:Creating package script '/home/zr/code/src/install/mqtt_nav_control_cpp/share/mqtt_nav_control_cpp/package.ps1'
[17.211s] INFO:colcon.colcon_core.shell:Creating package descriptor '/home/zr/code/src/install/mqtt_nav_control_cpp/share/mqtt_nav_control_cpp/package.dsv'
[17.211s] INFO:colcon.colcon_core.shell:Creating package script '/home/zr/code/src/install/mqtt_nav_control_cpp/share/mqtt_nav_control_cpp/package.sh'
[17.211s] INFO:colcon.colcon_core.shell:Creating package script '/home/zr/code/src/install/mqtt_nav_control_cpp/share/mqtt_nav_control_cpp/package.bash'
[17.211s] INFO:colcon.colcon_core.shell:Creating package script '/home/zr/code/src/install/mqtt_nav_control_cpp/share/mqtt_nav_control_cpp/package.zsh'
[17.212s] Level 1:colcon.colcon_core.environment:create_file_with_runtime_dependencies(/home/zr/code/src/install/mqtt_nav_control_cpp/share/colcon-core/packages/mqtt_nav_control_cpp)
[17.212s] DEBUG:colcon.colcon_parallel_executor.executor.parallel:closing loop
[17.212s] DEBUG:colcon.colcon_parallel_executor.executor.parallel:loop closed
[17.212s] DEBUG:colcon.colcon_parallel_executor.executor.parallel:run_until_complete finished with '0'
[17.212s] DEBUG:colcon.colcon_core.event_reactor:joining thread
[17.224s] INFO:colcon.colcon_core.plugin_system:Skipping extension 'colcon_notification.desktop_notification.terminal_notifier': Not used on non-Darwin systems
[17.224s] INFO:colcon.colcon_core.plugin_system:Skipping extension 'colcon_notification.desktop_notification.win32': Not used on non-Windows systems
[17.224s] INFO:colcon.colcon_notification.desktop_notification:Sending desktop notification using 'notify2'
[17.237s] DEBUG:colcon.colcon_core.event_reactor:joined thread
[17.237s] INFO:colcon.colcon_core.shell:Creating prefix script '/home/zr/code/src/install/local_setup.ps1'
[17.238s] INFO:colcon.colcon_core.shell:Creating prefix util module '/home/zr/code/src/install/_local_setup_util_ps1.py'
[17.240s] INFO:colcon.colcon_core.shell:Creating prefix chain script '/home/zr/code/src/install/setup.ps1'
[17.243s] INFO:colcon.colcon_core.shell:Creating prefix script '/home/zr/code/src/install/local_setup.sh'
[17.244s] INFO:colcon.colcon_core.shell:Creating prefix util module '/home/zr/code/src/install/_local_setup_util_sh.py'
[17.244s] INFO:colcon.colcon_core.shell:Creating prefix chain script '/home/zr/code/src/install/setup.sh'
[17.247s] INFO:colcon.colcon_core.shell:Creating prefix script '/home/zr/code/src/install/local_setup.bash'
[17.248s] INFO:colcon.colcon_core.shell:Creating prefix chain script '/home/zr/code/src/install/setup.bash'
[17.250s] INFO:colcon.colcon_core.shell:Creating prefix script '/home/zr/code/src/install/local_setup.zsh'
[17.252s] INFO:colcon.colcon_core.shell:Creating prefix chain script '/home/zr/code/src/install/setup.zsh'
